t_ms,wall_ms,pos,target,vel,vel_set,acc,acc_set,pwm,mode,fault,kf_theta,kf_omega,kf_tau,kf_ia,kf_innov,kf_sanity_th,kf_sanity_om,kf_enabled,estop,prox,tracking_err,pos_integral,spd_integral
10.60,1780803375264,0.6,0,0,0,0,0,0,POSITION,NONE,0,0,0,0,0,0,0,0,0,0,0.6,-0.4,0
11.60,1780803375265,0.6,0,0,0,0,0,0,POSITION,NONE,0,0,0,0,0,0,0,0,0,0,0.6,-0.4,0
12.20,1780803375265,0.6,0,0,0,0,0,0,POSITION,NONE,0,0,0,0,0,0,0,0,0,0,0.6,-0.4,0
15.50,1780803375269,0.6,0,0,0,0,0,0,POSITION,NONE,0,0,0,0,0,0,0,0,0,0,0.6,-0.4,0
15.80,1780803375269,0.6,0,0,0,0,0,0,POSITION,NONE,0,0,0,0,0,0,0,0,0,0,0.6,-0.4,0
16.10,1780803375269,0.6,0,0,0,0,0,0,POSITION,NONE,0,0,0,0,0,0,0,0,0,0,0.6,-0.4,0
16.80,1780803375270,0.6,0,0,0,0,0,0,POSITION,NONE,0,0,0,0,0,0,0,0,0,0,0.6,-0.4,0
17.20,1780803375271,0.6,0,0,0,0,0,0,POSITION,NONE,0,0,0,0,0,0,0,0,0,0,0.6,-0.4,0
17.60,1780803375271,0.6,0,0,0,0,0,0,POSITION,NONE,0,0,0,0,0,0,0,0,0,0,0.6,-0.4,0
18.20,1780803375271,0.6,0,0,0,0,0,0,POSITION,NONE,0,0,0,0,0,0,0,0,0,0,0.6,-0.4,0
19.30,1780803375273,0.6,0,0,0,0,0,0,POSITION,NONE,0,0,0,0,0,0,0,0,0,0,0.6,-0.4,0
19.60,1780803375273,0.6,0,0,0,0,0,0,POSITION,NONE,0,0,0,0,0,0,0,0,0,0,0.6,-0.4,0
56.60,1780803375310,0.6,0,0,0,0,0,0,POSITION,NONE,0,0,0,0,0,0,0,0,0,0,0.6,-0.4,0
57.10,1780803375310,0.6,0,0,0,0,0,0,POSITION,NONE,0,0,0,0,0,0,0,0,0,0,0.6,-0.4,0
57.80,1780803375311,0.6,0,0,0,0,0,0,POSITION,NONE,0,0,0,0,0,0,0,0,0,0,0.6,-0.4,0
58.20,1780803375311,0.6,0,0,0,0,0,0,POSITION,NONE,0,0,0,0,0,0,0,0,0,0,0.6,-0.4,0
59.50,1780803375313,0.6,0,0,0,0,0,0,POSITION,NONE,0,0,0,0,0,0,0,0,0,0,0.6,-0.4,0
60.10,1780803375313,0.6,0,0,0,0,0,0,POSITION,NONE,0,0,0,0,0,0,0,0,0,0,0.6,-0.4,0
79.10,1780803375332,0.6,0,0,0,0,0,0,POSITION,NONE,0,0,0,0,0,0,0,0,0,0,0.6,-0.4,0
79.70,1780803375333,0.6,0,0,0,0,0,0,POSITION,NONE,0,0,0,0,0,0,0,0,0,0,0.6,-0.4,0
80.00,1780803375333,0.6,0,0,0,0,0,0,POSITION,NONE,0,0,0,0,0,0,0,0,0,0,0.6,-0.4,0
80.40,1780803375334,0.6,0,0,0,0,0,0,POSITION,NONE,0,0,0,0,0,0,0,0,0,0,0.6,-0.4,0
81.00,1780803375334,0.6,0,0,0,0,0,0,POSITION,NONE,0,0,0,0,0,0,0,0,0,0,0.6,-0.4,0
81.30,1780803375335,0.6,0,0,0,0,0,0,POSITION,NONE,0,0,0,0,0,0,0,0,0,0,0.6,-0.4,0
81.60,1780803375335,0.6,0,0,0,0,0,0,POSITION,NONE,0,0,0,0,0,0,0,0,0,0,0.6,-0.4,0
82.10,1780803375335,0.6,0,0,0,0,0,0,POSITION,NONE,0,0,0,0,0,0,0,0,0,0,0.6,-0.4,0
82.40,1780803375336,0.6,0,0,0,0,0,0,POSITION,NONE,0,0,0,0,0,0,0,0,0,0,0.6,-0.4,0
82.70,1780803375336,0.6,0,0,0,0,0,0,POSITION,NONE,0,0,0,0,0,0,0,0,0,0,0.6,-0.4,0
112.70,1780803375366,0.6,0,0,0,0,0,0,POSITION,NONE,0,0,0,0,0,0,0,0,0,0,0.6,-0.4,0
113.30,1780803375367,0.6,0,0,0,0,0,0,POSITION,NONE,0,0,0,0,0,0,0,0,0,0,0.6,-0.4,0
113.60,1780803375367,0.6,0,0,0,0,0,0,POSITION,NONE,0,0,0,0,0,0,0,0,0,0,0.6,-0.4,0
114.60,1780803375368,0.6,0,0,0,0,0,0,POSITION,NONE,0,0,0,0,0,0,0,0,0,0,0.6,-0.4,0
134.80,1780803375388,0.6,0,0,0,0,0,0,POSITION,NONE,0,0,0,0,0,0,0,0,0,0,0.6,-0.4,0
135.20,1780803375388,0.6,0,0,0,0,0,0,POSITION,NONE,0,0,0,0,0,0,0,0,0,0,0.6,-0.4,0
139.50,1780803375393,0.6,0,0,0,0,0,0,POSITION,NONE,0,0,0,0,0,0,0,0,0,0,0.6,-0.4,0
139.90,1780803375393,0.6,0,0,0,0,0,0,POSITION,NONE,0,0,0,0,0,0,0,0,0,0,0.6,-0.4,0
140.20,1780803375393,0.6,0,0,0,0,0,0,POSITION,NONE,0,0,0,0,0,0,0,0,0,0,0.6,-0.4,0
140.40,1780803375394,0.6,0,0,0,0,0,0,POSITION,NONE,0,0,0,0,0,0,0,0,0,0,0.6,-0.4,0
141.00,1780803375394,0.6,0,0,0,0,0,0,POSITION,NONE,0,0,0,0,0,0,0,0,0,0,0.6,-0.4,0
141.30,1780803375395,0.6,0,0,0,0,0,0,POSITION,NONE,0,0,0,0,0,0,0,0,0,0,0.6,-0.4,0
141.60,1780803375395,0.6,0,0,0,0,0,0,POSITION,NONE,0,0,0,0,0,0,0,0,0,0,0.6,-0.4,0
141.90,1780803375395,0.6,0,0,0,0,0,0,POSITION,NONE,0,0,0,0,0,0,0,0,0,0,0.6,-0.4,0
142.10,1780803375395,0.6,0,0,0,0,0,0,POSITION,NONE,0,0,0,0,0,0,0,0,0,0,0.6,-0.4,0
142.30,1780803375396,0.6,0,0,0,0,0,0,POSITION,NONE,0,0,0,0,0,0,0,0,0,0,0.6,-0.4,0
170.50,1780803375424,0.6,0,0,0,0,0,0,POSITION,NONE,0,0,0,0,0,0,0,0,0,0,0.6,-0.4,0
170.80,1780803375424,0.6,0,0,0,0,0,0,POSITION,NONE,0,0,0,0,0,0,0,0,0,0,0.6,-0.4,0
171.30,1780803375425,0.6,0,0,0,0,0,0,POSITION,NONE,0,0,0,0,0,0,0,0,0,0,0.6,-0.4,0
192.50,1780803375446,0.6,0,0,0,0,0,0,POSITION,NONE,0,0,0,0,0,0,0,0,0,0,0.6,-0.4,0
192.90,1780803375446,0.6,0,0,0,0,0,0,POSITION,NONE,0,0,0,0,0,0,0,0,0,0,0.6,-0.4,0
193.70,1780803375447,0.6,0,0,0,0,0,0,POSITION,NONE,0,0,0,0,0,0,0,0,0,0,0.6,-0.4,0
194.50,1780803375448,0.6,0,0,0,0,0,0,POSITION,NONE,0,0,0,0,0,0,0,0,0,0,0.6,-0.4,0
194.80,1780803375448,0.6,0,0,0,0,0,0,POSITION,NONE,0,0,0,0,0,0,0,0,0,0,0.6,-0.4,0
195.20,1780803375449,0.6,0,0,0,0,0,0,POSITION,NONE,0,0,0,0,0,0,0,0,0,0,0.6,-0.4,0
196.10,1780803375449,0.6,0,0,0,0,0,0,POSITION,NONE,0,0,0,0,0,0,0,0,0,0,0.6,-0.4,0
196.70,1780803375450,0.6,0,0,0,0,0,0,POSITION,NONE,0,0,0,0,0,0,0,0,0,0,0.6,-0.4,0
197.10,1780803375450,0.6,0,0,0,0,0,0,POSITION,NONE,0,0,0,0,0,0,0,0,0,0,0.6,-0.4,0
215.30,1780803375469,0.6,0,0,0,0,0,0,POSITION,NONE,0,0,0,0,0,0,0,0,0,0,0.6,-0.4,0
215.60,1780803375469,0.6,0,0,0,0,0,0,POSITION,NONE,0,0,0,0,0,0,0,0,0,0,0.6,-0.4,0
215.90,1780803375469,0.6,0,0,0,0,0,0,POSITION,NONE,0,0,0,0,0,0,0,0,0,0,0.6,-0.4,0
216.30,1780803375470,0.6,0,0,0,0,0,0,POSITION,NONE,0,0,0,0,0,0,0,0,0,0,0.6,-0.4,0
217.20,1780803375470,0.6,0,0,0,0,0,0,POSITION,NONE,0,0,0,0,0,0,0,0,0,0,0.6,-0.4,0
217.60,1780803375471,0.6,0,0,0,0,0,0,POSITION,NONE,0,0,0,0,0,0,0,0,0,0,0.6,-0.4,0
223.40,1780803375477,0.6,0,0,0,0,0,0,POSITION,NONE,0,0,0,0,0,0,0,0,0,0,0.6,-0.4,0
223.60,1780803375477,0.6,0,0,0,0,0,0,POSITION,NONE,0,0,0,0,0,0,0,0,0,0,0.6,-0.4,0
223.80,1780803375477,0.6,0,0,0,0,0,0,POSITION,NONE,0,0,0,0,0,0,0,0,0,0,0.6,-0.4,0
224.10,1780803375477,0.6,0,0,0,0,0,0,POSITION,NONE,0,0,0,0,0,0,0,0,0,0,0.6,-0.4,0
224.60,1780803375478,0.6,0,0,0,0,0,0,POSITION,NONE,0,0,0,0,0,0,0,0,0,0,0.6,-0.4,0
225.10,1780803375478,0.6,0,0,0,0,0,0,POSITION,NONE,0,0,0,0,0,0,0,0,0,0,0.6,-0.4,0
226.10,1780803375479,0.6,0,0,0,0,0,0,POSITION,NONE,0,0,0,0,0,0,0,0,0,0,0.6,-0.4,0
227.10,1780803375480,0.6,0,0,0,0,0,0,POSITION,NONE,0,0,0,0,0,0,0,0,0,0,0.6,-0.4,0
227.60,1780803375481,0.6,0,0,0,0,0,0,POSITION,NONE,0,0,0,0,0,0,0,0,0,0,0.6,-0.4,0
228.30,1780803375482,0.6,0,0,0,0,0,0,POSITION,NONE,0,0,0,0,0,0,0,0,0,0,0.6,-0.4,0
235.70,1780803375489,0.6,0,0,0,0,0,0,POSITION,NONE,0,0,0,0,0,0,0,0,0,0,0.6,-0.4,0
236.20,1780803375489,0.6,0,0,0,0,0,0,POSITION,NONE,0,0,0,0,0,0,0,0,0,0,0.6,-0.4,0
236.40,1780803375490,0.6,0,0,0,0,0,0,POSITION,NONE,0,0,0,0,0,0,0,0,0,0,0.6,-0.4,0
237.20,1780803375490,0.6,0,0,0,0,0,0,POSITION,NONE,0,0,0,0,0,0,0,0,0,0,0.6,-0.4,0
237.50,1780803375491,0.6,0,0,0,0,0,0,POSITION,NONE,0,0,0,0,0,0,0,0,0,0,0.6,-0.4,0
237.80,1780803375491,0.6,0,0,0,0,0,0,POSITION,NONE,0,0,0,0,0,0,0,0,0,0,0.6,-0.4,0
242.10,1780803375495,0.6,0,0,0,0,0,0,POSITION,NONE,0,0,0,0,0,0,0,0,0,0,0.6,-0.4,0
242.40,1780803375496,0.6,0,0,0,0,0,0,POSITION,NONE,0,0,0,0,0,0,0,0,0,0,0.6,-0.4,0
242.80,1780803375496,0.6,0,0,0,0,0,0,POSITION,NONE,0,0,0,0,0,0,0,0,0,0,0.6,-0.4,0
243.50,1780803375497,0.6,0,0,0,0,0,0,POSITION,NONE,0,0,0,0,0,0,0,0,0,0,0.6,-0.4,0
247.80,1780803375501,0.6,0,0,0,0,0,0,POSITION,NONE,0,0,0,0,0,0,0,0,0,0,0.6,-0.4,0
248.20,1780803375502,0.6,0,0,0,0,0,0,POSITION,NONE,0,0,0,0,0,0,0,0,0,0,0.6,-0.4,0
249.00,1780803375502,0.6,0,0,0,0,0,0,POSITION,NONE,0,0,0,0,0,0,0,0,0,0,0.6,-0.4,0
249.40,1780803375503,0.6,0,0,0,0,0,0,POSITION,NONE,0,0,0,0,0,0,0,0,0,0,0.6,-0.4,0
249.60,1780803375503,0.6,0,0,0,0,0,0,POSITION,NONE,0,0,0,0,0,0,0,0,0,0,0.6,-0.4,0
250.00,1780803375503,0.6,0,0,0,0,0,0,POSITION,NONE,0,0,0,0,0,0,0,0,0,0,0.6,-0.4,0
250.70,1780803375504,0.6,0,0,0,0,0,0,POSITION,NONE,0,0,0,0,0,0,0,0,0,0,0.6,-0.4,0
251.00,1780803375504,0.6,0,0,0,0,0,0,POSITION,NONE,0,0,0,0,0,0,0,0,0,0,0.6,-0.4,0
257.10,1780803375510,0.6,0,0,0,0,0,0,POSITION,NONE,0,0,0,0,0,0,0,0,0,0,0.6,-0.4,0
257.50,1780803375511,0.6,0,0,0,0,0,0,POSITION,NONE,0,0,0,0,0,0,0,0,0,0,0.6,-0.4,0
257.80,1780803375511,0.6,0,0,0,0,0,0,POSITION,NONE,0,0,0,0,0,0,0,0,0,0,0.6,-0.4,0
258.10,1780803375511,0.6,0,0,0,0,0,0,POSITION,NONE,0,0,0,0,0,0,0,0,0,0,0.6,-0.4,0
264.60,1780803375518,0.6,0,0,0,0,0,0,POSITION,NONE,0,0,0,0,0,0,0,0,0,0,0.6,-0.4,0
264.90,1780803375518,0.6,0,0,0,0,0,0,POSITION,NONE,0,0,0,0,0,0,0,0,0,0,0.6,-0.4,0
265.30,1780803375519,0.6,0,0,0,0,0,0,POSITION,NONE,0,0,0,0,0,0,0,0,0,0,0.6,-0.4,0
277.30,1780803375531,0.6,0,0,0,0,0,0,POSITION,NONE,0,0,0,0,0,0,0,0,0,0,0.6,-0.4,0
277.80,1780803375531,0.6,0,0,0,0,0,0,POSITION,NONE,0,0,0,0,0,0,0,0,0,0,0.6,-0.4,0
278.30,1780803375532,0.6,0,0,0,0,0,0,POSITION,NONE,0,0,0,0,0,0,0,0,0,0,0.6,-0.4,0
279.30,1780803375533,0.6,0,0,0,0,0,0,POSITION,NONE,0,0,0,0,0,0,0,0,0,0,0.6,-0.4,0
279.60,1780803375533,0.6,0,0,0,0,0,0,POSITION,NONE,0,0,0,0,0,0,0,0,0,0,0.6,-0.4,0
279.90,1780803375533,0.6,0,0,0,0,0,0,POSITION,NONE,0,0,0,0,0,0,0,0,0,0,0.6,-0.4,0
285.80,1780803375539,0.6,0,0,0,0,0,0,POSITION,NONE,0,0,0,0,0,0,0,0,0,0,0.6,-0.4,0
286.30,1780803375540,0.6,0,0,0,0,0,0,POSITION,NONE,0,0,0,0,0,0,0,0,0,0,0.6,-0.4,0
286.80,1780803375540,0.6,0,0,0,0,0,0,POSITION,NONE,0,0,0,0,0,0,0,0,0,0,0.6,-0.4,0
287.60,1780803375541,0.6,0,0,0,0,0,0,POSITION,NONE,0,0,0,0,0,0,0,0,0,0,0.6,-0.4,0
287.80,1780803375541,0.6,0,0,0,0,0,0,POSITION,NONE,0,0,0,0,0,0,0,0,0,0,0.6,-0.4,0
288.00,1780803375541,0.6,0,0,0,0,0,0,POSITION,NONE,0,0,0,0,0,0,0,0,0,0,0.6,-0.4,0
288.30,1780803375542,0.6,0,0,0,0,0,0,POSITION,NONE,0,0,0,0,0,0,0,0,0,0,0.6,-0.4,0
295.00,1780803375548,0.6,0,0,0,0,0,0,POSITION,NONE,0,0,0,0,0,0,0,0,0,0,0.6,-0.4,0
295.30,1780803375549,0.6,0,0,0,0,0,0,POSITION,NONE,0,0,0,0,0,0,0,0,0,0,0.6,-0.4,0
295.90,1780803375549,0.6,0,0,0,0,0,0,POSITION,NONE,0,0,0,0,0,0,0,0,0,0,0.6,-0.4,0
296.20,1780803375549,0.6,0,0,0,0,0,0,POSITION,NONE,0,0,0,0,0,0,0,0,0,0,0.6,-0.4,0
296.40,1780803375550,0.6,0,0,0,0,0,0,POSITION,NONE,0,0,0,0,0,0,0,0,0,0,0.6,-0.4,0
296.70,1780803375550,0.6,0,0,0,0,0,0,POSITION,NONE,0,0,0,0,0,0,0,0,0,0,0.6,-0.4,0
297.10,1780803375550,0.6,0,0,0,0,0,0,POSITION,NONE,0,0,0,0,0,0,0,0,0,0,0.6,-0.4,0
297.30,1780803375551,0.6,0,0,0,0,0,0,POSITION,NONE,0,0,0,0,0,0,0,0,0,0,0.6,-0.4,0
302.10,1780803375555,0.6,0,0,0,0,0,0,POSITION,NONE,0,0,0,0,0,0,0,0,0,0,0.6,-0.4,0
302.60,1780803375556,0.6,0,0,0,0,0,0,POSITION,NONE,0,0,0,0,0,0,0,0,0,0,0.6,-0.4,0
303.10,1780803375556,0.6,0,0,0,0,0,0,POSITION,NONE,0,0,0,0,0,0,0,0,0,0,0.6,-0.4,0
303.30,1780803375557,0.6,0,0,0,0,0,0,POSITION,NONE,0,0,0,0,0,0,0,0,0,0,0.6,-0.4,0
303.90,1780803375557,0.6,0,0,0,0,0,0,POSITION,NONE,0,0,0,0,0,0,0,0,0,0,0.6,-0.4,0
304.10,1780803375557,0.6,0,0,0,0,0,0,POSITION,NONE,0,0,0,0,0,0,0,0,0,0,0.6,-0.4,0
304.40,1780803375558,0.6,0,0,0,0,0,0,POSITION,NONE,0,0,0,0,0,0,0,0,0,0,0.6,-0.4,0
308.80,1780803375562,0.6,0,0,0,0,0,0,POSITION,NONE,0,0,0,0,0,0,0,0,0,0,0.6,-0.4,0
309.20,1780803375562,0.6,0,0,0,0,0,0,POSITION,NONE,0,0,0,0,0,0,0,0,0,0,0.6,-0.4,0
309.50,1780803375563,0.6,0,0,0,0,0,0,POSITION,NONE,0,0,0,0,0,0,0,0,0,0,0.6,-0.4,0
310.30,1780803375564,0.6,0,0,0,0,0,0,POSITION,NONE,0,0,0,0,0,0,0,0,0,0,0.6,-0.4,0
310.60,1780803375564,0.6,0,0,0,0,0,0,POSITION,NONE,0,0,0,0,0,0,0,0,0,0,0.6,-0.4,0
310.90,1780803375564,0.6,0,0,0,0,0,0,POSITION,NONE,0,0,0,0,0,0,0,0,0,0,0.6,-0.4,0
311.10,1780803375564,0.6,0,0,0,0,0,0,POSITION,NONE,0,0,0,0,0,0,0,0,0,0,0.6,-0.4,0
311.60,1780803375565,0.6,0,0,0,0,0,0,POSITION,NONE,0,0,0,0,0,0,0,0,0,0,0.6,-0.4,0
312.00,1780803375565,0.6,0,0,0,0,0,0,POSITION,NONE,0,0,0,0,0,0,0,0,0,0,0.6,-0.4,0
316.60,1780803375570,0.6,0,0,0,0,0,0,POSITION,NONE,0,0,0,0,0,0,0,0,0,0,0.6,-0.4,0
317.00,1780803375570,0.6,0,0,0,0,0,0,POSITION,NONE,0,0,0,0,0,0,0,0,0,0,0.6,-0.4,0
317.30,1780803375571,0.6,0,0,0,0,0,0,POSITION,NONE,0,0,0,0,0,0,0,0,0,0,0.6,-0.4,0
317.70,1780803375571,0.6,0,0,0,0,0,0,POSITION,NONE,0,0,0,0,0,0,0,0,0,0,0.6,-0.4,0
319.00,1780803375572,0.6,0,0,0,0,0,0,POSITION,NONE,0,0,0,0,0,0,0,0,0,0,0.6,-0.4,0
319.50,1780803375573,0.6,0,0,0,0,0,0,POSITION,NONE,0,0,0,0,0,0,0,0,0,0,0.6,-0.4,0
324.10,1780803375577,0.6,0,0,0,0,0,0,POSITION,NONE,0,0,0,0,0,0,0,0,0,0,0.6,-0.4,0
324.40,1780803375578,0.6,0,0,0,0,0,0,POSITION,NONE,0,0,0,0,0,0,0,0,0,0,0.6,-0.4,0
324.60,1780803375578,0.6,0,0,0,0,0,0,POSITION,NONE,0,0,0,0,0,0,0,0,0,0,0.6,-0.4,0
324.80,1780803375578,0.6,0,0,0,0,0,0,POSITION,NONE,0,0,0,0,0,0,0,0,0,0,0.6,-0.4,0
325.20,1780803375578,0.6,0,0,0,0,0,0,POSITION,NONE,0,0,0,0,0,0,0,0,0,0,0.6,-0.4,0
325.50,1780803375579,0.6,0,0,0,0,0,0,POSITION,NONE,0,0,0,0,0,0,0,0,0,0,0.6,-0.4,0
325.90,1780803375579,0.6,0,0,0,0,0,0,POSITION,NONE,0,0,0,0,0,0,0,0,0,0,0.6,-0.4,0
326.20,1780803375579,0.6,0,0,0,0,0,0,POSITION,NONE,0,0,0,0,0,0,0,0,0,0,0.6,-0.4,0
326.50,1780803375580,0.6,0,0,0,0,0,0,POSITION,NONE,0,0,0,0,0,0,0,0,0,0,0.6,-0.4,0
327.10,1780803375580,0.6,0,0,0,0,0,0,POSITION,NONE,0,0,0,0,0,0,0,0,0,0,0.6,-0.4,0
332.10,1780803375585,0.6,0,0,0,0,0,0,POSITION,NONE,0,0,0,0,0,0,0,0,0,0,0.6,-0.4,0
332.30,1780803375586,0.6,0,0,0,0,0,0,POSITION,NONE,0,0,0,0,0,0,0,0,0,0,0.6,-0.4,0
332.50,1780803375586,0.6,0,0,0,0,0,0,POSITION,NONE,0,0,0,0,0,0,0,0,0,0,0.6,-0.4,0
332.90,1780803375586,0.6,0,0,0,0,0,0,POSITION,NONE,0,0,0,0,0,0,0,0,0,0,0.6,-0.4,0
333.20,1780803375586,0.6,0,0,0,0,0,0,POSITION,NONE,0,0,0,0,0,0,0,0,0,0,0.6,-0.4,0
333.40,1780803375587,0.6,0,0,0,0,0,0,POSITION,NONE,0,0,0,0,0,0,0,0,0,0,0.6,-0.4,0
333.60,1780803375587,0.6,0,0,0,0,0,0,POSITION,NONE,0,0,0,0,0,0,0,0,0,0,0.6,-0.4,0
338.60,1780803375592,0.6,0,0,0,0,0,0,POSITION,NONE,0,0,0,0,0,0,0,0,0,0,0.6,-0.4,0
338.80,1780803375592,0.6,0,0,0,0,0,0,POSITION,NONE,0,0,0,0,0,0,0,0,0,0,0.6,-0.4,0
339.20,1780803375592,0.6,0,0,0,0,0,0,POSITION,NONE,0,0,0,0,0,0,0,0,0,0,0.6,-0.4,0
339.40,1780803375593,0.6,0,0,0,0,0,0,POSITION,NONE,0,0,0,0,0,0,0,0,0,0,0.6,-0.4,0
339.80,1780803375593,0.6,0,0,0,0,0,0,POSITION,NONE,0,0,0,0,0,0,0,0,0,0,0.6,-0.4,0
340.00,1780803375593,0.6,0,0,0,0,0,0,POSITION,NONE,0,0,0,0,0,0,0,0,0,0,0.6,-0.4,0
344.90,1780803375598,0.6,0,0,0,0,0,0,POSITION,NONE,0,0,0,0,0,0,0,0,0,0,0.6,-0.4,0
345.20,1780803375598,0.6,0,0,0,0,0,0,POSITION,NONE,0,0,0,0,0,0,0,0,0,0,0.6,-0.4,0
345.40,1780803375599,0.6,0,0,0,0,0,0,POSITION,NONE,0,0,0,0,0,0,0,0,0,0,0.6,-0.4,0
345.70,1780803375599,0.6,0,0,0,0,0,0,POSITION,NONE,0,0,0,0,0,0,0,0,0,0,0.6,-0.4,0
346.30,1780803375600,0.6,0,0,0,0,0,0,POSITION,NONE,0,0,0,0,0,0,0,0,0,0,0.6,-0.4,0
346.60,1780803375600,0.6,0,0,0,0,0,0,POSITION,NONE,0,0,0,0,0,0,0,0,0,0,0.6,-0.4,0
347.10,1780803375600,0.6,0,0,0,0,0,0,POSITION,NONE,0,0,0,0,0,0,0,0,0,0,0.6,-0.4,0
347.40,1780803375601,0.6,0,0,0,0,0,0,POSITION,NONE,0,0,0,0,0,0,0,0,0,0,0.6,-0.4,0
347.80,1780803375601,0.6,0,0,0,0,0,0,POSITION,NONE,0,0,0,0,0,0,0,0,0,0,0.6,-0.4,0
348.10,1780803375601,0.6,0,0,0,0,0,0,POSITION,NONE,0,0,0,0,0,0,0,0,0,0,0.6,-0.4,0
359.90,1780803375613,0.6,0,0,0,0,0,0,POSITION,NONE,0,0,0,0,0,0,0,0,0,0,0.6,-0.4,0
361.50,1780803375615,0.6,0,0,0,0,0,0,POSITION,NONE,0,0,0,0,0,0,0,0,0,0,0.6,-0.4,0
362.00,1780803375615,0.6,0,0,0,0,0,0,POSITION,NONE,0,0,0,0,0,0,0,0,0,0,0.6,-0.4,0
362.60,1780803375616,0.6,0,0,0,0,0,0,POSITION,NONE,0,0,0,0,0,0,0,0,0,0,0.6,-0.4,0
362.90,1780803375616,0.6,0,0,0,0,0,0,POSITION,NONE,0,0,0,0,0,0,0,0,0,0,0.6,-0.4,0
363.10,1780803375616,0.6,0,0,0,0,0,0,POSITION,NONE,0,0,0,0,0,0,0,0,0,0,0.6,-0.4,0
363.60,1780803375617,0.6,0,0,0,0,0,0,POSITION,NONE,0,0,0,0,0,0,0,0,0,0,0.6,-0.4,0
363.90,1780803375617,0.6,0,0,0,0,0,0,POSITION,NONE,0,0,0,0,0,0,0,0,0,0,0.6,-0.4,0
372.90,1780803375626,0.6,0,0,0,0,0,0,POSITION,NONE,0,0,0,0,0,0,0,0,0,0,0.6,-0.4,0
373.20,1780803375626,0.6,0,0,0,0,0,0,POSITION,NONE,0,0,0,0,0,0,0,0,0,0,0.6,-0.4,0
373.50,1780803375627,0.6,0,0,0,0,0,0,POSITION,NONE,0,0,0,0,0,0,0,0,0,0,0.6,-0.4,0
373.80,1780803375627,0.6,0,0,0,0,0,0,POSITION,NONE,0,0,0,0,0,0,0,0,0,0,0.6,-0.4,0
374.20,1780803375627,0.6,0,0,0,0,0,0,POSITION,NONE,0,0,0,0,0,0,0,0,0,0,0.6,-0.4,0
374.40,1780803375628,0.6,0,0,0,0,0,0,POSITION,NONE,0,0,0,0,0,0,0,0,0,0,0.6,-0.4,0
374.70,1780803375628,0.6,0,0,0,0,0,0,POSITION,NONE,0,0,0,0,0,0,0,0,0,0,0.6,-0.4,0
384.60,1780803375638,0.6,0,0,0,0,0,0,POSITION,NONE,0,0,0,0,0,0,0,0,0,0,0.6,-0.4,0
385.80,1780803375639,0.6,0,0,0,0,0,0,POSITION,NONE,0,0,0,0,0,0,0,0,0,0,0.6,-0.4,0
386.50,1780803375640,0.6,0,0,0,0,0,0,POSITION,NONE,0,0,0,0,0,0,0,0,0,0,0.6,-0.4,0
387.50,1780803375641,0.6,0,0,0,0,0,0,POSITION,NONE,0,0,0,0,0,0,0,0,0,0,0.6,-0.4,0
387.90,1780803375641,0.6,0,0,0,0,0,0,POSITION,NONE,0,0,0,0,0,0,0,0,0,0,0.6,-0.4,0
388.30,1780803375641,0.6,0,0,0,0,0,0,POSITION,NONE,0,0,0,0,0,0,0,0,0,0,0.6,-0.4,0
397.20,1780803375651,0.6,0,0,0,0,0,0,POSITION,NONE,0,0,0,0,0,0,0,0,0,0,0.6,-0.4,0
398.00,1780803375651,0.6,0,0,0,0,0,0,POSITION,NONE,0,0,0,0,0,0,0,0,0,0,0.6,-0.4,0
398.60,1780803375652,0.6,0,0,0,0,0,0,POSITION,NONE,0,0,0,0,0,0,0,0,0,0,0.6,-0.4,0
399.40,1780803375653,0.6,0,0,0,0,0,0,POSITION,NONE,0,0,0,0,0,0,0,0,0,0,0.6,-0.4,0
400.00,1780803375653,0.6,0,0,0,0,0,0,POSITION,NONE,0,0,0,0,0,0,0,0,0,0,0.6,-0.4,0
400.50,1780803375654,0.6,0,0,0,0,0,0,POSITION,NONE,0,0,0,0,0,0,0,0,0,0,0.6,-0.4,0
401.60,1780803375655,0.6,0,0,0,0,0,0,POSITION,NONE,0,0,0,0,0,0,0,0,0,0,0.6,-0.4,0
402.20,1780803375655,0.6,0,0,0,0,0,0,POSITION,NONE,0,0,0,0,0,0,0,0,0,0,0.6,-0.4,0
402.50,1780803375656,0.6,0,0,0,0,0,0,POSITION,NONE,0,0,0,0,0,0,0,0,0,0,0.6,-0.4,0
409.40,1780803375663,0.6,0,0,0,0,0,0,POSITION,NONE,0,0,0,0,0,0,0,0,0,0,0.6,-0.4,0
409.70,1780803375663,0.6,0,0,0,0,0,0,POSITION,NONE,0,0,0,0,0,0,0,0,0,0,0.6,-0.4,0
410.10,1780803375663,0.6,0,0,0,0,0,0,POSITION,NONE,0,0,0,0,0,0,0,0,0,0,0.6,-0.4,0
410.60,1780803375664,0.6,0,0,0,0,0,0,POSITION,NONE,0,0,0,0,0,0,0,0,0,0,0.6,-0.4,0
410.90,1780803375664,0.6,0,0,0,0,0,0,POSITION,NONE,0,0,0,0,0,0,0,0,0,0,0.6,-0.4,0
411.10,1780803375664,0.6,0,0,0,0,0,0,POSITION,NONE,0,0,0,0,0,0,0,0,0,0,0.6,-0.4,0
416.20,1780803375669,0.6,0,0,0,0,0,0,POSITION,NONE,0,0,0,0,0,0,0,0,0,0,0.6,-0.4,0
416.50,1780803375670,0.6,0,0,0,0,0,0,POSITION,NONE,0,0,0,0,0,0,0,0,0,0,0.6,-0.4,0
416.70,1780803375670,0.6,0,0,0,0,0,0,POSITION,NONE,0,0,0,0,0,0,0,0,0,0,0.6,-0.4,0
416.90,1780803375670,0.6,0,0,0,0,0,0,POSITION,NONE,0,0,0,0,0,0,0,0,0,0,0.6,-0.4,0
417.50,1780803375671,0.6,0,0,0,0,0,0,POSITION,NONE,0,0,0,0,0,0,0,0,0,0,0.6,-0.4,0
417.80,1780803375671,0.6,0,0,0,0,0,0,POSITION,NONE,0,0,0,0,0,0,0,0,0,0,0.6,-0.4,0
418.60,1780803375672,0.6,0,0,0,0,0,0,POSITION,NONE,0,0,0,0,0,0,0,0,0,0,0.6,-0.4,0
418.80,1780803375672,0.6,0,0,0,0,0,0,POSITION,NONE,0,0,0,0,0,0,0,0,0,0,0.6,-0.4,0
419.20,1780803375672,0.6,0,0,0,0,0,0,POSITION,NONE,0,0,0,0,0,0,0,0,0,0,0.6,-0.4,0
419.40,1780803375673,0.6,0,0,0,0,0,0,POSITION,NONE,0,0,0,0,0,0,0,0,0,0,0.6,-0.4,0
424.60,1780803375678,0.6,0,0,0,0,0,0,POSITION,NONE,0,0,0,0,0,0,0,0,0,0,0.6,-0.4,0
424.80,1780803375678,0.6,0,0,0,0,0,0,POSITION,NONE,0,0,0,0,0,0,0,0,0,0,0.6,-0.4,0
425.20,1780803375679,0.6,0,0,0,0,0,0,POSITION,NONE,0,0,0,0,0,0,0,0,0,0,0.6,-0.4,0
425.60,1780803375679,0.6,0,0,0,0,0,0,POSITION,NONE,0,0,0,0,0,0,0,0,0,0,0.6,-0.4,0
426.10,1780803375679,0.6,0,0,0,0,0,0,POSITION,NONE,0,0,0,0,0,0,0,0,0,0,0.6,-0.4,0
426.70,1780803375680,0.6,0,0,0,0,0,0,POSITION,NONE,0,0,0,0,0,0,0,0,0,0,0.6,-0.4,0
431.10,1780803375684,0.6,0,0,0,0,0,0,POSITION,NONE,0,0,0,0,0,0,0,0,0,0,0.6,-0.4,0
431.50,1780803375685,0.6,0,0,0,0,0,0,POSITION,NONE,0,0,0,0,0,0,0,0,0,0,0.6,-0.4,0
431.80,1780803375685,0.6,0,0,0,0,0,0,POSITION,NONE,0,0,0,0,0,0,0,0,0,0,0.6,-0.4,0
432.40,1780803375686,0.6,0,0,0,0,0,0,POSITION,NONE,0,0,0,0,0,0,0,0,0,0,0.6,-0.4,0
432.60,1780803375686,0.6,0,0,0,0,0,0,POSITION,NONE,0,0,0,0,0,0,0,0,0,0,0.6,-0.4,0
432.90,1780803375686,0.6,0,0,0,0,0,0,POSITION,NONE,0,0,0,0,0,0,0,0,0,0,0.6,-0.4,0
436.80,1780803375690,0.6,0,0,0,0,0,0,POSITION,NONE,0,0,0,0,0,0,0,0,0,0,0.6,-0.4,0
437.20,1780803375690,0.6,0,0,0,0,0,0,POSITION,NONE,0,0,0,0,0,0,0,0,0,0,0.6,-0.4,0
437.70,1780803375691,0.6,0,0,0,0,0,0,POSITION,NONE,0,0,0,0,0,0,0,0,0,0,0.6,-0.4,0
438.20,1780803375692,0.6,0,0,0,0,0,0,POSITION,NONE,0,0,0,0,0,0,0,0,0,0,0.6,-0.4,0
438.50,1780803375692,0.6,0,0,0,0,0,0,POSITION,NONE,0,0,0,0,0,0,0,0,0,0,0.6,-0.4,0
438.70,1780803375692,0.6,0,0,0,0,0,0,POSITION,NONE,0,0,0,0,0,0,0,0,0,0,0.6,-0.4,0
442.50,1780803375696,0.6,0,0,0,0,0,0,POSITION,NONE,0,0,0,0,0,0,0,0,0,0,0.6,-0.4,0
443.00,1780803375696,0.6,0,0,0,0,0,0,POSITION,NONE,0,0,0,0,0,0,0,0,0,0,0.6,-0.4,0
443.30,1780803375697,0.6,0,0,0,0,0,0,POSITION,NONE,0,0,0,0,0,0,0,0,0,0,0.6,-0.4,0
443.60,1780803375697,0.6,0,0,0,0,0,0,POSITION,NONE,0,0,0,0,0,0,0,0,0,0,0.6,-0.4,0
444.10,1780803375697,0.6,0,0,0,0,0,0,POSITION,NONE,0,0,0,0,0,0,0,0,0,0,0.6,-0.4,0
444.30,1780803375698,0.6,0,0,0,0,0,0,POSITION,NONE,0,0,0,0,0,0,0,0,0,0,0.6,-0.4,0
444.70,1780803375698,0.6,0,0,0,0,0,0,POSITION,NONE,0,0,0,0,0,0,0,0,0,0,0.6,-0.4,0
445.30,1780803375699,0.6,0,0,0,0,0,0,POSITION,NONE,0,0,0,0,0,0,0,0,0,0,0.6,-0.4,0
445.60,1780803375699,0.6,0,0,0,0,0,0,POSITION,NONE,0,0,0,0,0,0,0,0,0,0,0.6,-0.4,0
445.80,1780803375699,0.6,0,0,0,0,0,0,POSITION,NONE,0,0,0,0,0,0,0,0,0,0,0.6,-0.4,0
450.10,1780803375703,0.6,0,0,0,0,0,0,POSITION,NONE,0,0,0,0,0,0,0,0,0,0,0.6,-0.4,0
451.40,1780803375705,0.6,0,0,0,0,0,0,POSITION,NONE,0,0,0,0,0,0,0,0,0,0,0.6,-0.4,0
452.10,1780803375705,0.6,0,0,0,0,0,0,POSITION,NONE,0,0,0,0,0,0,0,0,0,0,0.6,-0.4,0
452.30,1780803375706,0.6,0,0,0,0,0,0,POSITION,NONE,0,0,0,0,0,0,0,0,0,0,0.6,-0.4,0
452.50,1780803375706,0.6,0,0,0,0,0,0,POSITION,NONE,0,0,0,0,0,0,0,0,0,0,0.6,-0.4,0
452.80,1780803375706,0.6,0,0,0,0,0,0,POSITION,NONE,0,0,0,0,0,0,0,0,0,0,0.6,-0.4,0
453.40,1780803375707,0.6,0,0,0,0,0,0,POSITION,NONE,0,0,0,0,0,0,0,0,0,0,0.6,-0.4,0
453.60,1780803375707,0.6,0,0,0,0,0,0,POSITION,NONE,0,0,0,0,0,0,0,0,0,0,0.6,-0.4,0
458.10,1780803375711,0.6,0,0,0,0,0,0,POSITION,NONE,0,0,0,0,0,0,0,0,0,0,0.6,-0.4,0
458.20,1780803375712,0.6,0,0,0,0,0,0,POSITION,NONE,0,0,0,0,0,0,0,0,0,0,0.6,-0.4,0
458.40,1780803375712,0.6,0,0,0,0,0,0,POSITION,NONE,0,0,0,0,0,0,0,0,0,0,0.6,-0.4,0
458.80,1780803375712,0.6,0,0,0,0,0,0,POSITION,NONE,0,0,0,0,0,0,0,0,0,0,0.6,-0.4,0
462.50,1780803375716,0.6,0,0,0,0,0,0,POSITION,NONE,0,0,0,0,0,0,0,0,0,0,0.6,-0.4,0
462.90,1780803375716,0.6,0,0,0,0,0,0,POSITION,NONE,0,0,0,0,0,0,0,0,0,0,0.6,-0.4,0
463.20,1780803375716,0.6,0,0,0,0,0,0,POSITION,NONE,0,0,0,0,0,0,0,0,0,0,0.6,-0.4,0
463.50,1780803375717,0.6,0,0,0,0,0,0,POSITION,NONE,0,0,0,0,0,0,0,0,0,0,0.6,-0.4,0
463.90,1780803375717,0.6,0,0,0,0,0,0,POSITION,NONE,0,0,0,0,0,0,0,0,0,0,0.6,-0.4,0
464.10,1780803375717,0.6,0,0,0,0,0,0,POSITION,NONE,0,0,0,0,0,0,0,0,0,0,0.6,-0.4,0
464.50,1780803375718,0.6,0,0,0,0,0,0,POSITION,NONE,0,0,0,0,0,0,0,0,0,0,0.6,-0.4,0
464.80,1780803375718,0.6,0,0,0,0,0,0,POSITION,NONE,0,0,0,0,0,0,0,0,0,0,0.6,-0.4,0
465.00,1780803375718,0.6,0,0,0,0,0,0,POSITION,NONE,0,0,0,0,0,0,0,0,0,0,0.6,-0.4,0
480.50,1780803375734,0.6,0,0,0,0,0,0,POSITION,NONE,0,0,0,0,0,0,0,0,0,0,0.6,-0.4,0
480.70,1780803375734,0.6,0,0,0,0,0,0,POSITION,NONE,0,0,0,0,0,0,0,0,0,0,0.6,-0.4,0
481.00,1780803375734,0.6,0,0,0,0,0,0,POSITION,NONE,0,0,0,0,0,0,0,0,0,0,0.6,-0.4,0
481.60,1780803375735,0.6,0,0,0,0,0,0,POSITION,NONE,0,0,0,0,0,0,0,0,0,0,0.6,-0.4,0
481.90,1780803375735,0.6,0,0,0,0,0,0,POSITION,NONE,0,0,0,0,0,0,0,0,0,0,0.6,-0.4,0
482.10,1780803375735,0.6,0,0,0,0,0,0,POSITION,NONE,0,0,0,0,0,0,0,0,0,0,0.6,-0.4,0
487.10,1780803375740,0.6,0,0,0,0,0,0,POSITION,NONE,0,0,0,0,0,0,0,0,0,0,0.6,-0.4,0
487.30,1780803375741,0.6,0,0,0,0,0,0,POSITION,NONE,0,0,0,0,0,0,0,0,0,0,0.6,-0.4,0
487.60,1780803375741,0.6,0,0,0,0,0,0,POSITION,NONE,0,0,0,0,0,0,0,0,0,0,0.6,-0.4,0
488.30,1780803375742,0.6,0,0,0,0,0,0,POSITION,NONE,0,0,0,0,0,0,0,0,0,0,0.6,-0.4,0
488.50,1780803375742,0.6,0,0,0,0,0,0,POSITION,NONE,0,0,0,0,0,0,0,0,0,0,0.6,-0.4,0
488.70,1780803375742,0.6,0,0,0,0,0,0,POSITION,NONE,0,0,0,0,0,0,0,0,0,0,0.6,-0.4,0
489.10,1780803375742,0.6,0,0,0,0,0,0,POSITION,NONE,0,0,0,0,0,0,0,0,0,0,0.6,-0.4,0
495.40,1780803375749,0.6,0,0,0,0,0,0,POSITION,NONE,0,0,0,0,0,0,0,0,0,0,0.6,-0.4,0
495.80,1780803375749,0.6,0,0,0,0,0,0,POSITION,NONE,0,0,0,0,0,0,0,0,0,0,0.6,-0.4,0
496.60,1780803375750,0.6,0,0,0,0,0,0,POSITION,NONE,0,0,0,0,0,0,0,0,0,0,0.6,-0.4,0
496.90,1780803375750,0.6,0,0,0,0,0,0,POSITION,NONE,0,0,0,0,0,0,0,0,0,0,0.6,-0.4,0
497.10,1780803375750,0.6,0,0,0,0,0,0,POSITION,NONE,0,0,0,0,0,0,0,0,0,0,0.6,-0.4,0
497.30,1780803375751,0.6,0,0,0,0,0,0,POSITION,NONE,0,0,0,0,0,0,0,0,0,0,0.6,-0.4,0
501.60,1780803375755,0.6,0,0,0,0,0,0,POSITION,NONE,0,0,0,0,0,0,0,0,0,0,0.6,-0.4,0
502.10,1780803375755,0.6,0,0,0,0,0,0,POSITION,NONE,0,0,0,0,0,0,0,0,0,0,0.6,-0.4,0
502.90,1780803375756,0.6,0,0,0,0,0,0,POSITION,NONE,0,0,0,0,0,0,0,0,0,0,0.6,-0.4,0
503.30,1780803375757,0.6,0,0,0,0,0,0,POSITION,NONE,0,0,0,0,0,0,0,0,0,0,0.6,-0.4,0
503.60,1780803375757,0.6,0,0,0,0,0,0,POSITION,NONE,0,0,0,0,0,0,0,0,0,0,0.6,-0.4,0
503.80,1780803375757,0.6,0,0,0,0,0,0,POSITION,NONE,0,0,0,0,0,0,0,0,0,0,0.6,-0.4,0
504.20,1780803375757,0.6,0,0,0,0,0,0,POSITION,NONE,0,0,0,0,0,0,0,0,0,0,0.6,-0.4,0
504.40,1780803375758,0.6,0,0,0,0,0,0,POSITION,NONE,0,0,0,0,0,0,0,0,0,0,0.6,-0.4,0
508.70,1780803375762,0.6,0,0,0,0,0,0,POSITION,NONE,0,0,0,0,0,0,0,0,0,0,0.6,-0.4,0
509.10,1780803375762,0.6,0,0,0,0,0,0,POSITION,NONE,0,0,0,0,0,0,0,0,0,0,0.6,-0.4,0
509.50,1780803375763,0.6,0,0,0,0,0,0,POSITION,NONE,0,0,0,0,0,0,0,0,0,0,0.6,-0.4,0
509.80,1780803375763,0.6,0,0,0,0,0,0,POSITION,NONE,0,0,0,0,0,0,0,0,0,0,0.6,-0.4,0
510.50,1780803375764,0.6,0,0,0,0,0,0,POSITION,NONE,0,0,0,0,0,0,0,0,0,0,0.6,-0.4,0
510.70,1780803375764,0.6,0,0,0,0,0,0,POSITION,NONE,0,0,0,0,0,0,0,0,0,0,0.6,-0.4,0
510.90,1780803375764,0.6,0,0,0,0,0,0,POSITION,NONE,0,0,0,0,0,0,0,0,0,0,0.6,-0.4,0
511.40,1780803375765,0.6,0,0,0,0,0,0,POSITION,NONE,0,0,0,0,0,0,0,0,0,0,0.6,-0.4,0
511.60,1780803375765,0.6,0,0,0,0,0,0,POSITION,NONE,0,0,0,0,0,0,0,0,0,0,0.6,-0.4,0
511.80,1780803375765,0.6,0,0,0,0,0,0,POSITION,NONE,0,0,0,0,0,0,0,0,0,0,0.6,-0.4,0
517.60,1780803375771,0.6,0,0,0,0,0,0,POSITION,NONE,0,0,0,0,0,0,0,0,0,0,0.6,-0.4,0
518.50,1780803375772,0.6,0,0,0,0,0,0,POSITION,NONE,0,0,0,0,0,0,0,0,0,0,0.6,-0.4,0
519.40,1780803375773,0.6,0,0,0,0,0,0,POSITION,NONE,0,0,0,0,0,0,0,0,0,0,0.6,-0.4,0
520.00,1780803375773,0.6,0,0,0,0,0,0,POSITION,NONE,0,0,0,0,0,0,0,0,0,0,0.6,-0.4,0
520.30,1780803375774,0.6,0,0,0,0,0,0,POSITION,NONE,0,0,0,0,0,0,0,0,0,0,0.6,-0.4,0
520.50,1780803375774,0.6,0,0,0,0,0,0,POSITION,NONE,0,0,0,0,0,0,0,0,0,0,0.6,-0.4,0
524.60,1780803375778,0.6,0,0,0,0,0,0,POSITION,NONE,0,0,0,0,0,0,0,0,0,0,0.6,-0.4,0
524.90,1780803375778,0.6,0,0,0,0,0,0,POSITION,NONE,0,0,0,0,0,0,0,0,0,0,0.6,-0.4,0
525.10,1780803375778,0.6,0,0,0,0,0,0,POSITION,NONE,0,0,0,0,0,0,0,0,0,0,0.6,-0.4,0
525.50,1780803375779,0.6,0,0,0,0,0,0,POSITION,NONE,0,0,0,0,0,0,0,0,0,0,0.6,-0.4,0
526.80,1780803375780,0.6,0,0,0,0,0,0,POSITION,NONE,0,0,0,0,0,0,0,0,0,0,0.6,-0.4,0
527.10,1780803375780,0.6,0,0,0,0,0,0,POSITION,NONE,0,0,0,0,0,0,0,0,0,0,0.6,-0.4,0
527.70,1780803375781,0.6,0,0,0,0,0,0,POSITION,NONE,0,0,0,0,0,0,0,0,0,0,0.6,-0.4,0
528.00,1780803375781,0.6,0,0,0,0,0,0,POSITION,NONE,0,0,0,0,0,0,0,0,0,0,0.6,-0.4,0
528.20,1780803375782,0.6,0,0,0,0,0,0,POSITION,NONE,0,0,0,0,0,0,0,0,0,0,0.6,-0.4,0
528.50,1780803375782,0.6,0,0,0,0,0,0,POSITION,NONE,0,0,0,0,0,0,0,0,0,0,0.6,-0.4,0
532.70,1780803375786,0.6,0,0,0,0,0,0,POSITION,NONE,0,0,0,0,0,0,0,0,0,0,0.6,-0.4,0
532.90,1780803375786,0.6,0,0,0,0,0,0,POSITION,NONE,0,0,0,0,0,0,0,0,0,0,0.6,-0.4,0
533.40,1780803375787,0.6,0,0,0,0,0,0,POSITION,NONE,0,0,0,0,0,0,0,0,0,0,0.6,-0.4,0
537.20,1780803375790,0.6,0,0,0,0,0,0,POSITION,NONE,0,0,0,0,0,0,0,0,0,0,0.6,-0.4,0
537.50,1780803375791,0.6,0,0,0,0,0,0,POSITION,NONE,0,0,0,0,0,0,0,0,0,0,0.6,-0.4,0
537.90,1780803375791,0.6,0,0,0,0,0,0,POSITION,NONE,0,0,0,0,0,0,0,0,0,0,0.6,-0.4,0
538.80,1780803375792,0.6,0,0,0,0,0,0,POSITION,NONE,0,0,0,0,0,0,0,0,0,0,0.6,-0.4,0
539.10,1780803375792,0.6,0,0,0,0,0,0,POSITION,NONE,0,0,0,0,0,0,0,0,0,0,0.6,-0.4,0
539.30,1780803375793,0.6,0,0,0,0,0,0,POSITION,NONE,0,0,0,0,0,0,0,0,0,0,0.6,-0.4,0
542.90,1780803375796,0.6,0,0,0,0,0,0,POSITION,NONE,0,0,0,0,0,0,0,0,0,0,0.6,-0.4,0
543.30,1780803375797,0.6,0,0,0,0,0,0,POSITION,NONE,0,0,0,0,0,0,0,0,0,0,0.6,-0.4,0
543.60,1780803375797,0.6,0,0,0,0,0,0,POSITION,NONE,0,0,0,0,0,0,0,0,0,0,0.6,-0.4,0
544.20,1780803375797,0.6,0,0,0,0,0,0,POSITION,NONE,0,0,0,0,0,0,0,0,0,0,0.6,-0.4,0
544.40,1780803375798,0.6,0,0,0,0,0,0,POSITION,NONE,0,0,0,0,0,0,0,0,0,0,0.6,-0.4,0
544.70,1780803375798,0.6,0,0,0,0,0,0,POSITION,NONE,0,0,0,0,0,0,0,0,0,0,0.6,-0.4,0
548.80,1780803375802,0.6,0,0,0,0,0,0,POSITION,NONE,0,0,0,0,0,0,0,0,0,0,0.6,-0.4,0
549.00,1780803375802,0.6,0,0,0,0,0,0,POSITION,NONE,0,0,0,0,0,0,0,0,0,0,0.6,-0.4,0
549.30,1780803375803,0.6,0,0,0,0,0,0,POSITION,NONE,0,0,0,0,0,0,0,0,0,0,0.6,-0.4,0
549.70,1780803375803,0.6,0,0,0,0,0,0,POSITION,NONE,0,0,0,0,0,0,0,0,0,0,0.6,-0.4,0
549.80,1780803375803,0.6,0,0,0,0,0,0,POSITION,NONE,0,0,0,0,0,0,0,0,0,0,0.6,-0.4,0
550.20,1780803375803,0.6,0,0,0,0,0,0,POSITION,NONE,0,0,0,0,0,0,0,0,0,0,0.6,-0.4,0
550.50,1780803375804,0.6,0,0,0,0,0,0,POSITION,NONE,0,0,0,0,0,0,0,0,0,0,0.6,-0.4,0
555.30,1780803375809,0.6,0,0,0,0,0,0,POSITION,NONE,0,0,0,0,0,0,0,0,0,0,0.6,-0.4,0
555.50,1780803375809,0.6,0,0,0,0,0,0,POSITION,NONE,0,0,0,0,0,0,0,0,0,0,0.6,-0.4,0
556.00,1780803375809,0.6,0,0,0,0,0,0,POSITION,NONE,0,0,0,0,0,0,0,0,0,0,0.6,-0.4,0
556.30,1780803375810,0.6,0,0,0,0,0,0,POSITION,NONE,0,0,0,0,0,0,0,0,0,0,0.6,-0.4,0
556.50,1780803375810,0.6,0,0,0,0,0,0,POSITION,NONE,0,0,0,0,0,0,0,0,0,0,0.6,-0.4,0
556.70,1780803375810,0.6,0,0,0,0,0,0,POSITION,NONE,0,0,0,0,0,0,0,0,0,0,0.6,-0.4,0
557.10,1780803375810,0.6,0,0,0,0,0,0,POSITION,NONE,0,0,0,0,0,0,0,0,0,0,0.6,-0.4,0
557.40,1780803375811,0.6,0,0,0,0,0,0,POSITION,NONE,0,0,0,0,0,0,0,0,0,0,0.6,-0.4,0
562.40,1780803375816,0.6,0,0,0,0,0,0,POSITION,NONE,0,0,0,0,0,0,0,0,0,0,0.6,-0.4,0
562.70,1780803375816,0.6,0,0,0,0,0,0,POSITION,NONE,0,0,0,0,0,0,0,0,0,0,0.6,-0.4,0
562.90,1780803375816,0.6,0,0,0,0,0,0,POSITION,NONE,0,0,0,0,0,0,0,0,0,0,0.6,-0.4,0
563.20,1780803375816,0.6,0,0,0,0,0,0,POSITION,NONE,0,0,0,0,0,0,0,0,0,0,0.6,-0.4,0
566.50,1780803375820,0.6,0,0,0,0,0,0,POSITION,NONE,0,0,0,0,0,0,0,0,0,0,0.6,-0.4,0
567.00,1780803375820,0.6,0,0,0,0,0,0,POSITION,NONE,0,0,0,0,0,0,0,0,0,0,0.6,-0.4,0
567.70,1780803375821,0.6,0,0,0,0,0,0,POSITION,NONE,0,0,0,0,0,0,0,0,0,0,0.6,-0.4,0
568.30,1780803375822,0.6,0,0,0,0,0,0,POSITION,NONE,0,0,0,0,0,0,0,0,0,0,0.6,-0.4,0
568.80,1780803375822,0.6,0,0,0,0,0,0,POSITION,NONE,0,0,0,0,0,0,0,0,0,0,0.6,-0.4,0
569.30,1780803375823,0.6,0,0,0,0,0,0,POSITION,NONE,0,0,0,0,0,0,0,0,0,0,0.6,-0.4,0
569.60,1780803375823,0.6,0,0,0,0,0,0,POSITION,NONE,0,0,0,0,0,0,0,0,0,0,0.6,-0.4,0
570.00,1780803375823,0.6,0,0,0,0,0,0,POSITION,NONE,0,0,0,0,0,0,0,0,0,0,0.6,-0.4,0
570.50,1780803375824,0.6,0,0,0,0,0,0,POSITION,NONE,0,0,0,0,0,0,0,0,0,0,0.6,-0.4,0
570.70,1780803375824,0.6,0,0,0,0,0,0,POSITION,NONE,0,0,0,0,0,0,0,0,0,0,0.6,-0.4,0
577.10,1780803375830,0.6,0,0,0,0,0,0,POSITION,NONE,0,0,0,0,0,0,0,0,0,0,0.6,-0.4,0
577.40,1780803375831,0.6,0,0,0,0,0,0,POSITION,NONE,0,0,0,0,0,0,0,0,0,0,0.6,-0.4,0
577.70,1780803375831,0.6,0,0,0,0,0,0,POSITION,NONE,0,0,0,0,0,0,0,0,0,0,0.6,-0.4,0
577.90,1780803375831,0.6,0,0,0,0,0,0,POSITION,NONE,0,0,0,0,0,0,0,0,0,0,0.6,-0.4,0
578.50,1780803375832,0.6,0,0,0,0,0,0,POSITION,NONE,0,0,0,0,0,0,0,0,0,0,0.6,-0.4,0
578.70,1780803375832,0.6,0,0,0,0,0,0,POSITION,NONE,0,0,0,0,0,0,0,0,0,0,0.6,-0.4,0
585.30,1780803375839,0.6,0,0,0,0,0,0,POSITION,NONE,0,0,0,0,0,0,0,0,0,0,0.6,-0.4,0
585.90,1780803375839,0.6,0,0,0,0,0,0,POSITION,NONE,0,0,0,0,0,0,0,0,0,0,0.6,-0.4,0
586.20,1780803375840,0.6,0,0,0,0,0,0,POSITION,NONE,0,0,0,0,0,0,0,0,0,0,0.6,-0.4,0
586.40,1780803375840,0.6,0,0,0,0,0,0,POSITION,NONE,0,0,0,0,0,0,0,0,0,0,0.6,-0.4,0
586.90,1780803375840,0.6,0,0,0,0,0,0,POSITION,NONE,0,0,0,0,0,0,0,0,0,0,0.6,-0.4,0
587.10,1780803375840,0.6,0,0,0,0,0,0,POSITION,NONE,0,0,0,0,0,0,0,0,0,0,0.6,-0.4,0
591.80,1780803375845,0.6,0,0,0,0,0,0,POSITION,NONE,0,0,0,0,0,0,0,0,0,0,0.6,-0.4,0
592.10,1780803375845,0.6,0,0,0,0,0,0,POSITION,NONE,0,0,0,0,0,0,0,0,0,0,0.6,-0.4,0
592.40,1780803375846,0.6,0,0,0,0,0,0,POSITION,NONE,0,0,0,0,0,0,0,0,0,0,0.6,-0.4,0
592.70,1780803375846,0.6,0,0,0,0,0,0,POSITION,NONE,0,0,0,0,0,0,0,0,0,0,0.6,-0.4,0
593.40,1780803375847,0.6,0,0,0,0,0,0,POSITION,NONE,0,0,0,0,0,0,0,0,0,0,0.6,-0.4,0
593.60,1780803375847,0.6,0,0,0,0,0,0,POSITION,NONE,0,0,0,0,0,0,0,0,0,0,0.6,-0.4,0
593.90,1780803375847,0.6,0,0,0,0,0,0,POSITION,NONE,0,0,0,0,0,0,0,0,0,0,0.6,-0.4,0
594.30,1780803375848,0.6,0,0,0,0,0,0,POSITION,NONE,0,0,0,0,0,0,0,0,0,0,0.6,-0.4,0
594.50,1780803375848,0.6,0,0,0,0,0,0,POSITION,NONE,0,0,0,0,0,0,0,0,0,0,0.6,-0.4,0
594.70,1780803375848,0.6,0,0,0,0,0,0,POSITION,NONE,0,0,0,0,0,0,0,0,0,0,0.6,-0.4,0
600.10,1780803375853,0.6,0,0,0,0,0,0,POSITION,NONE,0,0,0,0,0,0,0,0,0,0,0.6,-0.4,0
600.50,1780803375854,0.6,0,0,0,0,0,0,POSITION,NONE,0,0,0,0,0,0,0,0,0,0,0.6,-0.4,0
601.30,1780803375855,0.6,0,0,0,0,0,0,POSITION,NONE,0,0,0,0,0,0,0,0,0,0,0.6,-0.4,0
601.70,1780803375855,0.6,0,0,0,0,0,0,POSITION,NONE,0,0,0,0,0,0,0,0,0,0,0.6,-0.4,0
606.70,1780803375860,0.6,0,0,0,0,0,0,POSITION,NONE,0,0,0,0,0,0,0,0,0,0,0.6,-0.4,0
607.10,1780803375860,0.6,0,0,0,0,0,0,POSITION,NONE,0,0,0,0,0,0,0,0,0,0,0.6,-0.4,0
607.40,1780803375861,0.6,0,0,0,0,0,0,POSITION,NONE,0,0,0,0,0,0,0,0,0,0,0.6,-0.4,0
607.60,1780803375861,0.6,0,0,0,0,0,0,POSITION,NONE,0,0,0,0,0,0,0,0,0,0,0.6,-0.4,0
608.00,1780803375861,0.6,0,0,0,0,0,0,POSITION,NONE,0,0,0,0,0,0,0,0,0,0,0.6,-0.4,0
608.30,1780803375862,0.6,0,0,0,0,0,0,POSITION,NONE,0,0,0,0,0,0,0,0,0,0,0.6,-0.4,0
612.90,1780803375866,0.6,0,0,0,0,0,0,POSITION,NONE,0,0,0,0,0,0,0,0,0,0,0.6,-0.4,0
613.10,1780803375866,0.6,0,0,0,0,0,0,POSITION,NONE,0,0,0,0,0,0,0,0,0,0,0.6,-0.4,0
613.40,1780803375867,0.6,0,0,0,0,0,0,POSITION,NONE,0,0,0,0,0,0,0,0,0,0,0.6,-0.4,0
613.70,1780803375867,0.6,0,0,0,0,0,0,POSITION,NONE,0,0,0,0,0,0,0,0,0,0,0.6,-0.4,0
614.20,1780803375867,0.6,0,0,0,0,0,0,POSITION,NONE,0,0,0,0,0,0,0,0,0,0,0.6,-0.4,0
614.40,1780803375868,0.6,0,0,0,0,0,0,POSITION,NONE,0,0,0,0,0,0,0,0,0,0,0.6,-0.4,0
614.80,1780803375868,0.6,0,0,0,0,0,0,POSITION,NONE,0,0,0,0,0,0,0,0,0,0,0.6,-0.4,0
615.10,1780803375868,0.6,0,0,0,0,0,0,POSITION,NONE,0,0,0,0,0,0,0,0,0,0,0.6,-0.4,0
615.80,1780803375869,0.6,0,0,0,0,0,0,POSITION,NONE,0,0,0,0,0,0,0,0,0,0,0.6,-0.4,0
616.40,1780803375870,0.6,0,0,0,0,0,0,POSITION,NONE,0,0,0,0,0,0,0,0,0,0,0.6,-0.4,0
621.80,1780803375875,0.6,0,0,0,0,0,0,POSITION,NONE,0,0,0,0,0,0,0,0,0,0,0.6,-0.4,0
622.40,1780803375876,0.6,0,0,0,0,0,0,POSITION,NONE,0,0,0,0,0,0,0,0,0,0,0.6,-0.4,0
622.70,1780803375876,0.6,0,0,0,0,0,0,POSITION,NONE,0,0,0,0,0,0,0,0,0,0,0.6,-0.4,0
623.40,1780803375877,0.6,0,0,0,0,0,0,POSITION,NONE,0,0,0,0,0,0,0,0,0,0,0.6,-0.4,0
628.40,1780803375882,0.6,0,0,0,0,0,0,POSITION,NONE,0,0,0,0,0,0,0,0,0,0,0.6,-0.4,0
628.90,1780803375882,0.6,0,0,0,0,0,0,POSITION,NONE,0,0,0,0,0,0,0,0,0,0,0.6,-0.4,0
629.60,1780803375883,0.6,0,0,0,0,0,0,POSITION,NONE,0,0,0,0,0,0,0,0,0,0,0.6,-0.4,0
630.10,1780803375883,0.6,0,0,0,0,0,0,POSITION,NONE,0,0,0,0,0,0,0,0,0,0,0.6,-0.4,0
630.50,1780803375884,0.6,0,0,0,0,0,0,POSITION,NONE,0,0,0,0,0,0,0,0,0,0,0.6,-0.4,0
635.90,1780803375889,0.6,0,0,0,0,0,0,POSITION,NONE,0,0,0,0,0,0,0,0,0,0,0.6,-0.4,0
636.80,1780803375890,0.6,0,0,0,0,0,0,POSITION,NONE,0,0,0,0,0,0,0,0,0,0,0.6,-0.4,0
637.20,1780803375890,0.6,0,0,0,0,0,0,POSITION,NONE,0,0,0,0,0,0,0,0,0,0,0.6,-0.4,0
637.60,1780803375891,0.6,0,0,0,0,0,0,POSITION,NONE,0,0,0,0,0,0,0,0,0,0,0.6,-0.4,0
638.10,1780803375891,0.6,0,0,0,0,0,0,POSITION,NONE,0,0,0,0,0,0,0,0,0,0,0.6,-0.4,0
638.40,1780803375892,0.6,0,0,0,0,0,0,POSITION,NONE,0,0,0,0,0,0,0,0,0,0,0.6,-0.4,0
638.60,1780803375892,0.6,0,0,0,0,0,0,POSITION,NONE,0,0,0,0,0,0,0,0,0,0,0.6,-0.4,0
644.60,1780803375898,0.6,0,0,0,0,0,0,POSITION,NONE,0,0,0,0,0,0,0,0,0,0,0.6,-0.4,0
644.90,1780803375898,0.6,0,0,0,0,0,0,POSITION,NONE,0,0,0,0,0,0,0,0,0,0,0.6,-0.4,0
645.70,1780803375899,0.6,0,0,0,0,0,0,POSITION,NONE,0,0,0,0,0,0,0,0,0,0,0.6,-0.4,0
646.10,1780803375899,0.6,0,0,0,0,0,0,POSITION,NONE,0,0,0,0,0,0,0,0,0,0,0.6,-0.4,0
646.40,1780803375900,0.6,0,0,0,0,0,0,POSITION,NONE,0,0,0,0,0,0,0,0,0,0,0.6,-0.4,0
646.60,1780803375900,0.6,0,0,0,0,0,0,POSITION,NONE,0,0,0,0,0,0,0,0,0,0,0.6,-0.4,0
652.40,1780803375906,0.6,0,0,0,0,0,0,POSITION,NONE,0,0,0,0,0,0,0,0,0,0,0.6,-0.4,0
652.70,1780803375906,0.6,0,0,0,0,0,0,POSITION,NONE,0,0,0,0,0,0,0,0,0,0,0.6,-0.4,0
653.30,1780803375907,0.6,0,0,0,0,0,0,POSITION,NONE,0,0,0,0,0,0,0,0,0,0,0.6,-0.4,0
653.70,1780803375907,0.6,0,0,0,0,0,0,POSITION,NONE,0,0,0,0,0,0,0,0,0,0,0.6,-0.4,0
653.90,1780803375907,0.6,0,0,0,0,0,0,POSITION,NONE,0,0,0,0,0,0,0,0,0,0,0.6,-0.4,0
654.10,1780803375907,0.6,0,0,0,0,0,0,POSITION,NONE,0,0,0,0,0,0,0,0,0,0,0.6,-0.4,0
654.50,1780803375908,0.6,0,0,0,0,0,0,POSITION,NONE,0,0,0,0,0,0,0,0,0,0,0.6,-0.4,0
654.70,1780803375908,0.6,0,0,0,0,0,0,POSITION,NONE,0,0,0,0,0,0,0,0,0,0,0.6,-0.4,0
655.00,1780803375908,0.6,0,0,0,0,0,0,POSITION,NONE,0,0,0,0,0,0,0,0,0,0,0.6,-0.4,0
659.60,1780803375913,0.6,0,0,0,0,0,0,POSITION,NONE,0,0,0,0,0,0,0,0,0,0,0.6,-0.4,0
660.00,1780803375913,0.6,0,0,0,0,0,0,POSITION,NONE,0,0,0,0,0,0,0,0,0,0,0.6,-0.4,0
660.30,1780803375914,0.6,0,0,0,0,0,0,POSITION,NONE,0,0,0,0,0,0,0,0,0,0,0.6,-0.4,0
661.40,1780803375915,0.6,0,0,0,0,0,0,POSITION,NONE,0,0,0,0,0,0,0,0,0,0,0.6,-0.4,0
661.70,1780803375915,0.6,0,0,0,0,0,0,POSITION,NONE,0,0,0,0,0,0,0,0,0,0,0.6,-0.4,0
661.90,1780803375915,0.6,0,0,0,0,0,0,POSITION,NONE,0,0,0,0,0,0,0,0,0,0,0.6,-0.4,0
666.80,1780803375920,0.6,0,0,0,0,0,0,POSITION,NONE,0,0,0,0,0,0,0,0,0,0,0.6,-0.4,0
667.30,1780803375921,0.6,0,0,0,0,0,0,POSITION,NONE,0,0,0,0,0,0,0,0,0,0,0.6,-0.4,0
667.80,1780803375921,0.6,0,0,0,0,0,0,POSITION,NONE,0,0,0,0,0,0,0,0,0,0,0.6,-0.4,0
672.20,1780803375925,0.6,0,0,0,0,0,0,POSITION,NONE,0,0,0,0,0,0,0,0,0,0,0.6,-0.4,0
672.50,1780803375926,0.6,0,0,0,0,0,0,POSITION,NONE,0,0,0,0,0,0,0,0,0,0,0.6,-0.4,0
672.80,1780803375926,0.6,0,0,0,0,0,0,POSITION,NONE,0,0,0,0,0,0,0,0,0,0,0.6,-0.4,0
673.20,1780803375926,0.6,0,0,0,0,0,0,POSITION,NONE,0,0,0,0,0,0,0,0,0,0,0.6,-0.4,0
673.60,1780803375927,0.6,0,0,0,0,0,0,POSITION,NONE,0,0,0,0,0,0,0,0,0,0,0.6,-0.4,0
673.90,1780803375927,0.6,0,0,0,0,0,0,POSITION,NONE,0,0,0,0,0,0,0,0,0,0,0.6,-0.4,0
674.20,1780803375928,0.6,0,0,0,0,0,0,POSITION,NONE,0,0,0,0,0,0,0,0,0,0,0.6,-0.4,0
674.50,1780803375928,0.6,0,0,0,0,0,0,POSITION,NONE,0,0,0,0,0,0,0,0,0,0,0.6,-0.4,0
674.70,1780803375928,0.6,0,0,0,0,0,0,POSITION,NONE,0,0,0,0,0,0,0,0,0,0,0.6,-0.4,0
675.00,1780803375928,0.6,0,0,0,0,0,0,POSITION,NONE,0,0,0,0,0,0,0,0,0,0,0.6,-0.4,0
679.30,1780803375933,0.6,0,0,0,0,0,0,POSITION,NONE,0,0,0,0,0,0,0,0,0,0,0.6,-0.4,0
679.60,1780803375933,0.6,0,0,0,0,0,0,POSITION,NONE,0,0,0,0,0,0,0,0,0,0,0.6,-0.4,0
686.30,1780803375940,0.6,0,0,0,0,0,0,POSITION,NONE,0,0,0,0,0,0,0,0,0,0,0.6,-0.4,0
686.70,1780803375940,0.6,0,0,0,0,0,0,POSITION,NONE,0,0,0,0,0,0,0,0,0,0,0.6,-0.4,0
687.40,1780803375941,0.6,0,0,0,0,0,0,POSITION,NONE,0,0,0,0,0,0,0,0,0,0,0.6,-0.4,0
687.70,1780803375941,0.6,0,0,0,0,0,0,POSITION,NONE,0,0,0,0,0,0,0,0,0,0,0.6,-0.4,0
700.80,1780803375954,0.6,0,0,0,0,0,0,POSITION,NONE,0,0,0,0,0,0,0,0,0,0,0.6,-0.4,0
701.20,1780803375954,0.6,0,0,0,0,0,0,POSITION,NONE,0,0,0,0,0,0,0,0,0,0,0.6,-0.4,0
702.00,1780803375955,0.6,0,0,0,0,0,0,POSITION,NONE,0,0,0,0,0,0,0,0,0,0,0.6,-0.4,0
702.20,1780803375955,0.6,0,0,0,0,0,0,POSITION,NONE,0,0,0,0,0,0,0,0,0,0,0.6,-0.4,0
702.40,1780803375956,0.6,0,0,0,0,0,0,POSITION,NONE,0,0,0,0,0,0,0,0,0,0,0.6,-0.4,0
702.70,1780803375956,0.6,0,0,0,0,0,0,POSITION,NONE,0,0,0,0,0,0,0,0,0,0,0.6,-0.4,0
715.00,1780803375968,0.6,0,0,0,0,0,0,POSITION,NONE,0,0,0,0,0,0,0,0,0,0,0.6,-0.4,0
715.30,1780803375969,0.6,0,0,0,0,0,0,POSITION,NONE,0,0,0,0,0,0,0,0,0,0,0.6,-0.4,0
715.50,1780803375969,0.6,0,0,0,0,0,0,POSITION,NONE,0,0,0,0,0,0,0,0,0,0,0.6,-0.4,0
716.00,1780803375969,0.6,0,0,0,0,0,0,POSITION,NONE,0,0,0,0,0,0,0,0,0,0,0.6,-0.4,0
716.40,1780803375970,0.6,0,0,0,0,0,0,POSITION,NONE,0,0,0,0,0,0,0,0,0,0,0.6,-0.4,0
717.10,1780803375970,0.6,0,0,0,0,0,0,POSITION,NONE,0,0,0,0,0,0,0,0,0,0,0.6,-0.4,0
718.20,1780803375971,0.6,0,0,0,0,0,0,POSITION,NONE,0,0,0,0,0,0,0,0,0,0,0.6,-0.4,0
718.60,1780803375972,0.6,0,0,0,0,0,0,POSITION,NONE,0,0,0,0,0,0,0,0,0,0,0.6,-0.4,0
718.80,1780803375972,0.6,0,0,0,0,0,0,POSITION,NONE,0,0,0,0,0,0,0,0,0,0,0.6,-0.4,0
719.10,1780803375972,0.6,0,0,0,0,0,0,POSITION,NONE,0,0,0,0,0,0,0,0,0,0,0.6,-0.4,0
726.80,1780803375980,0.6,0,0,0,0,0,0,POSITION,NONE,0,0,0,0,0,0,0,0,0,0,0.6,-0.4,0
727.70,1780803375981,0.6,0,0,0,0,0,0,POSITION,NONE,0,0,0,0,0,0,0,0,0,0,0.6,-0.4,0
728.50,1780803375982,0.6,0,0,0,0,0,0,POSITION,NONE,0,0,0,0,0,0,0,0,0,0,0.6,-0.4,0
728.90,1780803375982,0.6,0,0,0,0,0,0,POSITION,NONE,0,0,0,0,0,0,0,0,0,0,0.6,-0.4,0
729.40,1780803375983,0.6,0,0,0,0,0,0,POSITION,NONE,0,0,0,0,0,0,0,0,0,0,0.6,-0.4,0
729.90,1780803375983,0.6,0,0,0,0,0,0,POSITION,NONE,0,0,0,0,0,0,0,0,0,0,0.6,-0.4,0
734.70,1780803375988,0.6,0,0,0,0,0,0,POSITION,NONE,0,0,0,0,0,0,0,0,0,0,0.6,-0.4,0
735.00,1780803375988,0.6,0,0,0,0,0,0,POSITION,NONE,0,0,0,0,0,0,0,0,0,0,0.6,-0.4,0
735.70,1780803375989,0.6,0,0,0,0,0,0,POSITION,NONE,0,0,0,0,0,0,0,0,0,0,0.6,-0.4,0
736.20,1780803375989,0.6,0,0,0,0,0,0,POSITION,NONE,0,0,0,0,0,0,0,0,0,0,0.6,-0.4,0
736.50,1780803375990,0.6,0,0,0,0,0,0,POSITION,NONE,0,0,0,0,0,0,0,0,0,0,0.6,-0.4,0
736.80,1780803375990,0.6,0,0,0,0,0,0,POSITION,NONE,0,0,0,0,0,0,0,0,0,0,0.6,-0.4,0
741.40,1780803375995,0.6,0,0,0,0,0,0,POSITION,NONE,0,0,0,0,0,0,0,0,0,0,0.6,-0.4,0
742.10,1780803375995,0.6,0,0,0,0,0,0,POSITION,NONE,0,0,0,0,0,0,0,0,0,0,0.6,-0.4,0
743.00,1780803375996,0.6,0,0,0,0,0,0,POSITION,NONE,0,0,0,0,0,0,0,0,0,0,0.6,-0.4,0
743.20,1780803375997,0.6,0,0,0,0,0,0,POSITION,NONE,0,0,0,0,0,0,0,0,0,0,0.6,-0.4,0
743.40,1780803375997,0.6,0,0,0,0,0,0,POSITION,NONE,0,0,0,0,0,0,0,0,0,0,0.6,-0.4,0
743.80,1780803375997,0.6,0,0,0,0,0,0,POSITION,NONE,0,0,0,0,0,0,0,0,0,0,0.6,-0.4,0
744.90,1780803375998,0.6,0,0,0,0,0,0,POSITION,NONE,0,0,0,0,0,0,0,0,0,0,0.6,-0.4,0
745.30,1780803375999,0.6,0,0,0,0,0,0,POSITION,NONE,0,0,0,0,0,0,0,0,0,0,0.6,-0.4,0
750.40,1780803376004,0.6,0,0,0,0,0,0,POSITION,NONE,0,0,0,0,0,0,0,0,0,0,0.6,-0.4,0
750.90,1780803376004,0.6,0,0,0,0,0,0,POSITION,NONE,0,0,0,0,0,0,0,0,0,0,0.6,-0.4,0
751.30,1780803376005,0.6,0,0,0,0,0,0,POSITION,NONE,0,0,0,0,0,0,0,0,0,0,0.6,-0.4,0
751.60,1780803376005,0.6,0,0,0,0,0,0,POSITION,NONE,0,0,0,0,0,0,0,0,0,0,0.6,-0.4,0
752.20,1780803376005,0.6,0,0,0,0,0,0,POSITION,NONE,0,0,0,0,0,0,0,0,0,0,0.6,-0.4,0
752.50,1780803376006,0.6,0,0,0,0,0,0,POSITION,NONE,0,0,0,0,0,0,0,0,0,0,0.6,-0.4,0
757.70,1780803376011,0.6,0,0,0,0,0,0,POSITION,NONE,0,0,0,0,0,0,0,0,0,0,0.6,-0.4,0
758.00,1780803376011,0.6,0,0,0,0,0,0,POSITION,NONE,0,0,0,0,0,0,0,0,0,0,0.6,-0.4,0
758.40,1780803376012,0.6,0,0,0,0,0,0,POSITION,NONE,0,0,0,0,0,0,0,0,0,0,0.6,-0.4,0
759.00,1780803376012,0.6,0,0,0,0,0,0,POSITION,NONE,0,0,0,0,0,0,0,0,0,0,0.6,-0.4,0
759.80,1780803376013,0.6,0,0,0,0,0,0,POSITION,NONE,0,0,0,0,0,0,0,0,0,0,0.6,-0.4,0
760.10,1780803376013,0.6,0,0,0,0,0,0,POSITION,NONE,0,0,0,0,0,0,0,0,0,0,0.6,-0.4,0
760.70,1780803376014,0.6,0,0,0,0,0,0,POSITION,NONE,0,0,0,0,0,0,0,0,0,0,0.6,-0.4,0
765.50,1780803376019,0.6,0,0,0,0,0,0,POSITION,NONE,0,0,0,0,0,0,0,0,0,0,0.6,-0.4,0
765.80,1780803376019,0.6,0,0,0,0,0,0,POSITION,NONE,0,0,0,0,0,0,0,0,0,0,0.6,-0.4,0
766.10,1780803376019,0.6,0,0,0,0,0,0,POSITION,NONE,0,0,0,0,0,0,0,0,0,0,0.6,-0.4,0
767.20,1780803376020,0.6,0,0,0,0,0,0,POSITION,NONE,0,0,0,0,0,0,0,0,0,0,0.6,-0.4,0
768.10,1780803376021,0.6,0,0,0,0,0,0,POSITION,NONE,0,0,0,0,0,0,0,0,0,0,0.6,-0.4,0
768.60,1780803376022,0.6,0,0,0,0,0,0,POSITION,NONE,0,0,0,0,0,0,0,0,0,0,0.6,-0.4,0
773.80,1780803376027,0.6,0,0,0,0,0,0,POSITION,NONE,0,0,0,0,0,0,0,0,0,0,0.6,-0.4,0
774.10,1780803376027,0.6,0,0,0,0,0,0,POSITION,NONE,0,0,0,0,0,0,0,0,0,0,0.6,-0.4,0
774.40,1780803376028,0.6,0,0,0,0,0,0,POSITION,NONE,0,0,0,0,0,0,0,0,0,0,0.6,-0.4,0
780.90,1780803376034,0.6,0,0,0,0,0,0,POSITION,NONE,0,0,0,0,0,0,0,0,0,0,0.6,-0.4,0
781.20,1780803376034,0.6,0,0,0,0,0,0,POSITION,NONE,0,0,0,0,0,0,0,0,0,0,0.6,-0.4,0
781.40,1780803376035,0.6,0,0,0,0,0,0,POSITION,NONE,0,0,0,0,0,0,0,0,0,0,0.6,-0.4,0
782.00,1780803376035,0.6,0,0,0,0,0,0,POSITION,NONE,0,0,0,0,0,0,0,0,0,0,0.6,-0.4,0
782.30,1780803376036,0.6,0,0,0,0,0,0,POSITION,NONE,0,0,0,0,0,0,0,0,0,0,0.6,-0.4,0
782.50,1780803376036,0.6,0,0,0,0,0,0,POSITION,NONE,0,0,0,0,0,0,0,0,0,0,0.6,-0.4,0
782.90,1780803376036,0.6,0,0,0,0,0,0,POSITION,NONE,0,0,0,0,0,0,0,0,0,0,0.6,-0.4,0
783.40,1780803376037,0.6,0,0,0,0,0,0,POSITION,NONE,0,0,0,0,0,0,0,0,0,0,0.6,-0.4,0
784.00,1780803376037,0.6,0,0,0,0,0,0,POSITION,NONE,0,0,0,0,0,0,0,0,0,0,0.6,-0.4,0
784.30,1780803376038,0.6,0,0,0,0,0,0,POSITION,NONE,0,0,0,0,0,0,0,0,0,0,0.6,-0.4,0
794.70,1780803376048,0.6,0,0,0,0,0,0,POSITION,NONE,0,0,0,0,0,0,0,0,0,0,0.6,-0.4,0
795.10,1780803376048,0.6,0,0,0,0,0,0,POSITION,NONE,0,0,0,0,0,0,0,0,0,0,0.6,-0.4,0
796.20,1780803376050,0.6,0,0,0,0,0,0,POSITION,NONE,0,0,0,0,0,0,0,0,0,0,0.6,-0.4,0
796.70,1780803376050,0.6,0,0,0,0,0,0,POSITION,NONE,0,0,0,0,0,0,0,0,0,0,0.6,-0.4,0
797.00,1780803376050,0.6,0,0,0,0,0,0,POSITION,NONE,0,0,0,0,0,0,0,0,0,0,0.6,-0.4,0
797.20,1780803376050,0.6,0,0,0,0,0,0,POSITION,NONE,0,0,0,0,0,0,0,0,0,0,0.6,-0.4,0
803.20,1780803376056,0.6,0,0,0,0,0,0,POSITION,NONE,0,0,0,0,0,0,0,0,0,0,0.6,-0.4,0
803.50,1780803376057,0.6,0,0,0,0,0,0,POSITION,NONE,0,0,0,0,0,0,0,0,0,0,0.6,-0.4,0
804.10,1780803376057,0.6,0,0,0,0,0,0,POSITION,NONE,0,0,0,0,0,0,0,0,0,0,0.6,-0.4,0
804.40,1780803376058,0.6,0,0,0,0,0,0,POSITION,NONE,0,0,0,0,0,0,0,0,0,0,0.6,-0.4,0
804.60,1780803376058,0.6,0,0,0,0,0,0,POSITION,NONE,0,0,0,0,0,0,0,0,0,0,0.6,-0.4,0
808.20,1780803376061,0.6,0,0,0,0,0,0,POSITION,NONE,0,0,0,0,0,0,0,0,0,0,0.6,-0.4,0
809.50,1780803376063,0.6,0,0,0,0,0,0,POSITION,NONE,0,0,0,0,0,0,0,0,0,0,0.6,-0.4,0
809.80,1780803376063,0.6,0,0,0,0,0,0,POSITION,NONE,0,0,0,0,0,0,0,0,0,0,0.6,-0.4,0
810.30,1780803376064,0.6,0,0,0,0,0,0,POSITION,NONE,0,0,0,0,0,0,0,0,0,0,0.6,-0.4,0
814.70,1780803376068,0.6,0,0,0,0,0,0,POSITION,NONE,0,0,0,0,0,0,0,0,0,0,0.6,-0.4,0
814.90,1780803376068,0.6,0,0,0,0,0,0,POSITION,NONE,0,0,0,0,0,0,0,0,0,0,0.6,-0.4,0
815.10,1780803376068,0.6,0,0,0,0,0,0,POSITION,NONE,0,0,0,0,0,0,0,0,0,0,0.6,-0.4,0
815.80,1780803376069,0.6,0,0,0,0,0,0,POSITION,NONE,0,0,0,0,0,0,0,0,0,0,0.6,-0.4,0
816.20,1780803376070,0.6,0,0,0,0,0,0,POSITION,NONE,0,0,0,0,0,0,0,0,0,0,0.6,-0.4,0
816.80,1780803376070,0.6,0,0,0,0,0,0,POSITION,NONE,0,0,0,0,0,0,0,0,0,0,0.6,-0.4,0
818.30,1780803376072,0.6,0,0,0,0,0,0,POSITION,NONE,0,0,0,0,0,0,0,0,0,0,0.6,-0.4,0
818.90,1780803376072,0.6,0,0,0,0,0,0,POSITION,NONE,0,0,0,0,0,0,0,0,0,0,0.6,-0.4,0
819.60,1780803376073,0.6,0,0,0,0,0,0,POSITION,NONE,0,0,0,0,0,0,0,0,0,0,0.6,-0.4,0
824.50,1780803376078,0.6,0,0,0,0,0,0,POSITION,NONE,0,0,0,0,0,0,0,0,0,0,0.6,-0.4,0
825.10,1780803376078,0.6,0,0,0,0,0,0,POSITION,NONE,0,0,0,0,0,0,0,0,0,0,0.6,-0.4,0
825.90,1780803376079,0.6,0,0,0,0,0,0,POSITION,NONE,0,0,0,0,0,0,0,0,0,0,0.6,-0.4,0
826.40,1780803376080,0.6,0,0,0,0,0,0,POSITION,NONE,0,0,0,0,0,0,0,0,0,0,0.6,-0.4,0
827.20,1780803376080,0.6,0,0,0,0,0,0,POSITION,NONE,0,0,0,0,0,0,0,0,0,0,0.6,-0.4,0
827.50,1780803376081,0.6,0,0,0,0,0,0,POSITION,NONE,0,0,0,0,0,0,0,0,0,0,0.6,-0.4,0
827.80,1780803376081,0.6,0,0,0,0,0,0,POSITION,NONE,0,0,0,0,0,0,0,0,0,0,0.6,-0.4,0
831.90,1780803376085,0.6,0,0,0,0,0,0,POSITION,NONE,0,0,0,0,0,0,0,0,0,0,0.6,-0.4,0
832.20,1780803376085,0.6,0,0,0,0,0,0,POSITION,NONE,0,0,0,0,0,0,0,0,0,0,0.6,-0.4,0
832.50,1780803376086,0.6,0,0,0,0,0,0,POSITION,NONE,0,0,0,0,0,0,0,0,0,0,0.6,-0.4,0
832.80,1780803376086,0.6,0,0,0,0,0,0,POSITION,NONE,0,0,0,0,0,0,0,0,0,0,0.6,-0.4,0
833.40,1780803376087,0.6,0,0,0,0,0,0,POSITION,NONE,0,0,0,0,0,0,0,0,0,0,0.6,-0.4,0
833.90,1780803376087,0.6,0,0,0,0,0,0,POSITION,NONE,0,0,0,0,0,0,0,0,0,0,0.6,-0.4,0
834.60,1780803376088,0.6,0,0,0,0,0,0,POSITION,NONE,0,0,0,0,0,0,0,0,0,0,0.6,-0.4,0
834.90,1780803376088,0.6,0,0,0,0,0,0,POSITION,NONE,0,0,0,0,0,0,0,0,0,0,0.6,-0.4,0
837.10,1780803376090,0.6,0,0,0,0,0,0,POSITION,NONE,0,0,0,0,0,0,0,0,0,0,0.6,-0.4,0
837.70,1780803376091,0.6,0,0,0,0,0,0,POSITION,NONE,0,0,0,0,0,0,0,0,0,0,0.6,-0.4,0
841.60,1780803376095,0.6,0,0,0,0,0,0,POSITION,NONE,0,0,0,0,0,0,0,0,0,0,0.6,-0.4,0
842.00,1780803376095,0.6,0,0,0,0,0,0,POSITION,NONE,0,0,0,0,0,0,0,0,0,0,0.6,-0.4,0
842.80,1780803376096,0.6,0,0,0,0,0,0,POSITION,NONE,0,0,0,0,0,0,0,0,0,0,0.6,-0.4,0
843.00,1780803376096,0.6,0,0,0,0,0,0,POSITION,NONE,0,0,0,0,0,0,0,0,0,0,0.6,-0.4,0
843.40,1780803376097,0.6,0,0,0,0,0,0,POSITION,NONE,0,0,0,0,0,0,0,0,0,0,0.6,-0.4,0
843.60,1780803376097,0.6,0,0,0,0,0,0,POSITION,NONE,0,0,0,0,0,0,0,0,0,0,0.6,-0.4,0
847.50,1780803376101,0.6,0,0,0,0,0,0,POSITION,NONE,0,0,0,0,0,0,0,0,0,0,0.6,-0.4,0
847.70,1780803376101,0.6,0,0,0,0,0,0,POSITION,NONE,0,0,0,0,0,0,0,0,0,0,0.6,-0.4,0
848.20,1780803376101,0.6,0,0,0,0,0,0,POSITION,NONE,0,0,0,0,0,0,0,0,0,0,0.6,-0.4,0
848.40,1780803376102,0.6,0,0,0,0,0,0,POSITION,NONE,0,0,0,0,0,0,0,0,0,0,0.6,-0.4,0
848.70,1780803376102,0.6,0,0,0,0,0,0,POSITION,NONE,0,0,0,0,0,0,0,0,0,0,0.6,-0.4,0
848.90,1780803376102,0.6,0,0,0,0,0,0,POSITION,NONE,0,0,0,0,0,0,0,0,0,0,0.6,-0.4,0
849.30,1780803376103,0.6,0,0,0,0,0,0,POSITION,NONE,0,0,0,0,0,0,0,0,0,0,0.6,-0.4,0
849.80,1780803376103,0.6,0,0,0,0,0,0,POSITION,NONE,0,0,0,0,0,0,0,0,0,0,0.6,-0.4,0
854.80,1780803376108,0.6,0,0,0,0,0,0,POSITION,NONE,0,0,0,0,0,0,0,0,0,0,0.6,-0.4,0
855.50,1780803376109,0.6,0,0,0,0,0,0,POSITION,NONE,0,0,0,0,0,0,0,0,0,0,0.6,-0.4,0
855.80,1780803376109,0.6,0,0,0,0,0,0,POSITION,NONE,0,0,0,0,0,0,0,0,0,0,0.6,-0.4,0
856.10,1780803376109,0.6,0,0,0,0,0,0,POSITION,NONE,0,0,0,0,0,0,0,0,0,0,0.6,-0.4,0
860.60,1780803376114,0.6,0,0,0,0,0,0,POSITION,NONE,0,0,0,0,0,0,0,0,0,0,0.6,-0.4,0
860.90,1780803376114,0.6,0,0,0,0,0,0,POSITION,NONE,0,0,0,0,0,0,0,0,0,0,0.6,-0.4,0
861.10,1780803376114,0.6,0,0,0,0,0,0,POSITION,NONE,0,0,0,0,0,0,0,0,0,0,0.6,-0.4,0
861.50,1780803376115,0.6,0,0,0,0,0,0,POSITION,NONE,0,0,0,0,0,0,0,0,0,0,0.6,-0.4,0
861.80,1780803376115,0.6,0,0,0,0,0,0,POSITION,NONE,0,0,0,0,0,0,0,0,0,0,0.6,-0.4,0
862.00,1780803376115,0.6,0,0,0,0,0,0,POSITION,NONE,0,0,0,0,0,0,0,0,0,0,0.6,-0.4,0
862.40,1780803376116,0.6,0,0,0,0,0,0,POSITION,NONE,0,0,0,0,0,0,0,0,0,0,0.6,-0.4,0
862.80,1780803376116,0.6,0,0,0,0,0,0,POSITION,NONE,0,0,0,0,0,0,0,0,0,0,0.6,-0.4,0
863.00,1780803376116,0.6,0,0,0,0,0,0,POSITION,NONE,0,0,0,0,0,0,0,0,0,0,0.6,-0.4,0
868.10,1780803376121,0.6,0,0,0,0,0,0,POSITION,NONE,0,0,0,0,0,0,0,0,0,0,0.6,-0.4,0
868.30,1780803376122,0.6,0,0,0,0,0,0,POSITION,NONE,0,0,0,0,0,0,0,0,0,0,0.6,-0.4,0
868.60,1780803376122,0.6,0,0,0,0,0,0,POSITION,NONE,0,0,0,0,0,0,0,0,0,0,0.6,-0.4,0
869.10,1780803376122,0.6,0,0,0,0,0,0,POSITION,NONE,0,0,0,0,0,0,0,0,0,0,0.6,-0.4,0
869.30,1780803376123,0.6,0,0,0,0,0,0,POSITION,NONE,0,0,0,0,0,0,0,0,0,0,0.6,-0.4,0
869.60,1780803376123,0.6,0,0,0,0,0,0,POSITION,NONE,0,0,0,0,0,0,0,0,0,0,0.6,-0.4,0
873.50,1780803376127,0.6,0,0,0,0,0,0,POSITION,NONE,0,0,0,0,0,0,0,0,0,0,0.6,-0.4,0
873.60,1780803376127,0.6,0,0,0,0,0,0,POSITION,NONE,0,0,0,0,0,0,0,0,0,0,0.6,-0.4,0
873.90,1780803376127,0.6,0,0,0,0,0,0,POSITION,NONE,0,0,0,0,0,0,0,0,0,0,0.6,-0.4,0
874.40,1780803376128,0.6,0,0,0,0,0,0,POSITION,NONE,0,0,0,0,0,0,0,0,0,0,0.6,-0.4,0
874.70,1780803376128,0.6,0,0,0,0,0,0,POSITION,NONE,0,0,0,0,0,0,0,0,0,0,0.6,-0.4,0
875.10,1780803376128,0.6,0,0,0,0,0,0,POSITION,NONE,0,0,0,0,0,0,0,0,0,0,0.6,-0.4,0
875.90,1780803376129,0.6,0,0,0,0,0,0,POSITION,NONE,0,0,0,0,0,0,0,0,0,0,0.6,-0.4,0
876.60,1780803376130,0.6,0,0,0,0,0,0,POSITION,NONE,0,0,0,0,0,0,0,0,0,0,0.6,-0.4,0
877.10,1780803376130,0.6,0,0,0,0,0,0,POSITION,NONE,0,0,0,0,0,0,0,0,0,0,0.6,-0.4,0
881.40,1780803376135,0.6,0,0,0,0,0,0,POSITION,NONE,0,0,0,0,0,0,0,0,0,0,0.6,-0.4,0
881.70,1780803376135,0.6,0,0,0,0,0,0,POSITION,NONE,0,0,0,0,0,0,0,0,0,0,0.6,-0.4,0
881.90,1780803376135,0.6,0,0,0,0,0,0,POSITION,NONE,0,0,0,0,0,0,0,0,0,0,0.6,-0.4,0
882.10,1780803376135,0.6,0,0,0,0,0,0,POSITION,NONE,0,0,0,0,0,0,0,0,0,0,0.6,-0.4,0
886.70,1780803376140,0.6,0,0,0,0,0,0,POSITION,NONE,0,0,0,0,0,0,0,0,0,0,0.6,-0.4,0
887.10,1780803376140,0.6,0,0,0,0,0,0,POSITION,NONE,0,0,0,0,0,0,0,0,0,0,0.6,-0.4,0
887.80,1780803376141,0.6,0,0,0,0,0,0,POSITION,NONE,0,0,0,0,0,0,0,0,0,0,0.6,-0.4,0
888.00,1780803376141,0.6,0,0,0,0,0,0,POSITION,NONE,0,0,0,0,0,0,0,0,0,0,0.6,-0.4,0
888.30,1780803376142,0.6,0,0,0,0,0,0,POSITION,NONE,0,0,0,0,0,0,0,0,0,0,0.6,-0.4,0
888.50,1780803376142,0.6,0,0,0,0,0,0,POSITION,NONE,0,0,0,0,0,0,0,0,0,0,0.6,-0.4,0
888.90,1780803376142,0.6,0,0,0,0,0,0,POSITION,NONE,0,0,0,0,0,0,0,0,0,0,0.6,-0.4,0
889.20,1780803376142,0.6,0,0,0,0,0,0,POSITION,NONE,0,0,0,0,0,0,0,0,0,0,0.6,-0.4,0
895.70,1780803376149,0.6,0,0,0,0,0,0,POSITION,NONE,0,0,0,0,0,0,0,0,0,0,0.6,-0.4,0
896.20,1780803376149,0.6,0,0,0,0,0,0,POSITION,NONE,0,0,0,0,0,0,0,0,0,0,0.6,-0.4,0
896.70,1780803376150,0.6,0,0,0,0,0,0,POSITION,NONE,0,0,0,0,0,0,0,0,0,0,0.6,-0.4,0
897.00,1780803376150,0.6,0,0,0,0,0,0,POSITION,NONE,0,0,0,0,0,0,0,0,0,0,0.6,-0.4,0
897.70,1780803376151,0.6,0,0,0,0,0,0,POSITION,NONE,0,0,0,0,0,0,0,0,0,0,0.6,-0.4,0
898.10,1780803376151,0.6,0,0,0,0,0,0,POSITION,NONE,0,0,0,0,0,0,0,0,0,0,0.6,-0.4,0
898.40,1780803376152,0.6,0,0,0,0,0,0,POSITION,NONE,0,0,0,0,0,0,0,0,0,0,0.6,-0.4,0
913.60,1780803376167,0.6,0,0,0,0,0,0,POSITION,NONE,0,0,0,0,0,0,0,0,0,0,0.6,-0.4,0
913.80,1780803376167,0.6,0,0,0,0,0,0,POSITION,NONE,0,0,0,0,0,0,0,0,0,0,0.6,-0.4,0
914.10,1780803376167,0.6,0,0,0,0,0,0,POSITION,NONE,0,0,0,0,0,0,0,0,0,0,0.6,-0.4,0
914.40,1780803376168,0.6,0,0,0,0,0,0,POSITION,NONE,0,0,0,0,0,0,0,0,0,0,0.6,-0.4,0
914.60,1780803376168,0.6,0,0,0,0,0,0,POSITION,NONE,0,0,0,0,0,0,0,0,0,0,0.6,-0.4,0
914.90,1780803376168,0.6,0,0,0,0,0,0,POSITION,NONE,0,0,0,0,0,0,0,0,0,0,0.6,-0.4,0
928.70,1780803376182,0.6,0,0,0,0,0,0,POSITION,NONE,0,0,0,0,0,0,0,0,0,0,0.6,-0.4,0
929.00,1780803376182,0.6,0,0,0,0,0,0,POSITION,NONE,0,0,0,0,0,0,0,0,0,0,0.6,-0.4,0
929.10,1780803376182,0.6,0,0,0,0,0,0,POSITION,NONE,0,0,0,0,0,0,0,0,0,0,0.6,-0.4,0
929.50,1780803376183,0.6,0,0,0,0,0,0,POSITION,NONE,0,0,0,0,0,0,0,0,0,0,0.6,-0.4,0
929.80,1780803376183,0.6,0,0,0,0,0,0,POSITION,NONE,0,0,0,0,0,0,0,0,0,0,0.6,-0.4,0
930.00,1780803376183,0.6,0,0,0,0,0,0,POSITION,NONE,0,0,0,0,0,0,0,0,0,0,0.6,-0.4,0
930.40,1780803376184,0.6,0,0,0,0,0,0,POSITION,NONE,0,0,0,0,0,0,0,0,0,0,0.6,-0.4,0
930.60,1780803376184,0.6,0,0,0,0,0,0,POSITION,NONE,0,0,0,0,0,0,0,0,0,0,0.6,-0.4,0
930.80,1780803376184,0.6,0,0,0,0,0,0,POSITION,NONE,0,0,0,0,0,0,0,0,0,0,0.6,-0.4,0
936.90,1780803376190,0.6,0,0,0,0,0,0,POSITION,NONE,0,0,0,0,0,0,0,0,0,0,0.6,-0.4,0
937.10,1780803376190,0.6,0,0,0,0,0,0,POSITION,NONE,0,0,0,0,0,0,0,0,0,0,0.6,-0.4,0
937.30,1780803376191,0.6,0,0,0,0,0,0,POSITION,NONE,0,0,0,0,0,0,0,0,0,0,0.6,-0.4,0
937.70,1780803376191,0.6,0,0,0,0,0,0,POSITION,NONE,0,0,0,0,0,0,0,0,0,0,0.6,-0.4,0
938.00,1780803376191,0.6,0,0,0,0,0,0,POSITION,NONE,0,0,0,0,0,0,0,0,0,0,0.6,-0.4,0
938.30,1780803376192,0.6,0,0,0,0,0,0,POSITION,NONE,0,0,0,0,0,0,0,0,0,0,0.6,-0.4,0
938.60,1780803376192,0.6,0,0,0,0,0,0,POSITION,NONE,0,0,0,0,0,0,0,0,0,0,0.6,-0.4,0
938.90,1780803376192,0.6,0,0,0,0,0,0,POSITION,NONE,0,0,0,0,0,0,0,0,0,0,0.6,-0.4,0
939.10,1780803376192,0.6,0,0,0,0,0,0,POSITION,NONE,0,0,0,0,0,0,0,0,0,0,0.6,-0.4,0
939.30,1780803376193,0.6,0,0,0,0,0,0,POSITION,NONE,0,0,0,0,0,0,0,0,0,0,0.6,-0.4,0
942.60,1780803376196,0.6,0,0,0,0,0,0,POSITION,NONE,0,0,0,0,0,0,0,0,0,0,0.6,-0.4,0
943.50,1780803376197,0.6,0,0,0,0,0,0,POSITION,NONE,0,0,0,0,0,0,0,0,0,0,0.6,-0.4,0
948.80,1780803376202,0.6,0,0,0,0,0,0,POSITION,NONE,0,0,0,0,0,0,0,0,0,0,0.6,-0.4,0
949.00,1780803376202,0.6,0,0,0,0,0,0,POSITION,NONE,0,0,0,0,0,0,0,0,0,0,0.6,-0.4,0
949.30,1780803376203,0.6,0,0,0,0,0,0,POSITION,NONE,0,0,0,0,0,0,0,0,0,0,0.6,-0.4,0
949.60,1780803376203,0.6,0,0,0,0,0,0,POSITION,NONE,0,0,0,0,0,0,0,0,0,0,0.6,-0.4,0
950.40,1780803376204,0.6,0,0,0,0,0,0,POSITION,NONE,0,0,0,0,0,0,0,0,0,0,0.6,-0.4,0
951.30,1780803376205,0.6,0,0,0,0,0,0,POSITION,NONE,0,0,0,0,0,0,0,0,0,0,0.6,-0.4,0
951.90,1780803376205,0.6,0,0,0,0,0,0,POSITION,NONE,0,0,0,0,0,0,0,0,0,0,0.6,-0.4,0
952.10,1780803376205,0.6,0,0,0,0,0,0,POSITION,NONE,0,0,0,0,0,0,0,0,0,0,0.6,-0.4,0
952.40,1780803376206,0.6,0,0,0,0,0,0,POSITION,NONE,0,0,0,0,0,0,0,0,0,0,0.6,-0.4,0
952.70,1780803376206,0.6,0,0,0,0,0,0,POSITION,NONE,0,0,0,0,0,0,0,0,0,0,0.6,-0.4,0
957.70,1780803376211,0.6,0,0,0,0,0,0,POSITION,NONE,0,0,0,0,0,0,0,0,0,0,0.6,-0.4,0
958.10,1780803376211,0.6,0,0,0,0,0,0,POSITION,NONE,0,0,0,0,0,0,0,0,0,0,0.6,-0.4,0
959.10,1780803376212,0.6,0,0,0,0,0,0,POSITION,NONE,0,0,0,0,0,0,0,0,0,0,0.6,-0.4,0
959.50,1780803376213,0.6,0,0,0,0,0,0,POSITION,NONE,0,0,0,0,0,0,0,0,0,0,0.6,-0.4,0
962.90,1780803376216,0.6,0,0,0,0,0,0,POSITION,NONE,0,0,0,0,0,0,0,0,0,0,0.6,-0.4,0
963.40,1780803376217,0.6,0,0,0,0,0,0,POSITION,NONE,0,0,0,0,0,0,0,0,0,0,0.6,-0.4,0
969.80,1780803376223,0.6,0,0,0,0,0,0,POSITION,NONE,0,0,0,0,0,0,0,0,0,0,0.6,-0.4,0
970.00,1780803376223,0.6,0,0,0,0,0,0,POSITION,NONE,0,0,0,0,0,0,0,0,0,0,0.6,-0.4,0
970.40,1780803376224,0.6,0,0,0,0,0,0,POSITION,NONE,0,0,0,0,0,0,0,0,0,0,0.6,-0.4,0
971.10,1780803376224,0.6,0,0,0,0,0,0,POSITION,NONE,0,0,0,0,0,0,0,0,0,0,0.6,-0.4,0
971.50,1780803376225,0.6,0,0,0,0,0,0,POSITION,NONE,0,0,0,0,0,0,0,0,0,0,0.6,-0.4,0
971.80,1780803376225,0.6,0,0,0,0,0,0,POSITION,NONE,0,0,0,0,0,0,0,0,0,0,0.6,-0.4,0
972.30,1780803376225,0.6,0,0,0,0,0,0,POSITION,NONE,0,0,0,0,0,0,0,0,0,0,0.6,-0.4,0
972.40,1780803376226,0.6,0,0,0,0,0,0,POSITION,NONE,0,0,0,0,0,0,0,0,0,0,0.6,-0.4,0
972.70,1780803376226,0.6,0,0,0,0,0,0,POSITION,NONE,0,0,0,0,0,0,0,0,0,0,0.6,-0.4,0
979.60,1780803376233,0.6,0,0,0,0,0,0,POSITION,NONE,0,0,0,0,0,0,0,0,0,0,0.6,-0.4,0
979.90,1780803376233,0.6,0,0,0,0,0,0,POSITION,NONE,0,0,0,0,0,0,0,0,0,0,0.6,-0.4,0
980.10,1780803376233,0.6,0,0,0,0,0,0,POSITION,NONE,0,0,0,0,0,0,0,0,0,0,0.6,-0.4,0
980.60,1780803376234,0.6,0,0,0,0,0,0,POSITION,NONE,0,0,0,0,0,0,0,0,0,0,0.6,-0.4,0
980.80,1780803376234,0.6,0,0,0,0,0,0,POSITION,NONE,0,0,0,0,0,0,0,0,0,0,0.6,-0.4,0
981.10,1780803376234,0.6,0,0,0,0,0,0,POSITION,NONE,0,0,0,0,0,0,0,0,0,0,0.6,-0.4,0
986.00,1780803376239,0.6,0,0,0,0,0,0,POSITION,NONE,0,0,0,0,0,0,0,0,0,0,0.6,-0.4,0
986.60,1780803376240,0.6,0,0,0,0,0,0,POSITION,NONE,0,0,0,0,0,0,0,0,0,0,0.6,-0.4,0
987.00,1780803376240,0.6,0,0,0,0,0,0,POSITION,NONE,0,0,0,0,0,0,0,0,0,0,0.6,-0.4,0
997.50,1780803376251,0.6,0,0,0,0,0,0,POSITION,NONE,0,0,0,0,0,0,0,0,0,0,0.6,-0.4,0
997.70,1780803376251,0.6,0,0,0,0,0,0,POSITION,NONE,0,0,0,0,0,0,0,0,0,0,0.6,-0.4,0
997.90,1780803376251,0.6,0,0,0,0,0,0,POSITION,NONE,0,0,0,0,0,0,0,0,0,0,0.6,-0.4,0
998.10,1780803376251,0.6,0,0,0,0,0,0,POSITION,NONE,0,0,0,0,0,0,0,0,0,0,0.6,-0.4,0
998.50,1780803376252,0.6,0,0,0,0,0,0,POSITION,NONE,0,0,0,0,0,0,0,0,0,0,0.6,-0.4,0
998.80,1780803376252,0.6,0,0,0,0,0,0,POSITION,NONE,0,0,0,0,0,0,0,0,0,0,0.6,-0.4,0
999.20,1780803376252,0.6,0,0,0,0,0,0,POSITION,NONE,0,0,0,0,0,0,0,0,0,0,0.6,-0.4,0
999.50,1780803376253,0.6,0,0,0,0,0,0,POSITION,NONE,0,0,0,0,0,0,0,0,0,0,0.6,-0.4,0
999.90,1780803376253,0.6,0,0,0,0,0,0,POSITION,NONE,0,0,0,0,0,0,0,0,0,0,0.6,-0.4,0
1000.30,1780803376254,0.6,0,0,0,0,0,0,POSITION,NONE,0,0,0,0,0,0,0,0,0,0,0.6,-0.4,0
1005.60,1780803376259,0.6,0,0,0,0,0,0,POSITION,NONE,0,0,0,0,0,0,0,0,0,0,0.6,-0.4,0
1006.40,1780803376260,0.6,0,0,0,0,0,0,POSITION,NONE,0,0,0,0,0,0,0,0,0,0,0.6,-0.4,0
1007.00,1780803376260,0.6,0,0,0,0,0,0,POSITION,NONE,0,0,0,0,0,0,0,0,0,0,0.6,-0.4,0
1007.80,1780803376261,0.6,0,0,0,0,0,0,POSITION,NONE,0,0,0,0,0,0,0,0,0,0,0.6,-0.4,0
1008.40,1780803376262,0.6,0,0,0,0,0,0,POSITION,NONE,0,0,0,0,0,0,0,0,0,0,0.6,-0.4,0
1009.00,1780803376262,0.6,0,0,0,0,0,0,POSITION,NONE,0,0,0,0,0,0,0,0,0,0,0.6,-0.4,0
1026.30,1780803376280,0.6,0,0,0,0,0,0,POSITION,NONE,0,0,0,0,0,0,0,0,0,0,0.6,-0.4,0
1026.80,1780803376280,0.6,0,0,0,0,0,0,POSITION,NONE,0,0,0,0,0,0,0,0,0,0,0.6,-0.4,0
1027.10,1780803376280,0.6,0,0,0,0,0,0,POSITION,NONE,0,0,0,0,0,0,0,0,0,0,0.6,-0.4,0
1027.90,1780803376281,0.6,0,0,0,0,0,0,POSITION,NONE,0,0,0,0,0,0,0,0,0,0,0.6,-0.4,0
1028.20,1780803376281,0.6,0,0,0,0,0,0,POSITION,NONE,0,0,0,0,0,0,0,0,0,0,0.6,-0.4,0
1028.30,1780803376282,0.6,0,0,0,0,0,0,POSITION,NONE,0,0,0,0,0,0,0,0,0,0,0.6,-0.4,0
1028.70,1780803376282,0.6,0,0,0,0,0,0,POSITION,NONE,0,0,0,0,0,0,0,0,0,0,0.6,-0.4,0
1028.90,1780803376282,0.6,0,0,0,0,0,0,POSITION,NONE,0,0,0,0,0,0,0,0,0,0,0.6,-0.4,0
1029.20,1780803376282,0.6,0,0,0,0,0,0,POSITION,NONE,0,0,0,0,0,0,0,0,0,0,0.6,-0.4,0
1029.40,1780803376283,0.6,0,0,0,0,0,0,POSITION,NONE,0,0,0,0,0,0,0,0,0,0,0.6,-0.4,0
1034.50,1780803376288,0.6,0,0,0,0,0,0,POSITION,NONE,0,0,0,0,0,0,0,0,0,0,0.6,-0.4,0
1034.90,1780803376288,0.6,0,0,0,0,0,0,POSITION,NONE,0,0,0,0,0,0,0,0,0,0,0.6,-0.4,0
1036.20,1780803376289,0.6,0,0,0,0,0,0,POSITION,NONE,0,0,0,0,0,0,0,0,0,0,0.6,-0.4,0
1036.80,1780803376290,0.6,0,0,0,0,0,0,POSITION,NONE,0,0,0,0,0,0,0,0,0,0,0.6,-0.4,0
1037.10,1780803376290,0.6,0,0,0,0,0,0,POSITION,NONE,0,0,0,0,0,0,0,0,0,0,0.6,-0.4,0
1037.40,1780803376291,0.6,0,0,0,0,0,0,POSITION,NONE,0,0,0,0,0,0,0,0,0,0,0.6,-0.4,0
1042.70,1780803376296,0.6,0,0,0,0,0,0,POSITION,NONE,0,0,0,0,0,0,0,0,0,0,0.6,-0.4,0
1043.20,1780803376296,0.6,0,0,0,0,0,0,POSITION,NONE,0,0,0,0,0,0,0,0,0,0,0.6,-0.4,0
1043.90,1780803376297,0.6,0,0,0,0,0,0,POSITION,NONE,0,0,0,0,0,0,0,0,0,0,0.6,-0.4,0
1044.30,1780803376298,0.6,0,0,0,0,0,0,POSITION,NONE,0,0,0,0,0,0,0,0,0,0,0.6,-0.4,0
1044.70,1780803376298,0.6,0,0,0,0,0,0,POSITION,NONE,0,0,0,0,0,0,0,0,0,0,0.6,-0.4,0
1045.20,1780803376298,0.6,0,0,0,0,0,0,POSITION,NONE,0,0,0,0,0,0,0,0,0,0,0.6,-0.4,0
1049.80,1780803376303,0.6,0,0,0,0,0,0,POSITION,NONE,0,0,0,0,0,0,0,0,0,0,0.6,-0.4,0
1050.40,1780803376304,0.6,0,0,0,0,0,0,POSITION,NONE,0,0,0,0,0,0,0,0,0,0,0.6,-0.4,0
1051.70,1780803376305,0.6,0,0,0,0,0,0,POSITION,NONE,0,0,0,0,0,0,0,0,0,0,0.6,-0.4,0
1052.20,1780803376305,0.6,0,0,0,0,0,0,POSITION,NONE,0,0,0,0,0,0,0,0,0,0,0.6,-0.4,0
1052.40,1780803376306,0.6,0,0,0,0,0,0,POSITION,NONE,0,0,0,0,0,0,0,0,0,0,0.6,-0.4,0
1052.70,1780803376306,0.6,0,0,0,0,0,0,POSITION,NONE,0,0,0,0,0,0,0,0,0,0,0.6,-0.4,0
1053.30,1780803376307,0.6,0,0,0,0,0,0,POSITION,NONE,0,0,0,0,0,0,0,0,0,0,0.6,-0.4,0
1053.50,1780803376307,0.6,0,0,0,0,0,0,POSITION,NONE,0,0,0,0,0,0,0,0,0,0,0.6,-0.4,0
1053.80,1780803376307,0.6,0,0,0,0,0,0,POSITION,NONE,0,0,0,0,0,0,0,0,0,0,0.6,-0.4,0
1058.40,1780803376312,0.6,0,0,0,0,0,0,POSITION,NONE,0,0,0,0,0,0,0,0,0,0,0.6,-0.4,0
1058.90,1780803376312,0.6,0,0,0,0,0,0,POSITION,NONE,0,0,0,0,0,0,0,0,0,0,0.6,-0.4,0
1059.10,1780803376312,0.6,0,0,0,0,0,0,POSITION,NONE,0,0,0,0,0,0,0,0,0,0,0.6,-0.4,0
1059.60,1780803376313,0.6,0,0,0,0,0,0,POSITION,NONE,0,0,0,0,0,0,0,0,0,0,0.6,-0.4,0
1059.90,1780803376313,0.6,0,0,0,0,0,0,POSITION,NONE,0,0,0,0,0,0,0,0,0,0,0.6,-0.4,0
1060.10,1780803376313,0.6,0,0,0,0,0,0,POSITION,NONE,0,0,0,0,0,0,0,0,0,0,0.6,-0.4,0
1060.60,1780803376314,0.6,0,0,0,0,0,0,POSITION,NONE,0,0,0,0,0,0,0,0,0,0,0.6,-0.4,0
1060.80,1780803376314,0.6,0,0,0,0,0,0,POSITION,NONE,0,0,0,0,0,0,0,0,0,0,0.6,-0.4,0
1061.00,1780803376314,0.6,0,0,0,0,0,0,POSITION,NONE,0,0,0,0,0,0,0,0,0,0,0.6,-0.4,0
1065.70,1780803376319,0.6,0,0,0,0,0,0,POSITION,NONE,0,0,0,0,0,0,0,0,0,0,0.6,-0.4,0
1066.40,1780803376320,0.6,0,0,0,0,0,0,POSITION,NONE,0,0,0,0,0,0,0,0,0,0,0.6,-0.4,0
1067.30,1780803376321,0.6,0,0,0,0,0,0,POSITION,NONE,0,0,0,0,0,0,0,0,0,0,0.6,-0.4,0
1068.00,1780803376321,0.6,0,0,0,0,0,0,POSITION,NONE,0,0,0,0,0,0,0,0,0,0,0.6,-0.4,0
1068.40,1780803376322,0.6,0,0,0,0,0,0,POSITION,NONE,0,0,0,0,0,0,0,0,0,0,0.6,-0.4,0
1068.60,1780803376322,0.6,0,0,0,0,0,0,POSITION,NONE,0,0,0,0,0,0,0,0,0,0,0.6,-0.4,0
1074.10,1780803376327,0.6,0,0,0,0,0,0,POSITION,NONE,0,0,0,0,0,0,0,0,0,0,0.6,-0.4,0
1074.60,1780803376328,0.6,0,0,0,0,0,0,POSITION,NONE,0,0,0,0,0,0,0,0,0,0,0.6,-0.4,0
1075.00,1780803376328,0.6,0,0,0,0,0,0,POSITION,NONE,0,0,0,0,0,0,0,0,0,0,0.6,-0.4,0
1075.30,1780803376329,0.6,0,0,0,0,0,0,POSITION,NONE,0,0,0,0,0,0,0,0,0,0,0.6,-0.4,0
1075.60,1780803376329,0.6,0,0,0,0,0,0,POSITION,NONE,0,0,0,0,0,0,0,0,0,0,0.6,-0.4,0
1076.20,1780803376329,0.6,0,0,0,0,0,0,POSITION,NONE,0,0,0,0,0,0,0,0,0,0,0.6,-0.4,0
1076.40,1780803376330,0.6,0,0,0,0,0,0,POSITION,NONE,0,0,0,0,0,0,0,0,0,0,0.6,-0.4,0
1076.60,1780803376330,0.6,0,0,0,0,0,0,POSITION,NONE,0,0,0,0,0,0,0,0,0,0,0.6,-0.4,0
1077.20,1780803376330,0.6,0,0,0,0,0,0,POSITION,NONE,0,0,0,0,0,0,0,0,0,0,0.6,-0.4,0
1077.40,1780803376331,0.6,0,0,0,0,0,0,POSITION,NONE,0,0,0,0,0,0,0,0,0,0,0.6,-0.4,0
1077.60,1780803376331,0.6,0,0,0,0,0,0,POSITION,NONE,0,0,0,0,0,0,0,0,0,0,0.6,-0.4,0
1077.80,1780803376331,0.6,0,0,0,0,0,0,POSITION,NONE,0,0,0,0,0,0,0,0,0,0,0.6,-0.4,0
1082.50,1780803376336,0.6,0,0,0,0,0,0,POSITION,NONE,0,0,0,0,0,0,0,0,0,0,0.6,-0.4,0
1082.90,1780803376336,0.6,0,0,0,0,0,0,POSITION,NONE,0,0,0,0,0,0,0,0,0,0,0.6,-0.4,0
1084.00,1780803376337,0.6,0,0,0,0,0,0,POSITION,NONE,0,0,0,0,0,0,0,0,0,0,0.6,-0.4,0
1084.40,1780803376338,0.6,0,0,0,0,0,0,POSITION,NONE,0,0,0,0,0,0,0,0,0,0,0.6,-0.4,0
1084.70,1780803376338,0.6,0,0,0,0,0,0,POSITION,NONE,0,0,0,0,0,0,0,0,0,0,0.6,-0.4,0
1085.00,1780803376338,0.6,0,0,0,0,0,0,POSITION,NONE,0,0,0,0,0,0,0,0,0,0,0.6,-0.4,0
1089.60,1780803376343,0.6,0,0,0,0,0,0,POSITION,NONE,0,0,0,0,0,0,0,0,0,0,0.6,-0.4,0
1089.90,1780803376343,0.6,0,0,0,0,0,0,POSITION,NONE,0,0,0,0,0,0,0,0,0,0,0.6,-0.4,0
1090.30,1780803376344,0.6,0,0,0,0,0,0,POSITION,NONE,0,0,0,0,0,0,0,0,0,0,0.6,-0.4,0
1090.60,1780803376344,0.6,0,0,0,0,0,0,POSITION,NONE,0,0,0,0,0,0,0,0,0,0,0.6,-0.4,0
1090.80,1780803376344,0.6,0,0,0,0,0,0,POSITION,NONE,0,0,0,0,0,0,0,0,0,0,0.6,-0.4,0
1091.20,1780803376344,0.6,0,0,0,0,0,0,POSITION,NONE,0,0,0,0,0,0,0,0,0,0,0.6,-0.4,0
1091.90,1780803376345,0.6,0,0,0,0,0,0,POSITION,NONE,0,0,0,0,0,0,0,0,0,0,0.6,-0.4,0
1092.30,1780803376346,0.6,0,0,0,0,0,0,POSITION,NONE,0,0,0,0,0,0,0,0,0,0,0.6,-0.4,0
1092.60,1780803376346,0.6,0,0,0,0,0,0,POSITION,NONE,0,0,0,0,0,0,0,0,0,0,0.6,-0.4,0
1097.90,1780803376351,0.6,0,0,0,0,0,0,POSITION,NONE,0,0,0,0,0,0,0,0,0,0,0.6,-0.4,0
1098.30,1780803376352,0.6,0,0,0,0,0,0,POSITION,NONE,0,0,0,0,0,0,0,0,0,0,0.6,-0.4,0
1098.40,1780803376352,0.6,0,0,0,0,0,0,POSITION,NONE,0,0,0,0,0,0,0,0,0,0,0.6,-0.4,0
1103.40,1780803376357,0.6,0,0,0,0,0,0,POSITION,NONE,0,0,0,0,0,0,0,0,0,0,0.6,-0.4,0
1103.60,1780803376357,0.6,0,0,0,0,0,0,POSITION,NONE,0,0,0,0,0,0,0,0,0,0,0.6,-0.4,0
1103.80,1780803376357,0.6,0,0,0,0,0,0,POSITION,NONE,0,0,0,0,0,0,0,0,0,0,0.6,-0.4,0
1104.20,1780803376357,0.6,0,0,0,0,0,0,POSITION,NONE,0,0,0,0,0,0,0,0,0,0,0.6,-0.4,0
1104.60,1780803376358,0.6,0,0,0,0,0,0,POSITION,NONE,0,0,0,0,0,0,0,0,0,0,0.6,-0.4,0
1104.90,1780803376358,0.6,0,0,0,0,0,0,POSITION,NONE,0,0,0,0,0,0,0,0,0,0,0.6,-0.4,0
1105.30,1780803376359,0.6,0,0,0,0,0,0,POSITION,NONE,0,0,0,0,0,0,0,0,0,0,0.6,-0.4,0
1105.50,1780803376359,0.6,0,0,0,0,0,0,POSITION,NONE,0,0,0,0,0,0,0,0,0,0,0.6,-0.4,0
1105.70,1780803376359,0.6,0,0,0,0,0,0,POSITION,NONE,0,0,0,0,0,0,0,0,0,0,0.6,-0.4,0
1106.00,1780803376359,0.6,0,0,0,0,0,0,POSITION,NONE,0,0,0,0,0,0,0,0,0,0,0.6,-0.4,0
1112.90,1780803376366,0.6,0,0,0,0,0,0,POSITION,NONE,0,0,0,0,0,0,0,0,0,0,0.6,-0.4,0
1113.10,1780803376366,0.6,0,0,0,0,0,0,POSITION,NONE,0,0,0,0,0,0,0,0,0,0,0.6,-0.4,0
1113.60,1780803376367,0.6,0,0,0,0,0,0,POSITION,NONE,0,0,0,0,0,0,0,0,0,0,0.6,-0.4,0
1113.80,1780803376367,0.6,0,0,0,0,0,0,POSITION,NONE,0,0,0,0,0,0,0,0,0,0,0.6,-0.4,0
1114.00,1780803376367,0.6,0,0,0,0,0,0,POSITION,NONE,0,0,0,0,0,0,0,0,0,0,0.6,-0.4,0
1114.70,1780803376368,0.6,0,0,0,0,0,0,POSITION,NONE,0,0,0,0,0,0,0,0,0,0,0.6,-0.4,0
1129.20,1780803376383,0.6,0,0,0,0,0,0,POSITION,NONE,0,0,0,0,0,0,0,0,0,0,0.6,-0.4,0
1129.50,1780803376383,0.6,0,0,0,0,0,0,POSITION,NONE,0,0,0,0,0,0,0,0,0,0,0.6,-0.4,0
1130.10,1780803376383,0.6,0,0,0,0,0,0,POSITION,NONE,0,0,0,0,0,0,0,0,0,0,0.6,-0.4,0
1130.60,1780803376384,0.6,0,0,0,0,0,0,POSITION,NONE,0,0,0,0,0,0,0,0,0,0,0.6,-0.4,0
1130.90,1780803376384,0.6,0,0,0,0,0,0,POSITION,NONE,0,0,0,0,0,0,0,0,0,0,0.6,-0.4,0
1131.20,1780803376384,0.6,0,0,0,0,0,0,POSITION,NONE,0,0,0,0,0,0,0,0,0,0,0.6,-0.4,0
1131.60,1780803376385,0.6,0,0,0,0,0,0,POSITION,NONE,0,0,0,0,0,0,0,0,0,0,0.6,-0.4,0
1131.90,1780803376385,0.6,0,0,0,0,0,0,POSITION,NONE,0,0,0,0,0,0,0,0,0,0,0.6,-0.4,0
1135.70,1780803376389,0.6,0,0,0,0,0,0,POSITION,NONE,0,0,0,0,0,0,0,0,0,0,0.6,-0.4,0
1136.40,1780803376390,0.6,0,0,0,0,0,0,POSITION,NONE,0,0,0,0,0,0,0,0,0,0,0.6,-0.4,0
1136.90,1780803376390,0.6,0,0,0,0,0,0,POSITION,NONE,0,0,0,0,0,0,0,0,0,0,0.6,-0.4,0
1137.30,1780803376391,0.6,0,0,0,0,0,0,POSITION,NONE,0,0,0,0,0,0,0,0,0,0,0.6,-0.4,0
1141.90,1780803376395,0.6,0,0,0,0,0,0,POSITION,NONE,0,0,0,0,0,0,0,0,0,0,0.6,-0.4,0
1142.50,1780803376396,0.6,0,0,0,0,0,0,POSITION,NONE,0,0,0,0,0,0,0,0,0,0,0.6,-0.4,0
1143.10,1780803376396,0.6,0,0,0,0,0,0,POSITION,NONE,0,0,0,0,0,0,0,0,0,0,0.6,-0.4,0
1143.50,1780803376397,0.6,0,0,0,0,0,0,POSITION,NONE,0,0,0,0,0,0,0,0,0,0,0.6,-0.4,0
1143.90,1780803376397,0.6,0,0,0,0,0,0,POSITION,NONE,0,0,0,0,0,0,0,0,0,0,0.6,-0.4,0
1144.20,1780803376397,0.6,0,0,0,0,0,0,POSITION,NONE,0,0,0,0,0,0,0,0,0,0,0.6,-0.4,0
1148.20,1780803376401,0.6,0,0,0,0,0,0,POSITION,NONE,0,0,0,0,0,0,0,0,0,0,0.6,-0.4,0
1148.40,1780803376402,0.6,0,0,0,0,0,0,POSITION,NONE,0,0,0,0,0,0,0,0,0,0,0.6,-0.4,0
1148.60,1780803376402,0.6,0,0,0,0,0,0,POSITION,NONE,0,0,0,0,0,0,0,0,0,0,0.6,-0.4,0
1149.20,1780803376402,0.6,0,0,0,0,0,0,POSITION,NONE,0,0,0,0,0,0,0,0,0,0,0.6,-0.4,0
1149.70,1780803376403,0.6,0,0,0,0,0,0,POSITION,NONE,0,0,0,0,0,0,0,0,0,0,0.6,-0.4,0
1150.20,1780803376403,0.6,0,0,0,0,0,0,POSITION,NONE,0,0,0,0,0,0,0,0,0,0,0.6,-0.4,0
1151.00,1780803376404,0.6,0,0,0,0,0,0,POSITION,NONE,0,0,0,0,0,0,0,0,0,0,0.6,-0.4,0
1151.50,1780803376405,0.6,0,0,0,0,0,0,POSITION,NONE,0,0,0,0,0,0,0,0,0,0,0.6,-0.4,0
1151.90,1780803376405,0.6,0,0,0,0,0,0,POSITION,NONE,0,0,0,0,0,0,0,0,0,0,0.6,-0.4,0
1156.60,1780803376410,0.6,0,0,0,0,0,0,POSITION,NONE,0,0,0,0,0,0,0,0,0,0,0.6,-0.4,0
1156.80,1780803376410,0.6,0,0,0,0,0,0,POSITION,NONE,0,0,0,0,0,0,0,0,0,0,0.6,-0.4,0
1157.00,1780803376410,0.6,0,0,0,0,0,0,POSITION,NONE,0,0,0,0,0,0,0,0,0,0,0.6,-0.4,0
1157.70,1780803376411,0.6,0,0,0,0,0,0,POSITION,NONE,0,0,0,0,0,0,0,0,0,0,0.6,-0.4,0
1158.00,1780803376411,0.6,0,0,0,0,0,0,POSITION,NONE,0,0,0,0,0,0,0,0,0,0,0.6,-0.4,0
1158.50,1780803376412,0.6,0,0,0,0,0,0,POSITION,NONE,0,0,0,0,0,0,0,0,0,0,0.6,-0.4,0
1159.30,1780803376413,0.6,0,0,0,0,0,0,POSITION,NONE,0,0,0,0,0,0,0,0,0,0,0.6,-0.4,0
1160.20,1780803376413,0.6,0,0,0,0,0,0,POSITION,NONE,0,0,0,0,0,0,0,0,0,0,0.6,-0.4,0
1160.60,1780803376414,0.6,0,0,0,0,0,0,POSITION,NONE,0,0,0,0,0,0,0,0,0,0,0.6,-0.4,0
1165.00,1780803376418,0.6,0,0,0,0,0,0,POSITION,NONE,0,0,0,0,0,0,0,0,0,0,0.6,-0.4,0
1165.20,1780803376418,0.6,0,0,0,0,0,0,POSITION,NONE,0,0,0,0,0,0,0,0,0,0,0.6,-0.4,0
1165.40,1780803376419,0.6,0,0,0,0,0,0,POSITION,NONE,0,0,0,0,0,0,0,0,0,0,0.6,-0.4,0
1165.60,1780803376419,0.6,0,0,0,0,0,0,POSITION,NONE,0,0,0,0,0,0,0,0,0,0,0.6,-0.4,0
1166.40,1780803376420,0.6,0,0,0,0,0,0,POSITION,NONE,0,0,0,0,0,0,0,0,0,0,0.6,-0.4,0
1167.10,1780803376420,0.6,0,0,0,0,0,0,POSITION,NONE,0,0,0,0,0,0,0,0,0,0,0.6,-0.4,0
1167.60,1780803376421,0.6,0,0,0,0,0,0,POSITION,NONE,0,0,0,0,0,0,0,0,0,0,0.6,-0.4,0
1167.90,1780803376421,0.6,0,0,0,0,0,0,POSITION,NONE,0,0,0,0,0,0,0,0,0,0,0.6,-0.4,0
1168.20,1780803376421,0.6,0,0,0,0,0,0,POSITION,NONE,0,0,0,0,0,0,0,0,0,0,0.6,-0.4,0
1168.40,1780803376422,0.6,0,0,0,0,0,0,POSITION,NONE,0,0,0,0,0,0,0,0,0,0,0.6,-0.4,0
1172.70,1780803376426,0.6,0,0,0,0,0,0,POSITION,NONE,0,0,0,0,0,0,0,0,0,0,0.6,-0.4,0
1173.00,1780803376426,0.6,0,0,0,0,0,0,POSITION,NONE,0,0,0,0,0,0,0,0,0,0,0.6,-0.4,0
1173.30,1780803376427,0.6,0,0,0,0,0,0,POSITION,NONE,0,0,0,0,0,0,0,0,0,0,0.6,-0.4,0
1173.60,1780803376427,0.6,0,0,0,0,0,0,POSITION,NONE,0,0,0,0,0,0,0,0,0,0,0.6,-0.4,0
1173.70,1780803376427,0.6,0,0,0,0,0,0,POSITION,NONE,0,0,0,0,0,0,0,0,0,0,0.6,-0.4,0
1174.20,1780803376427,0.6,0,0,0,0,0,0,POSITION,NONE,0,0,0,0,0,0,0,0,0,0,0.6,-0.4,0
1175.00,1780803376428,0.6,0,0,0,0,0,0,POSITION,NONE,0,0,0,0,0,0,0,0,0,0,0.6,-0.4,0
1175.50,1780803376429,0.6,0,0,0,0,0,0,POSITION,NONE,0,0,0,0,0,0,0,0,0,0,0.6,-0.4,0
1180.60,1780803376434,0.6,0,0,0,0,0,0,POSITION,NONE,0,0,0,0,0,0,0,0,0,0,0.6,-0.4,0
1181.10,1780803376434,0.6,0,0,0,0,0,0,POSITION,NONE,0,0,0,0,0,0,0,0,0,0,0.6,-0.4,0
1181.60,1780803376435,0.6,0,0,0,0,0,0,POSITION,NONE,0,0,0,0,0,0,0,0,0,0,0.6,-0.4,0
1182.00,1780803376435,0.6,0,0,0,0,0,0,POSITION,NONE,0,0,0,0,0,0,0,0,0,0,0.6,-0.4,0
1182.70,1780803376436,0.6,0,0,0,0,0,0,POSITION,NONE,0,0,0,0,0,0,0,0,0,0,0.6,-0.4,0
1183.30,1780803376437,0.6,0,0,0,0,0,0,POSITION,NONE,0,0,0,0,0,0,0,0,0,0,0.6,-0.4,0
1184.10,1780803376437,0.6,0,0,0,0,0,0,POSITION,NONE,0,0,0,0,0,0,0,0,0,0,0.6,-0.4,0
1191.10,1780803376444,0.6,0,0,0,0,0,0,POSITION,NONE,0,0,0,0,0,0,0,0,0,0,0.6,-0.4,0
1191.70,1780803376445,0.6,0,0,0,0,0,0,POSITION,NONE,0,0,0,0,0,0,0,0,0,0,0.6,-0.4,0
1192.10,1780803376445,0.6,0,0,0,0,0,0,POSITION,NONE,0,0,0,0,0,0,0,0,0,0,0.6,-0.4,0
1192.80,1780803376446,0.6,0,0,0,0,0,0,POSITION,NONE,0,0,0,0,0,0,0,0,0,0,0.6,-0.4,0
1193.00,1780803376446,0.6,0,0,0,0,0,0,POSITION,NONE,0,0,0,0,0,0,0,0,0,0,0.6,-0.4,0
1193.70,1780803376447,0.6,0,0,0,0,0,0,POSITION,NONE,0,0,0,0,0,0,0,0,0,0,0.6,-0.4,0
1194.10,1780803376447,0.6,0,0,0,0,0,0,POSITION,NONE,0,0,0,0,0,0,0,0,0,0,0.6,-0.4,0
1194.30,1780803376448,0.6,0,0,0,0,0,0,POSITION,NONE,0,0,0,0,0,0,0,0,0,0,0.6,-0.4,0
1194.60,1780803376448,0.6,0,0,0,0,0,0,POSITION,NONE,0,0,0,0,0,0,0,0,0,0,0.6,-0.4,0
1200.00,1780803376453,0.6,0,0,0,0,0,0,POSITION,NONE,0,0,0,0,0,0,0,0,0,0,0.6,-0.4,0
1200.40,1780803376454,0.6,0,0,0,0,0,0,POSITION,NONE,0,0,0,0,0,0,0,0,0,0,0.6,-0.4,0
1200.70,1780803376454,0.6,0,0,0,0,0,0,POSITION,NONE,0,0,0,0,0,0,0,0,0,0,0.6,-0.4,0
1201.30,1780803376455,0.6,0,0,0,0,0,0,POSITION,NONE,0,0,0,0,0,0,0,0,0,0,0.6,-0.4,0
1201.50,1780803376455,0.6,0,0,0,0,0,0,POSITION,NONE,0,0,0,0,0,0,0,0,0,0,0.6,-0.4,0
1201.80,1780803376455,0.6,0,0,0,0,0,0,POSITION,NONE,0,0,0,0,0,0,0,0,0,0,0.6,-0.4,0
1208.20,1780803376461,0.6,0,0,0,0,0,0,POSITION,NONE,0,0,0,0,0,0,0,0,0,0,0.6,-0.4,0
1208.70,1780803376462,0.6,0,0,0,0,0,0,POSITION,NONE,0,0,0,0,0,0,0,0,0,0,0.6,-0.4,0
1208.90,1780803376462,0.6,0,0,0,0,0,0,POSITION,NONE,0,0,0,0,0,0,0,0,0,0,0.6,-0.4,0
1209.10,1780803376462,0.6,0,0,0,0,0,0,POSITION,NONE,0,0,0,0,0,0,0,0,0,0,0.6,-0.4,0
1212.60,1780803376466,0.6,0,0,0,0,0,0,POSITION,NONE,0,0,0,0,0,0,0,0,0,0,0.6,-0.4,0
1212.90,1780803376466,0.6,0,0,0,0,0,0,POSITION,NONE,0,0,0,0,0,0,0,0,0,0,0.6,-0.4,0
1213.30,1780803376467,0.6,0,0,0,0,0,0,POSITION,NONE,0,0,0,0,0,0,0,0,0,0,0.6,-0.4,0
1213.60,1780803376467,0.6,0,0,0,0,0,0,POSITION,NONE,0,0,0,0,0,0,0,0,0,0,0.6,-0.4,0
1213.90,1780803376467,0.6,0,0,0,0,0,0,POSITION,NONE,0,0,0,0,0,0,0,0,0,0,0.6,-0.4,0
1214.20,1780803376467,0.6,0,0,0,0,0,0,POSITION,NONE,0,0,0,0,0,0,0,0,0,0,0.6,-0.4,0
1214.60,1780803376468,0.6,0,0,0,0,0,0,POSITION,NONE,0,0,0,0,0,0,0,0,0,0,0.6,-0.4,0
1214.80,1780803376468,0.6,0,0,0,0,0,0,POSITION,NONE,0,0,0,0,0,0,0,0,0,0,0.6,-0.4,0
1218.60,1780803376472,0.6,0,0,0,0,0,0,POSITION,NONE,0,0,0,0,0,0,0,0,0,0,0.6,-0.4,0
1218.90,1780803376472,0.6,0,0,0,0,0,0,POSITION,NONE,0,0,0,0,0,0,0,0,0,0,0.6,-0.4,0
1219.10,1780803376472,0.6,0,0,0,0,0,0,POSITION,NONE,0,0,0,0,0,0,0,0,0,0,0.6,-0.4,0
1219.30,1780803376473,0.6,0,0,0,0,0,0,POSITION,NONE,0,0,0,0,0,0,0,0,0,0,0.6,-0.4,0
1228.10,1780803376481,0.6,0,0,0,0,0,0,POSITION,NONE,0,0,0,0,0,0,0,0,0,0,0.6,-0.4,0
1228.40,1780803376482,0.6,0,0,0,0,0,0,POSITION,NONE,0,0,0,0,0,0,0,0,0,0,0.6,-0.4,0
1238.40,1780803376492,0.6,0,0,0,0,0,0,POSITION,NONE,0,0,0,0,0,0,0,0,0,0,0.6,-0.4,0
1238.70,1780803376492,0.6,0,0,0,0,0,0,POSITION,NONE,0,0,0,0,0,0,0,0,0,0,0.6,-0.4,0
1239.00,1780803376492,0.6,0,0,0,0,0,0,POSITION,NONE,0,0,0,0,0,0,0,0,0,0,0.6,-0.4,0
1239.30,1780803376493,0.6,0,0,0,0,0,0,POSITION,NONE,0,0,0,0,0,0,0,0,0,0,0.6,-0.4,0
1239.90,1780803376493,0.6,0,0,0,0,0,0,POSITION,NONE,0,0,0,0,0,0,0,0,0,0,0.6,-0.4,0
1240.10,1780803376493,0.6,0,0,0,0,0,0,POSITION,NONE,0,0,0,0,0,0,0,0,0,0,0.6,-0.4,0
1240.40,1780803376494,0.6,0,0,0,0,0,0,POSITION,NONE,0,0,0,0,0,0,0,0,0,0,0.6,-0.4,0
1241.30,1780803376495,0.6,0,0,0,0,0,0,POSITION,NONE,0,0,0,0,0,0,0,0,0,0,0.6,-0.4,0
1242.10,1780803376495,0.6,0,0,0,0,0,0,POSITION,NONE,0,0,0,0,0,0,0,0,0,0,0.6,-0.4,0
1242.60,1780803376496,0.6,0,0,0,0,0,0,POSITION,NONE,0,0,0,0,0,0,0,0,0,0,0.6,-0.4,0
1249.10,1780803376502,0.6,0,0,0,0,0,0,POSITION,NONE,0,0,0,0,0,0,0,0,0,0,0.6,-0.4,0
1249.60,1780803376503,0.6,0,0,0,0,0,0,POSITION,NONE,0,0,0,0,0,0,0,0,0,0,0.6,-0.4,0
1249.90,1780803376503,0.6,0,0,0,0,0,0,POSITION,NONE,0,0,0,0,0,0,0,0,0,0,0.6,-0.4,0
1250.30,1780803376504,0.6,0,0,0,0,0,0,POSITION,NONE,0,0,0,0,0,0,0,0,0,0,0.6,-0.4,0
1251.80,1780803376505,0.6,0,0,0,0,0,0,POSITION,NONE,0,0,0,0,0,0,0,0,0,0,0.6,-0.4,0
1252.50,1780803376506,0.6,0,0,0,0,0,0,POSITION,NONE,0,0,0,0,0,0,0,0,0,0,0.6,-0.4,0
1257.50,1780803376511,0.6,0,0,0,0,0,0,POSITION,NONE,0,0,0,0,0,0,0,0,0,0,0.6,-0.4,0
1258.10,1780803376511,0.6,0,0,0,0,0,0,POSITION,NONE,0,0,0,0,0,0,0,0,0,0,0.6,-0.4,0
1258.60,1780803376512,0.6,0,0,0,0,0,0,POSITION,NONE,0,0,0,0,0,0,0,0,0,0,0.6,-0.4,0
1258.80,1780803376512,0.6,0,0,0,0,0,0,POSITION,NONE,0,0,0,0,0,0,0,0,0,0,0.6,-0.4,0
1259.50,1780803376513,0.6,0,0,0,0,0,0,POSITION,NONE,0,0,0,0,0,0,0,0,0,0,0.6,-0.4,0
1259.90,1780803376513,0.6,0,0,0,0,0,0,POSITION,NONE,0,0,0,0,0,0,0,0,0,0,0.6,-0.4,0
1260.50,1780803376514,0.6,0,0,0,0,0,0,POSITION,NONE,0,0,0,0,0,0,0,0,0,0,0.6,-0.4,0
1260.70,1780803376514,0.6,0,0,0,0,0,0,POSITION,NONE,0,0,0,0,0,0,0,0,0,0,0.6,-0.4,0
1261.00,1780803376514,0.6,0,0,0,0,0,0,POSITION,NONE,0,0,0,0,0,0,0,0,0,0,0.6,-0.4,0
1261.20,1780803376514,0.6,0,0,0,0,0,0,POSITION,NONE,0,0,0,0,0,0,0,0,0,0,0.6,-0.4,0
1266.60,1780803376520,0.6,0,0,0,0,0,0,POSITION,NONE,0,0,0,0,0,0,0,0,0,0,0.6,-0.4,0
1267.30,1780803376521,0.6,0,0,0,0,0,0,POSITION,NONE,0,0,0,0,0,0,0,0,0,0,0.6,-0.4,0
1267.90,1780803376521,0.6,0,0,0,0,0,0,POSITION,NONE,0,0,0,0,0,0,0,0,0,0,0.6,-0.4,0
1268.40,1780803376522,0.6,0,0,0,0,0,0,POSITION,NONE,0,0,0,0,0,0,0,0,0,0,0.6,-0.4,0
1268.70,1780803376522,0.6,0,0,0,0,0,0,POSITION,NONE,0,0,0,0,0,0,0,0,0,0,0.6,-0.4,0
1269.00,1780803376522,0.6,0,0,0,0,0,0,POSITION,NONE,0,0,0,0,0,0,0,0,0,0,0.6,-0.4,0
1273.20,1780803376526,0.6,0,0,0,0,0,0,POSITION,NONE,0,0,0,0,0,0,0,0,0,0,0.6,-0.4,0
1273.50,1780803376527,0.6,0,0,0,0,0,0,POSITION,NONE,0,0,0,0,0,0,0,0,0,0,0.6,-0.4,0
1273.70,1780803376527,0.6,0,0,0,0,0,0,POSITION,NONE,0,0,0,0,0,0,0,0,0,0,0.6,-0.4,0
1274.40,1780803376528,0.6,0,0,0,0,0,0,POSITION,NONE,0,0,0,0,0,0,0,0,0,0,0.6,-0.4,0
1274.80,1780803376528,0.6,0,0,0,0,0,0,POSITION,NONE,0,0,0,0,0,0,0,0,0,0,0.6,-0.4,0
1275.20,1780803376528,0.6,0,0,0,0,0,0,POSITION,NONE,0,0,0,0,0,0,0,0,0,0,0.6,-0.4,0
1275.80,1780803376529,0.6,0,0,0,0,0,0,POSITION,NONE,0,0,0,0,0,0,0,0,0,0,0.6,-0.4,0
1276.10,1780803376529,0.6,0,0,0,0,0,0,POSITION,NONE,0,0,0,0,0,0,0,0,0,0,0.6,-0.4,0
1276.50,1780803376530,0.6,0,0,0,0,0,0,POSITION,NONE,0,0,0,0,0,0,0,0,0,0,0.6,-0.4,0
1276.90,1780803376530,0.6,0,0,0,0,0,0,POSITION,NONE,0,0,0,0,0,0,0,0,0,0,0.6,-0.4,0
1282.50,1780803376536,0.6,0,0,0,0,0,0,POSITION,NONE,0,0,0,0,0,0,0,0,0,0,0.6,-0.4,0
1283.20,1780803376536,0.6,0,0,0,0,0,0,POSITION,NONE,0,0,0,0,0,0,0,0,0,0,0.6,-0.4,0
1284.10,1780803376537,0.6,0,0,0,0,0,0,POSITION,NONE,0,0,0,0,0,0,0,0,0,0,0.6,-0.4,0
1285.00,1780803376538,0.6,0,0,0,0,0,0,POSITION,NONE,0,0,0,0,0,0,0,0,0,0,0.6,-0.4,0
1285.90,1780803376539,0.6,0,0,0,0,0,0,POSITION,NONE,0,0,0,0,0,0,0,0,0,0,0.6,-0.4,0
1286.70,1780803376540,0.6,0,0,0,0,0,0,POSITION,NONE,0,0,0,0,0,0,0,0,0,0,0.6,-0.4,0
1287.40,1780803376541,0.6,0,0,0,0,0,0,POSITION,NONE,0,0,0,0,0,0,0,0,0,0,0.6,-0.4,0
1287.90,1780803376541,0.6,0,0,0,0,0,0,POSITION,NONE,0,0,0,0,0,0,0,0,0,0,0.6,-0.4,0
1292.20,1780803376545,0.6,0,0,0,0,0,0,POSITION,NONE,0,0,0,0,0,0,0,0,0,0,0.6,-0.4,0
1292.70,1780803376546,0.6,0,0,0,0,0,0,POSITION,NONE,0,0,0,0,0,0,0,0,0,0,0.6,-0.4,0
1293.20,1780803376546,0.6,0,0,0,0,0,0,POSITION,NONE,0,0,0,0,0,0,0,0,0,0,0.6,-0.4,0
1293.50,1780803376547,0.6,0,0,0,0,0,0,POSITION,NONE,0,0,0,0,0,0,0,0,0,0,0.6,-0.4,0
1297.80,1780803376551,0.6,0,0,0,0,0,0,POSITION,NONE,0,0,0,0,0,0,0,0,0,0,0.6,-0.4,0
1298.00,1780803376551,0.6,0,0,0,0,0,0,POSITION,NONE,0,0,0,0,0,0,0,0,0,0,0.6,-0.4,0
1298.40,1780803376552,0.6,0,0,0,0,0,0,POSITION,NONE,0,0,0,0,0,0,0,0,0,0,0.6,-0.4,0
1298.70,1780803376552,0.6,0,0,0,0,0,0,POSITION,NONE,0,0,0,0,0,0,0,0,0,0,0.6,-0.4,0
1299.10,1780803376552,0.6,0,0,0,0,0,0,POSITION,NONE,0,0,0,0,0,0,0,0,0,0,0.6,-0.4,0
1299.60,1780803376553,0.6,0,0,0,0,0,0,POSITION,NONE,0,0,0,0,0,0,0,0,0,0,0.6,-0.4,0
1300.40,1780803376554,0.6,0,0,0,0,0,0,POSITION,NONE,0,0,0,0,0,0,0,0,0,0,0.6,-0.4,0
1300.70,1780803376554,0.6,0,0,0,0,0,0,POSITION,NONE,0,0,0,0,0,0,0,0,0,0,0.6,-0.4,0
1306.10,1780803376559,0.6,0,0,0,0,0,0,POSITION,NONE,0,0,0,0,0,0,0,0,0,0,0.6,-0.4,0
1306.50,1780803376560,0.6,0,0,0,0,0,0,POSITION,NONE,0,0,0,0,0,0,0,0,0,0,0.6,-0.4,0
1306.70,1780803376560,0.6,0,0,0,0,0,0,POSITION,NONE,0,0,0,0,0,0,0,0,0,0,0.6,-0.4,0
1306.80,1780803376560,0.6,0,0,0,0,0,0,POSITION,NONE,0,0,0,0,0,0,0,0,0,0,0.6,-0.4,0
1307.20,1780803376560,0.6,0,0,0,0,0,0,POSITION,NONE,0,0,0,0,0,0,0,0,0,0,0.6,-0.4,0
1308.10,1780803376561,0.6,0,0,0,0,0,0,POSITION,NONE,0,0,0,0,0,0,0,0,0,0,0.6,-0.4,0
1308.60,1780803376562,0.6,0,0,0,0,0,0,POSITION,NONE,0,0,0,0,0,0,0,0,0,0,0.6,-0.4,0
1308.80,1780803376562,0.6,0,0,0,0,0,0,POSITION,NONE,0,0,0,0,0,0,0,0,0,0,0.6,-0.4,0
1314.00,1780803376567,0.6,0,0,0,0,0,0,POSITION,NONE,0,0,0,0,0,0,0,0,0,0,0.6,-0.4,0
1314.30,1780803376568,0.6,0,0,0,0,0,0,POSITION,NONE,0,0,0,0,0,0,0,0,0,0,0.6,-0.4,0
1314.60,1780803376568,0.6,0,0,0,0,0,0,POSITION,NONE,0,0,0,0,0,0,0,0,0,0,0.6,-0.4,0
1318.20,1780803376571,0.6,0,0,0,0,0,0,POSITION,NONE,0,0,0,0,0,0,0,0,0,0,0.6,-0.4,0
1318.50,1780803376572,0.6,0,0,0,0,0,0,POSITION,NONE,0,0,0,0,0,0,0,0,0,0,0.6,-0.4,0
1318.90,1780803376572,0.6,0,0,0,0,0,0,POSITION,NONE,0,0,0,0,0,0,0,0,0,0,0.6,-0.4,0
1319.10,1780803376572,0.6,0,0,0,0,0,0,POSITION,NONE,0,0,0,0,0,0,0,0,0,0,0.6,-0.4,0
1319.60,1780803376573,0.6,0,0,0,0,0,0,POSITION,NONE,0,0,0,0,0,0,0,0,0,0,0.6,-0.4,0
1319.70,1780803376573,0.6,0,0,0,0,0,0,POSITION,NONE,0,0,0,0,0,0,0,0,0,0,0.6,-0.4,0
1320.10,1780803376573,0.6,0,0,0,0,0,0,POSITION,NONE,0,0,0,0,0,0,0,0,0,0,0.6,-0.4,0
1320.40,1780803376574,0.6,0,0,0,0,0,0,POSITION,NONE,0,0,0,0,0,0,0,0,0,0,0.6,-0.4,0
1320.70,1780803376574,0.6,0,0,0,0,0,0,POSITION,NONE,0,0,0,0,0,0,0,0,0,0,0.6,-0.4,0
1321.00,1780803376574,0.6,0,0,0,0,0,0,POSITION,NONE,0,0,0,0,0,0,0,0,0,0,0.6,-0.4,0
1328.20,1780803376581,0.6,0,0,0,0,0,0,POSITION,NONE,0,0,0,0,0,0,0,0,0,0,0.6,-0.4,0
1328.50,1780803376582,0.6,0,0,0,0,0,0,POSITION,NONE,0,0,0,0,0,0,0,0,0,0,0.6,-0.4,0
1328.60,1780803376582,0.6,0,0,0,0,0,0,POSITION,NONE,0,0,0,0,0,0,0,0,0,0,0.6,-0.4,0
1329.20,1780803376582,0.6,0,0,0,0,0,0,POSITION,NONE,0,0,0,0,0,0,0,0,0,0,0.6,-0.4,0
1329.50,1780803376583,0.6,0,0,0,0,0,0,POSITION,NONE,0,0,0,0,0,0,0,0,0,0,0.6,-0.4,0
1329.70,1780803376583,0.6,0,0,0,0,0,0,POSITION,NONE,0,0,0,0,0,0,0,0,0,0,0.6,-0.4,0
1337.20,1780803376590,0.6,0,0,0,0,0,0,POSITION,NONE,0,0,0,0,0,0,0,0,0,0,0.6,-0.4,0
1337.50,1780803376591,0.6,0,0,0,0,0,0,POSITION,NONE,0,0,0,0,0,0,0,0,0,0,0.6,-0.4,0
1337.70,1780803376591,0.6,0,0,0,0,0,0,POSITION,NONE,0,0,0,0,0,0,0,0,0,0,0.6,-0.4,0
1338.40,1780803376592,0.6,0,0,0,0,0,0,POSITION,NONE,0,0,0,0,0,0,0,0,0,0,0.6,-0.4,0
1338.60,1780803376592,0.6,0,0,0,0,0,0,POSITION,NONE,0,0,0,0,0,0,0,0,0,0,0.6,-0.4,0
1338.80,1780803376592,0.6,0,0,0,0,0,0,POSITION,NONE,0,0,0,0,0,0,0,0,0,0,0.6,-0.4,0
1343.00,1780803376596,0.6,0,0,0,0,0,0,POSITION,NONE,0,0,0,0,0,0,0,0,0,0,0.6,-0.4,0
1343.60,1780803376597,0.6,0,0,0,0,0,0,POSITION,NONE,0,0,0,0,0,0,0,0,0,0,0.6,-0.4,0
1343.90,1780803376597,0.6,0,0,0,0,0,0,POSITION,NONE,0,0,0,0,0,0,0,0,0,0,0.6,-0.4,0
1348.20,1780803376601,0.6,0,0,0,0,0,0,POSITION,NONE,0,0,0,0,0,0,0,0,0,0,0.6,-0.4,0
1348.40,1780803376602,0.6,0,0,0,0,0,0,POSITION,NONE,0,0,0,0,0,0,0,0,0,0,0.6,-0.4,0
1348.70,1780803376602,0.6,0,0,0,0,0,0,POSITION,NONE,0,0,0,0,0,0,0,0,0,0,0.6,-0.4,0
1349.40,1780803376603,0.6,0,0,0,0,0,0,POSITION,NONE,0,0,0,0,0,0,0,0,0,0,0.6,-0.4,0
1350.00,1780803376603,0.6,0,0,0,0,0,0,POSITION,NONE,0,0,0,0,0,0,0,0,0,0,0.6,-0.4,0
1350.50,1780803376604,0.6,0,0,0,0,0,0,POSITION,NONE,0,0,0,0,0,0,0,0,0,0,0.6,-0.4,0
1350.90,1780803376604,0.6,0,0,0,0,0,0,POSITION,NONE,0,0,0,0,0,0,0,0,0,0,0.6,-0.4,0
1357.30,1780803376611,0.6,0,0,0,0,0,0,POSITION,NONE,0,0,0,0,0,0,0,0,0,0,0.6,-0.4,0
1358.00,1780803376611,0.6,0,0,0,0,0,0,POSITION,NONE,0,0,0,0,0,0,0,0,0,0,0.6,-0.4,0
1358.80,1780803376612,0.6,0,0,0,0,0,0,POSITION,NONE,0,0,0,0,0,0,0,0,0,0,0.6,-0.4,0
1359.00,1780803376612,0.6,0,0,0,0,0,0,POSITION,NONE,0,0,0,0,0,0,0,0,0,0,0.6,-0.4,0
1359.30,1780803376613,0.6,0,0,0,0,0,0,POSITION,NONE,0,0,0,0,0,0,0,0,0,0,0.6,-0.4,0
1359.40,1780803376613,0.6,0,0,0,0,0,0,POSITION,NONE,0,0,0,0,0,0,0,0,0,0,0.6,-0.4,0
1359.90,1780803376613,0.6,0,0,0,0,0,0,POSITION,NONE,0,0,0,0,0,0,0,0,0,0,0.6,-0.4,0
1360.20,1780803376613,0.6,0,0,0,0,0,0,POSITION,NONE,0,0,0,0,0,0,0,0,0,0,0.6,-0.4,0
1364.80,1780803376618,0.6,0,0,0,0,0,0,POSITION,NONE,0,0,0,0,0,0,0,0,0,0,0.6,-0.4,0
1365.10,1780803376618,0.6,0,0,0,0,0,0,POSITION,NONE,0,0,0,0,0,0,0,0,0,0,0.6,-0.4,0
1365.40,1780803376619,0.6,0,0,0,0,0,0,POSITION,NONE,0,0,0,0,0,0,0,0,0,0,0.6,-0.4,0
1365.70,1780803376619,0.6,0,0,0,0,0,0,POSITION,NONE,0,0,0,0,0,0,0,0,0,0,0.6,-0.4,0
1366.50,1780803376620,0.6,0,0,0,0,0,0,POSITION,NONE,0,0,0,0,0,0,0,0,0,0,0.6,-0.4,0
1366.80,1780803376620,0.6,0,0,0,0,0,0,POSITION,NONE,0,0,0,0,0,0,0,0,0,0,0.6,-0.4,0
1367.20,1780803376620,0.6,0,0,0,0,0,0,POSITION,NONE,0,0,0,0,0,0,0,0,0,0,0.6,-0.4,0
1367.40,1780803376621,0.6,0,0,0,0,0,0,POSITION,NONE,0,0,0,0,0,0,0,0,0,0,0.6,-0.4,0
1367.80,1780803376621,0.6,0,0,0,0,0,0,POSITION,NONE,0,0,0,0,0,0,0,0,0,0,0.6,-0.4,0
1368.00,1780803376621,0.6,0,0,0,0,0,0,POSITION,NONE,0,0,0,0,0,0,0,0,0,0,0.6,-0.4,0
1372.80,1780803376626,0.6,0,0,0,0,0,0,POSITION,NONE,0,0,0,0,0,0,0,0,0,0,0.6,-0.4,0
1373.00,1780803376626,0.6,0,0,0,0,0,0,POSITION,NONE,0,0,0,0,0,0,0,0,0,0,0.6,-0.4,0
1373.30,1780803376627,0.6,0,0,0,0,0,0,POSITION,NONE,0,0,0,0,0,0,0,0,0,0,0.6,-0.4,0
1374.30,1780803376628,0.6,0,0,0,0,0,0,POSITION,NONE,0,0,0,0,0,0,0,0,0,0,0.6,-0.4,0
1374.80,1780803376628,0.6,0,0,0,0,0,0,POSITION,NONE,0,0,0,0,0,0,0,0,0,0,0.6,-0.4,0
1375.30,1780803376629,0.6,0,0,0,0,0,0,POSITION,NONE,0,0,0,0,0,0,0,0,0,0,0.6,-0.4,0
1380.70,1780803376634,0.6,0,0,0,0,0,0,POSITION,NONE,0,0,0,0,0,0,0,0,0,0,0.6,-0.4,0
1380.90,1780803376634,0.6,0,0,0,0,0,0,POSITION,NONE,0,0,0,0,0,0,0,0,0,0,0.6,-0.4,0
1381.20,1780803376634,0.6,0,0,0,0,0,0,POSITION,NONE,0,0,0,0,0,0,0,0,0,0,0.6,-0.4,0
1381.40,1780803376635,0.6,0,0,0,0,0,0,POSITION,NONE,0,0,0,0,0,0,0,0,0,0,0.6,-0.4,0
1381.80,1780803376635,0.6,0,0,0,0,0,0,POSITION,NONE,0,0,0,0,0,0,0,0,0,0,0.6,-0.4,0
1382.20,1780803376635,0.6,0,0,0,0,0,0,POSITION,NONE,0,0,0,0,0,0,0,0,0,0,0.6,-0.4,0
1383.20,1780803376636,0.6,0,0,0,0,0,0,POSITION,NONE,0,0,0,0,0,0,0,0,0,0,0.6,-0.4,0
1383.50,1780803376637,0.6,0,0,0,0,0,0,POSITION,NONE,0,0,0,0,0,0,0,0,0,0,0.6,-0.4,0
1383.80,1780803376637,0.6,0,0,0,0,0,0,POSITION,NONE,0,0,0,0,0,0,0,0,0,0,0.6,-0.4,0
1384.00,1780803376637,0.6,0,0,0,0,0,0,POSITION,NONE,0,0,0,0,0,0,0,0,0,0,0.6,-0.4,0
1389.60,1780803376643,0.6,0,0,0,0,0,0,POSITION,NONE,0,0,0,0,0,0,0,0,0,0,0.6,-0.4,0
1389.90,1780803376643,0.6,0,0,0,0,0,0,POSITION,NONE,0,0,0,0,0,0,0,0,0,0,0.6,-0.4,0
1390.70,1780803376644,0.6,0,0,0,0,0,0,POSITION,NONE,0,0,0,0,0,0,0,0,0,0,0.6,-0.4,0
1391.40,1780803376645,0.6,0,0,0,0,0,0,POSITION,NONE,0,0,0,0,0,0,0,0,0,0,0.6,-0.4,0
1392.10,1780803376645,0.6,0,0,0,0,0,0,POSITION,NONE,0,0,0,0,0,0,0,0,0,0,0.6,-0.4,0
1392.40,1780803376646,0.6,0,0,0,0,0,0,POSITION,NONE,0,0,0,0,0,0,0,0,0,0,0.6,-0.4,0
1398.30,1780803376652,0.6,0,0,0,0,0,0,POSITION,NONE,0,0,0,0,0,0,0,0,0,0,0.6,-0.4,0
1398.50,1780803376652,0.6,0,0,0,0,0,0,POSITION,NONE,0,0,0,0,0,0,0,0,0,0,0.6,-0.4,0
1399.00,1780803376652,0.6,0,0,0,0,0,0,POSITION,NONE,0,0,0,0,0,0,0,0,0,0,0.6,-0.4,0
1400.70,1780803376654,0.6,0,0,0,0,0,0,POSITION,NONE,0,0,0,0,0,0,0,0,0,0,0.6,-0.4,0
1400.90,1780803376654,0.6,0,0,0,0,0,0,POSITION,NONE,0,0,0,0,0,0,0,0,0,0,0.6,-0.4,0
1401.10,1780803376654,0.6,0,0,0,0,0,0,POSITION,NONE,0,0,0,0,0,0,0,0,0,0,0.6,-0.4,0
1401.60,1780803376655,0.6,0,0,0,0,0,0,POSITION,NONE,0,0,0,0,0,0,0,0,0,0,0.6,-0.4,0
1401.90,1780803376655,0.6,0,0,0,0,0,0,POSITION,NONE,0,0,0,0,0,0,0,0,0,0,0.6,-0.4,0
1402.20,1780803376655,0.6,0,0,0,0,0,0,POSITION,NONE,0,0,0,0,0,0,0,0,0,0,0.6,-0.4,0
1402.40,1780803376656,0.6,0,0,0,0,0,0,POSITION,NONE,0,0,0,0,0,0,0,0,0,0,0.6,-0.4,0
1406.30,1780803376660,0.6,0,0,0,0,0,0,POSITION,NONE,0,0,0,0,0,0,0,0,0,0,0.6,-0.4,0
1406.60,1780803376660,0.6,0,0,0,0,0,0,POSITION,NONE,0,0,0,0,0,0,0,0,0,0,0.6,-0.4,0
1407.40,1780803376661,0.6,0,0,0,0,0,0,POSITION,NONE,0,0,0,0,0,0,0,0,0,0,0.6,-0.4,0
1407.90,1780803376661,0.6,0,0,0,0,0,0,POSITION,NONE,0,0,0,0,0,0,0,0,0,0,0.6,-0.4,0
1408.20,1780803376661,0.6,0,0,0,0,0,0,POSITION,NONE,0,0,0,0,0,0,0,0,0,0,0.6,-0.4,0
1408.50,1780803376662,0.6,0,0,0,0,0,0,POSITION,NONE,0,0,0,0,0,0,0,0,0,0,0.6,-0.4,0
1414.30,1780803376668,0.6,0,0,0,0,0,0,POSITION,NONE,0,0,0,0,0,0,0,0,0,0,0.6,-0.4,0
1414.70,1780803376668,0.6,0,0,0,0,0,0,POSITION,NONE,0,0,0,0,0,0,0,0,0,0,0.6,-0.4,0
1415.20,1780803376669,0.6,0,0,0,0,0,0,POSITION,NONE,0,0,0,0,0,0,0,0,0,0,0.6,-0.4,0
1415.60,1780803376669,0.6,0,0,0,0,0,0,POSITION,NONE,0,0,0,0,0,0,0,0,0,0,0.6,-0.4,0
1416.30,1780803376669,0.6,0,0,0,0,0,0,POSITION,NONE,0,0,0,0,0,0,0,0,0,0,0.6,-0.4,0
1416.80,1780803376670,0.6,0,0,0,0,0,0,POSITION,NONE,0,0,0,0,0,0,0,0,0,0,0.6,-0.4,0
1417.50,1780803376671,0.6,0,0,0,0,0,0,POSITION,NONE,0,0,0,0,0,0,0,0,0,0,0.6,-0.4,0
1417.70,1780803376671,0.6,0,0,0,0,0,0,POSITION,NONE,0,0,0,0,0,0,0,0,0,0,0.6,-0.4,0
1426.40,1780803376680,0.6,0,0,0,0,0,0,POSITION,NONE,0,0,0,0,0,0,0,0,0,0,0.6,-0.4,0
1426.80,1780803376680,0.6,0,0,0,0,0,0,POSITION,NONE,0,0,0,0,0,0,0,0,0,0,0.6,-0.4,0
1427.10,1780803376680,0.6,0,0,0,0,0,0,POSITION,NONE,0,0,0,0,0,0,0,0,0,0,0.6,-0.4,0
1427.30,1780803376681,0.6,0,0,0,0,0,0,POSITION,NONE,0,0,0,0,0,0,0,0,0,0,0.6,-0.4,0
1427.80,1780803376681,0.6,0,0,0,0,0,0,POSITION,NONE,0,0,0,0,0,0,0,0,0,0,0.6,-0.4,0
1428.00,1780803376681,0.6,0,0,0,0,0,0,POSITION,NONE,0,0,0,0,0,0,0,0,0,0,0.6,-0.4,0
1428.40,1780803376682,0.6,0,0,0,0,0,0,POSITION,NONE,0,0,0,0,0,0,0,0,0,0,0.6,-0.4,0
1435.00,1780803376688,0.6,0,0,0,0,0,0,POSITION,NONE,0,0,0,0,0,0,0,0,0,0,0.6,-0.4,0
1435.30,1780803376689,0.6,0,0,0,0,0,0,POSITION,NONE,0,0,0,0,0,0,0,0,0,0,0.6,-0.4,0
1435.50,1780803376689,0.6,0,0,0,0,0,0,POSITION,NONE,0,0,0,0,0,0,0,0,0,0,0.6,-0.4,0
1436.20,1780803376690,0.6,0,0,0,0,0,0,POSITION,NONE,0,0,0,0,0,0,0,0,0,0,0.6,-0.4,0
1436.80,1780803376690,0.6,0,0,0,0,0,0,POSITION,NONE,0,0,0,0,0,0,0,0,0,0,0.6,-0.4,0
1437.10,1780803376690,0.6,0,0,0,0,0,0,POSITION,NONE,0,0,0,0,0,0,0,0,0,0,0.6,-0.4,0
1444.70,1780803376698,0.6,0,0,0,0,0,0,POSITION,NONE,0,0,0,0,0,0,0,0,0,0,0.6,-0.4,0
1445.10,1780803376698,0.6,0,0,0,0,0,0,POSITION,NONE,0,0,0,0,0,0,0,0,0,0,0.6,-0.4,0
1445.40,1780803376699,0.6,0,0,0,0,0,0,POSITION,NONE,0,0,0,0,0,0,0,0,0,0,0.6,-0.4,0
1445.90,1780803376699,0.6,0,0,0,0,0,0,POSITION,NONE,0,0,0,0,0,0,0,0,0,0,0.6,-0.4,0
1446.20,1780803376699,0.6,0,0,0,0,0,0,POSITION,NONE,0,0,0,0,0,0,0,0,0,0,0.6,-0.4,0
1446.40,1780803376700,0.6,0,0,0,0,0,0,POSITION,NONE,0,0,0,0,0,0,0,0,0,0,0.6,-0.4,0
1451.20,1780803376704,0.6,0,0,0,0,0,0,POSITION,NONE,0,0,0,0,0,0,0,0,0,0,0.6,-0.4,0
1451.40,1780803376705,0.6,0,0,0,0,0,0,POSITION,NONE,0,0,0,0,0,0,0,0,0,0,0.6,-0.4,0
1451.60,1780803376705,0.6,0,0,0,0,0,0,POSITION,NONE,0,0,0,0,0,0,0,0,0,0,0.6,-0.4,0
1452.70,1780803376706,0.6,0,0,0,0,0,0,POSITION,NONE,0,0,0,0,0,0,0,0,0,0,0.6,-0.4,0
1452.90,1780803376706,0.6,0,0,0,0,0,0,POSITION,NONE,0,0,0,0,0,0,0,0,0,0,0.6,-0.4,0
1453.10,1780803376706,0.6,0,0,0,0,0,0,POSITION,NONE,0,0,0,0,0,0,0,0,0,0,0.6,-0.4,0
1453.40,1780803376707,0.6,0,0,0,0,0,0,POSITION,NONE,0,0,0,0,0,0,0,0,0,0,0.6,-0.4,0
1453.80,1780803376707,0.6,0,0,0,0,0,0,POSITION,NONE,0,0,0,0,0,0,0,0,0,0,0.6,-0.4,0
1454.00,1780803376707,0.6,0,0,0,0,0,0,POSITION,NONE,0,0,0,0,0,0,0,0,0,0,0.6,-0.4,0
1458.10,1780803376711,0.6,0,0,0,0,0,0,POSITION,NONE,0,0,0,0,0,0,0,0,0,0,0.6,-0.4,0
1458.50,1780803376712,0.6,0,0,0,0,0,0,POSITION,NONE,0,0,0,0,0,0,0,0,0,0,0.6,-0.4,0
1458.70,1780803376712,0.6,0,0,0,0,0,0,POSITION,NONE,0,0,0,0,0,0,0,0,0,0,0.6,-0.4,0
1459.10,1780803376712,0.6,0,0,0,0,0,0,POSITION,NONE,0,0,0,0,0,0,0,0,0,0,0.6,-0.4,0
1459.50,1780803376713,0.6,0,0,0,0,0,0,POSITION,NONE,0,0,0,0,0,0,0,0,0,0,0.6,-0.4,0
1459.80,1780803376713,0.6,0,0,0,0,0,0,POSITION,NONE,0,0,0,0,0,0,0,0,0,0,0.6,-0.4,0
1464.70,1780803376718,0.6,0,0,0,0,0,0,POSITION,NONE,0,0,0,0,0,0,0,0,0,0,0.6,-0.4,0
1464.90,1780803376718,0.6,0,0,0,0,0,0,POSITION,NONE,0,0,0,0,0,0,0,0,0,0,0.6,-0.4,0
1465.30,1780803376719,0.6,0,0,0,0,0,0,POSITION,NONE,0,0,0,0,0,0,0,0,0,0,0.6,-0.4,0
1465.80,1780803376719,0.6,0,0,0,0,0,0,POSITION,NONE,0,0,0,0,0,0,0,0,0,0,0.6,-0.4,0
1467.20,1780803376721,0.6,0,0,0,0,0,0,POSITION,NONE,0,0,0,0,0,0,0,0,0,0,0.6,-0.4,0
1467.90,1780803376721,0.6,0,0,0,0,0,0,POSITION,NONE,0,0,0,0,0,0,0,0,0,0,0.6,-0.4,0
1468.10,1780803376721,0.6,0,0,0,0,0,0,POSITION,NONE,0,0,0,0,0,0,0,0,0,0,0.6,-0.4,0
1474.20,1780803376728,0.6,0,0,0,0,0,0,POSITION,NONE,0,0,0,0,0,0,0,0,0,0,0.6,-0.4,0
1474.60,1780803376728,0.6,0,0,0,0,0,0,POSITION,NONE,0,0,0,0,0,0,0,0,0,0,0.6,-0.4,0
1474.80,1780803376728,0.6,0,0,0,0,0,0,POSITION,NONE,0,0,0,0,0,0,0,0,0,0,0.6,-0.4,0
1475.60,1780803376729,0.6,0,0,0,0,0,0,POSITION,NONE,0,0,0,0,0,0,0,0,0,0,0.6,-0.4,0
1475.80,1780803376729,0.6,0,0,0,0,0,0,POSITION,NONE,0,0,0,0,0,0,0,0,0,0,0.6,-0.4,0
1476.00,1780803376729,0.6,0,0,0,0,0,0,POSITION,NONE,0,0,0,0,0,0,0,0,0,0,0.6,-0.4,0
1476.40,1780803376730,0.6,0,0,0,0,0,0,POSITION,NONE,0,0,0,0,0,0,0,0,0,0,0.6,-0.4,0
1476.60,1780803376730,0.6,0,0,0,0,0,0,POSITION,NONE,0,0,0,0,0,0,0,0,0,0,0.6,-0.4,0
1476.90,1780803376730,0.6,0,0,0,0,0,0,POSITION,NONE,0,0,0,0,0,0,0,0,0,0,0.6,-0.4,0
1481.40,1780803376735,0.6,0,0,0,0,0,0,POSITION,NONE,0,0,0,0,0,0,0,0,0,0,0.6,-0.4,0
1481.60,1780803376735,0.6,0,0,0,0,0,0,POSITION,NONE,0,0,0,0,0,0,0,0,0,0,0.6,-0.4,0
1482.00,1780803376735,0.6,0,0,0,0,0,0,POSITION,NONE,0,0,0,0,0,0,0,0,0,0,0.6,-0.4,0
1483.10,1780803376736,0.6,0,0,0,0,0,0,POSITION,NONE,0,0,0,0,0,0,0,0,0,0,0.6,-0.4,0
1483.40,1780803376737,0.6,0,0,0,0,0,0,POSITION,NONE,0,0,0,0,0,0,0,0,0,0,0.6,-0.4,0
1483.60,1780803376737,0.6,0,0,0,0,0,0,POSITION,NONE,0,0,0,0,0,0,0,0,0,0,0.6,-0.4,0
1484.10,1780803376737,0.6,0,0,0,0,0,0,POSITION,NONE,0,0,0,0,0,0,0,0,0,0,0.6,-0.4,0
1484.30,1780803376738,0.6,0,0,0,0,0,0,POSITION,NONE,0,0,0,0,0,0,0,0,0,0,0.6,-0.4,0
1484.60,1780803376738,0.6,0,0,0,0,0,0,POSITION,NONE,0,0,0,0,0,0,0,0,0,0,0.6,-0.4,0
1490.00,1780803376743,0.6,0,0,0,0,0,0,POSITION,NONE,0,0,0,0,0,0,0,0,0,0,0.6,-0.4,0
1490.70,1780803376744,0.6,0,0,0,0,0,0,POSITION,NONE,0,0,0,0,0,0,0,0,0,0,0.6,-0.4,0
1491.10,1780803376744,0.6,0,0,0,0,0,0,POSITION,NONE,0,0,0,0,0,0,0,0,0,0,0.6,-0.4,0
1491.90,1780803376745,0.6,0,0,0,0,0,0,POSITION,NONE,0,0,0,0,0,0,0,0,0,0,0.6,-0.4,0
1492.10,1780803376745,0.6,0,0,0,0,0,0,POSITION,NONE,0,0,0,0,0,0,0,0,0,0,0.6,-0.4,0
1492.30,1780803376746,0.6,0,0,0,0,0,0,POSITION,NONE,0,0,0,0,0,0,0,0,0,0,0.6,-0.4,0
1492.60,1780803376746,0.6,0,0,0,0,0,0,POSITION,NONE,0,0,0,0,0,0,0,0,0,0,0.6,-0.4,0
1497.30,1780803376751,0.6,0,0,0,0,0,0,POSITION,NONE,0,0,0,0,0,0,0,0,0,0,0.6,-0.4,0
1497.70,1780803376751,0.6,0,0,0,0,0,0,POSITION,NONE,0,0,0,0,0,0,0,0,0,0,0.6,-0.4,0
1498.00,1780803376751,0.6,0,0,0,0,0,0,POSITION,NONE,0,0,0,0,0,0,0,0,0,0,0.6,-0.4,0
1498.30,1780803376752,0.6,0,0,0,0,0,0,POSITION,NONE,0,0,0,0,0,0,0,0,0,0,0.6,-0.4,0
1498.80,1780803376752,0.6,0,0,0,0,0,0,POSITION,NONE,0,0,0,0,0,0,0,0,0,0,0.6,-0.4,0
1499.40,1780803376753,0.6,0,0,0,0,0,0,POSITION,NONE,0,0,0,0,0,0,0,0,0,0,0.6,-0.4,0
1499.90,1780803376753,0.6,0,0,0,0,0,0,POSITION,NONE,0,0,0,0,0,0,0,0,0,0,0.6,-0.4,0
1500.20,1780803376754,0.6,0,0,0,0,0,0,POSITION,NONE,0,0,0,0,0,0,0,0,0,0,0.6,-0.4,0
1510.60,1780803376764,0.6,0,0,0,0,0,0,POSITION,NONE,0,0,0,0,0,0,0,0,0,0,0.6,-0.4,0
1511.00,1780803376764,0.6,0,0,0,0,0,0,POSITION,NONE,0,0,0,0,0,0,0,0,0,0,0.6,-0.4,0
1511.30,1780803376765,0.6,0,0,0,0,0,0,POSITION,NONE,0,0,0,0,0,0,0,0,0,0,0.6,-0.4,0
1511.50,1780803376765,0.6,0,0,0,0,0,0,POSITION,NONE,0,0,0,0,0,0,0,0,0,0,0.6,-0.4,0
1512.20,1780803376765,0.6,0,0,0,0,0,0,POSITION,NONE,0,0,0,0,0,0,0,0,0,0,0.6,-0.4,0
1512.40,1780803376766,0.6,0,0,0,0,0,0,POSITION,NONE,0,0,0,0,0,0,0,0,0,0,0.6,-0.4,0
1512.70,1780803376766,0.6,0,0,0,0,0,0,POSITION,NONE,0,0,0,0,0,0,0,0,0,0,0.6,-0.4,0
1513.20,1780803376766,0.6,0,0,0,0,0,0,POSITION,NONE,0,0,0,0,0,0,0,0,0,0,0.6,-0.4,0
1513.40,1780803376767,0.6,0,0,0,0,0,0,POSITION,NONE,0,0,0,0,0,0,0,0,0,0,0.6,-0.4,0
1513.70,1780803376767,0.6,0,0,0,0,0,0,POSITION,NONE,0,0,0,0,0,0,0,0,0,0,0.6,-0.4,0
1522.30,1780803376776,0.6,0,0,0,0,0,0,POSITION,NONE,0,0,0,0,0,0,0,0,0,0,0.6,-0.4,0
1522.50,1780803376776,0.6,0,0,0,0,0,0,POSITION,NONE,0,0,0,0,0,0,0,0,0,0,0.6,-0.4,0
1522.90,1780803376776,0.6,0,0,0,0,0,0,POSITION,NONE,0,0,0,0,0,0,0,0,0,0,0.6,-0.4,0
1523.10,1780803376776,0.6,0,0,0,0,0,0,POSITION,NONE,0,0,0,0,0,0,0,0,0,0,0.6,-0.4,0
1523.70,1780803376777,0.6,0,0,0,0,0,0,POSITION,NONE,0,0,0,0,0,0,0,0,0,0,0.6,-0.4,0
1524.20,1780803376777,0.6,0,0,0,0,0,0,POSITION,NONE,0,0,0,0,0,0,0,0,0,0,0.6,-0.4,0
1525.00,1780803376778,0.6,0,0,0,0,0,0,POSITION,NONE,0,0,0,0,0,0,0,0,0,0,0.6,-0.4,0
1525.30,1780803376779,0.6,0,0,0,0,0,0,POSITION,NONE,0,0,0,0,0,0,0,0,0,0,0.6,-0.4,0
1525.50,1780803376779,0.6,0,0,0,0,0,0,POSITION,NONE,0,0,0,0,0,0,0,0,0,0,0.6,-0.4,0
1525.80,1780803376779,0.6,0,0,0,0,0,0,POSITION,NONE,0,0,0,0,0,0,0,0,0,0,0.6,-0.4,0
1539.40,1780803376793,0.6,0,0,0,0,0,0,POSITION,NONE,0,0,0,0,0,0,0,0,0,0,0.6,-0.4,0
1539.70,1780803376793,0.6,0,0,0,0,0,0,POSITION,NONE,0,0,0,0,0,0,0,0,0,0,0.6,-0.4,0
1540.00,1780803376793,0.6,0,0,0,0,0,0,POSITION,NONE,0,0,0,0,0,0,0,0,0,0,0.6,-0.4,0
1540.50,1780803376794,0.6,0,0,0,0,0,0,POSITION,NONE,0,0,0,0,0,0,0,0,0,0,0.6,-0.4,0
1544.80,1780803376798,0.6,0,0,0,0,0,0,POSITION,NONE,0,0,0,0,0,0,0,0,0,0,0.6,-0.4,0
1545.50,1780803376799,0.6,0,0,0,0,0,0,POSITION,NONE,0,0,0,0,0,0,0,0,0,0,0.6,-0.4,0
1545.90,1780803376799,0.6,0,0,0,0,0,0,POSITION,NONE,0,0,0,0,0,0,0,0,0,0,0.6,-0.4,0
1546.10,1780803376799,0.6,0,0,0,0,0,0,POSITION,NONE,0,0,0,0,0,0,0,0,0,0,0.6,-0.4,0
1547.00,1780803376800,0.6,0,0,0,0,0,0,POSITION,NONE,0,0,0,0,0,0,0,0,0,0,0.6,-0.4,0
1547.20,1780803376801,0.6,0,0,0,0,0,0,POSITION,NONE,0,0,0,0,0,0,0,0,0,0,0.6,-0.4,0
1562.40,1780803376816,0.6,0,0,0,0,0,0,POSITION,NONE,0,0,0,0,0,0,0,0,0,0,0.6,-0.4,0
1562.60,1780803376816,0.6,0,0,0,0,0,0,POSITION,NONE,0,0,0,0,0,0,0,0,0,0,0.6,-0.4,0
1562.70,1780803376816,0.6,0,0,0,0,0,0,POSITION,NONE,0,0,0,0,0,0,0,0,0,0,0.6,-0.4,0
1563.00,1780803376816,0.6,0,0,0,0,0,0,POSITION,NONE,0,0,0,0,0,0,0,0,0,0,0.6,-0.4,0
1577.10,1780803376830,0.6,0,0,0,0,0,0,POSITION,NONE,0,0,0,0,0,0,0,0,0,0,0.6,-0.4,0
1577.40,1780803376831,0.6,0,0,0,0,0,0,POSITION,NONE,0,0,0,0,0,0,0,0,0,0,0.6,-0.4,0
1577.70,1780803376831,0.6,0,0,0,0,0,0,POSITION,NONE,0,0,0,0,0,0,0,0,0,0,0.6,-0.4,0
1592.60,1780803376846,0.6,0,0,0,0,0,0,POSITION,NONE,0,0,0,0,0,0,0,0,0,0,0.6,-0.4,0
1592.90,1780803376846,0.6,0,0,0,0,0,0,POSITION,NONE,0,0,0,0,0,0,0,0,0,0,0.6,-0.4,0
1593.10,1780803376846,0.6,0,0,0,0,0,0,POSITION,NONE,0,0,0,0,0,0,0,0,0,0,0.6,-0.4,0
1608.80,1780803376862,0.6,0,0,0,0,0,0,POSITION,NONE,0,0,0,0,0,0,0,0,0,0,0.6,-0.4,0
1609.50,1780803376863,0.6,0,0,0,0,0,0,POSITION,NONE,0,0,0,0,0,0,0,0,0,0,0.6,-0.4,0
1609.80,1780803376863,0.6,0,0,0,0,0,0,POSITION,NONE,0,0,0,0,0,0,0,0,0,0,0.6,-0.4,0
1610.30,1780803376864,0.6,0,0,0,0,0,0,POSITION,NONE,0,0,0,0,0,0,0,0,0,0,0.6,-0.4,0
1625.10,1780803376878,0.6,0,0,0,0,0,0,POSITION,NONE,0,0,0,0,0,0,0,0,0,0,0.6,-0.4,0
1625.60,1780803376879,0.6,0,0,0,0,0,0,POSITION,NONE,0,0,0,0,0,0,0,0,0,0,0.6,-0.4,0
1639.00,1780803376892,0.6,0,0,0,0,0,0,POSITION,NONE,0,0,0,0,0,0,0,0,0,0,0.6,-0.4,0
1639.20,1780803376892,0.6,0,0,0,0,0,0,POSITION,NONE,0,0,0,0,0,0,0,0,0,0,0.6,-0.4,0
1639.50,1780803376893,0.6,0,0,0,0,0,0,POSITION,NONE,0,0,0,0,0,0,0,0,0,0,0.6,-0.4,0
1639.70,1780803376893,0.6,0,0,0,0,0,0,POSITION,NONE,0,0,0,0,0,0,0,0,0,0,0.6,-0.4,0
1655.40,1780803376909,0.6,0,0,0,0,0,0,POSITION,NONE,0,0,0,0,0,0,0,0,0,0,0.6,-0.4,0
1656.10,1780803376909,0.6,0,0,0,0,0,0,POSITION,NONE,0,0,0,0,0,0,0,0,0,0,0.6,-0.4,0
1669.60,1780803376923,0.6,0,0,0,0,0,0,POSITION,NONE,0,0,0,0,0,0,0,0,0,0,0.6,-0.4,0
1669.90,1780803376923,0.6,0,0,0,0,0,0,POSITION,NONE,0,0,0,0,0,0,0,0,0,0,0.6,-0.4,0
1670.10,1780803376923,0.6,0,0,0,0,0,0,POSITION,NONE,0,0,0,0,0,0,0,0,0,0,0.6,-0.4,0
1670.50,1780803376924,0.6,0,0,0,0,0,0,POSITION,NONE,0,0,0,0,0,0,0,0,0,0,0.6,-0.4,0
1687.90,1780803376941,0.6,0,0,0,0,0,0,POSITION,NONE,0,0,0,0,0,0,0,0,0,0,0.6,-0.4,0
1688.20,1780803376941,0.6,0,0,0,0,0,0,POSITION,NONE,0,0,0,0,0,0,0,0,0,0,0.6,-0.4,0
1688.60,1780803376942,0.6,0,0,0,0,0,0,POSITION,NONE,0,0,0,0,0,0,0,0,0,0,0.6,-0.4,0
1701.50,1780803376955,0.6,0,0,0,0,0,0,POSITION,NONE,0,0,0,0,0,0,0,0,0,0,0.6,-0.4,0
1702.00,1780803376955,0.6,0,0,0,0,0,0,POSITION,NONE,0,0,0,0,0,0,0,0,0,0,0.6,-0.4,0
1702.30,1780803376956,0.6,0,0,0,0,0,0,POSITION,NONE,0,0,0,0,0,0,0,0,0,0,0.6,-0.4,0
1716.90,1780803376970,0.6,0,0,0,0,0,0,POSITION,NONE,0,0,0,0,0,0,0,0,0,0,0.6,-0.4,0
1717.40,1780803376971,0.6,0,0,0,0,0,0,POSITION,NONE,0,0,0,0,0,0,0,0,0,0,0.6,-0.4,0
1717.80,1780803376971,0.6,0,0,0,0,0,0,POSITION,NONE,0,0,0,0,0,0,0,0,0,0,0.6,-0.4,0
1733.70,1780803376987,0.6,0,0,0,0,0,0,POSITION,NONE,0,0,0,0,0,0,0,0,0,0,0.6,-0.4,0
1734.20,1780803376987,0.6,0,0,0,0,0,0,POSITION,NONE,0,0,0,0,0,0,0,0,0,0,0.6,-0.4,0
1734.60,1780803376988,0.6,0,0,0,0,0,0,POSITION,NONE,0,0,0,0,0,0,0,0,0,0,0.6,-0.4,0
1747.60,1780803377001,0.6,0,0,0,0,0,0,POSITION,NONE,0,0,0,0,0,0,0,0,0,0,0.6,-0.4,0
1762.90,1780803377016,0.6,0,0,0,0,0,0,POSITION,NONE,0,0,0,0,0,0,0,0,0,0,0.6,-0.4,0
1763.30,1780803377017,0.6,0,0,0,0,0,0,POSITION,NONE,0,0,0,0,0,0,0,0,0,0,0.6,-0.4,0
1763.80,1780803377017,0.6,0,0,0,0,0,0,POSITION,NONE,0,0,0,0,0,0,0,0,0,0,0.6,-0.4,0
1778.00,1780803377031,0.6,0,0,0,0,0,0,POSITION,NONE,0,0,0,0,0,0,0,0,0,0,0.6,-0.4,0
1778.40,1780803377032,0.6,0,0,0,0,0,0,POSITION,NONE,0,0,0,0,0,0,0,0,0,0,0.6,-0.4,0
1779.00,1780803377032,0.6,0,0,0,0,0,0,POSITION,NONE,0,0,0,0,0,0,0,0,0,0,0.6,-0.4,0
1780.10,1780803377033,0.6,0,0,0,0,0,0,POSITION,NONE,0,0,0,0,0,0,0,0,0,0,0.6,-0.4,0
1795.50,1780803377049,0.6,0,0,0,0,0,0,POSITION,NONE,0,0,0,0,0,0,0,0,0,0,0.6,-0.4,0
1796.30,1780803377050,0.6,0,0,0,0,0,0,POSITION,NONE,0,0,0,0,0,0,0,0,0,0,0.6,-0.4,0
1809.50,1780803377063,0.6,0,0,0,0,0,0,POSITION,NONE,0,0,0,0,0,0,0,0,0,0,0.6,-0.4,0
1810.10,1780803377063,0.6,0,0,0,0,0,0,POSITION,NONE,0,0,0,0,0,0,0,0,0,0,0.6,-0.4,0
1811.20,1780803377064,0.6,0,0,0,0,0,0,POSITION,NONE,0,0,0,0,0,0,0,0,0,0,0.6,-0.4,0
1811.80,1780803377065,0.6,0,0,0,0,0,0,POSITION,NONE,0,0,0,0,0,0,0,0,0,0,0.6,-0.4,0
1826.30,1780803377080,0.6,0,0,0,0,0,0,POSITION,NONE,0,0,0,0,0,0,0,0,0,0,0.6,-0.4,0
1826.70,1780803377080,0.6,0,0,0,0,0,0,POSITION,NONE,0,0,0,0,0,0,0,0,0,0,0.6,-0.4,0
1848.60,1780803377102,0.6,0,0,0,0,0,0,POSITION,NONE,0,0,0,0,0,0,0,0,0,0,0.6,-0.4,0
1849.30,1780803377103,0.6,0,0,0,0,0,0,POSITION,NONE,0,0,0,0,0,0,0,0,0,0,0.6,-0.4,0
1849.60,1780803377103,0.6,0,0,0,0,0,0,POSITION,NONE,0,0,0,0,0,0,0,0,0,0,0.6,-0.4,0
1850.00,1780803377103,0.6,0,0,0,0,0,0,POSITION,NONE,0,0,0,0,0,0,0,0,0,0,0.6,-0.4,0
1856.20,1780803377109,0.6,0,0,0,0,0,0,POSITION,NONE,0,0,0,0,0,0,0,0,0,0,0.6,-0.4,0
1857.00,1780803377110,0.6,0,0,0,0,0,0,POSITION,NONE,0,0,0,0,0,0,0,0,0,0,0.6,-0.4,0
1870.50,1780803377124,0.6,0,0,0,0,0,0,POSITION,NONE,0,0,0,0,0,0,0,0,0,0,0.6,-0.4,0
1870.70,1780803377124,0.6,0,0,0,0,0,0,POSITION,NONE,0,0,0,0,0,0,0,0,0,0,0.6,-0.4,0
1870.90,1780803377124,0.6,0,0,0,0,0,0,POSITION,NONE,0,0,0,0,0,0,0,0,0,0,0.6,-0.4,0
1871.20,1780803377124,0.6,0,0,0,0,0,0,POSITION,NONE,0,0,0,0,0,0,0,0,0,0,0.6,-0.4,0
1885.90,1780803377139,0.6,0,0,0,0,0,0,POSITION,NONE,0,0,0,0,0,0,0,0,0,0,0.6,-0.4,0
1886.30,1780803377140,0.6,0,0,0,0,0,0,POSITION,NONE,0,0,0,0,0,0,0,0,0,0,0.6,-0.4,0
1886.50,1780803377140,0.6,0,0,0,0,0,0,POSITION,NONE,0,0,0,0,0,0,0,0,0,0,0.6,-0.4,0
1901.00,1780803377154,0.6,0,0,0,0,0,0,POSITION,NONE,0,0,0,0,0,0,0,0,0,0,0.6,-0.4,0
1901.30,1780803377155,0.6,0,0,0,0,0,0,POSITION,NONE,0,0,0,0,0,0,0,0,0,0,0.6,-0.4,0
1901.50,1780803377155,0.6,0,0,0,0,0,0,POSITION,NONE,0,0,0,0,0,0,0,0,0,0,0.6,-0.4,0
1917.00,1780803377170,0.6,0,0,0,0,0,0,POSITION,NONE,0,0,0,0,0,0,0,0,0,0,0.6,-0.4,0
1917.50,1780803377171,0.6,0,0,0,0,0,0,POSITION,NONE,0,0,0,0,0,0,0,0,0,0,0.6,-0.4,0
1917.70,1780803377171,0.6,0,0,0,0,0,0,POSITION,NONE,0,0,0,0,0,0,0,0,0,0,0.6,-0.4,0
1933.20,1780803377186,0.6,0,0,0,0,0,0,POSITION,NONE,0,0,0,0,0,0,0,0,0,0,0.6,-0.4,0
1933.50,1780803377187,0.6,0,0,0,0,0,0,POSITION,NONE,0,0,0,0,0,0,0,0,0,0,0.6,-0.4,0
1933.80,1780803377187,0.6,0,0,0,0,0,0,POSITION,NONE,0,0,0,0,0,0,0,0,0,0,0.6,-0.4,0
1950.70,1780803377204,0.6,0,0,0,0,0,0,POSITION,NONE,0,0,0,0,0,0,0,0,0,0,0.6,-0.4,0
1951.00,1780803377204,0.6,0,0,0,0,0,0,POSITION,NONE,0,0,0,0,0,0,0,0,0,0,0.6,-0.4,0
1951.30,1780803377204,0.6,0,0,0,0,0,0,POSITION,NONE,0,0,0,0,0,0,0,0,0,0,0.6,-0.4,0
1951.50,1780803377205,0.6,0,0,0,0,0,0,POSITION,NONE,0,0,0,0,0,0,0,0,0,0,0.6,-0.4,0
1964.00,1780803377217,0.6,0,0,0,0,0,0,POSITION,NONE,0,0,0,0,0,0,0,0,0,0,0.6,-0.4,0
1964.30,1780803377218,0.6,0,0,0,0,0,0,POSITION,NONE,0,0,0,0,0,0,0,0,0,0,0.6,-0.4,0
1979.10,1780803377232,0.6,0,0,0,0,0,0,POSITION,NONE,0,0,0,0,0,0,0,0,0,0,0.6,-0.4,0
1979.30,1780803377233,0.6,0,0,0,0,0,0,POSITION,NONE,0,0,0,0,0,0,0,0,0,0,0.6,-0.4,0
1979.60,1780803377233,0.6,0,0,0,0,0,0,POSITION,NONE,0,0,0,0,0,0,0,0,0,0,0.6,-0.4,0
1979.70,1780803377233,0.6,0,0,0,0,0,0,POSITION,NONE,0,0,0,0,0,0,0,0,0,0,0.6,-0.4,0
1996.20,1780803377249,0.6,0,0,0,0,0,0,POSITION,NONE,0,0,0,0,0,0,0,0,0,0,0.6,-0.4,0
1996.50,1780803377250,0.6,0,0,0,0,0,0,POSITION,NONE,0,0,0,0,0,0,0,0,0,0,0.6,-0.4,0
2010.40,1780803377264,0.6,0,0,0,0,0,0,POSITION,NONE,0,0,0,0,0,0,0,0,0,0,0.6,-0.4,0
2010.70,1780803377264,0.6,0,0,0,0,0,0,POSITION,NONE,0,0,0,0,0,0,0,0,0,0,0.6,-0.4,0
2010.90,1780803377264,0.6,0,0,0,0,0,0,POSITION,NONE,0,0,0,0,0,0,0,0,0,0,0.6,-0.4,0
2011.10,1780803377264,0.6,0,0,0,0,0,0,POSITION,NONE,0,0,0,0,0,0,0,0,0,0,0.6,-0.4,0
2025.70,1780803377279,0.6,0,0,0,0,0,0,POSITION,NONE,0,0,0,0,0,0,0,0,0,0,0.6,-0.4,0
2026.00,1780803377279,0.6,0,0,0,0,0,0,POSITION,NONE,0,0,0,0,0,0,0,0,0,0,0.6,-0.4,0
2026.80,1780803377280,0.6,0,0,0,0,0,0,POSITION,NONE,0,0,0,0,0,0,0,0,0,0,0.6,-0.4,0
2041.50,1780803377295,0.6,0,0,0,0,0,0,POSITION,NONE,0,0,0,0,0,0,0,0,0,0,0.6,-0.4,0
2042.20,1780803377296,0.6,0,0,0,0,0,0,POSITION,NONE,0,0,0,0,0,0,0,0,0,0,0.6,-0.4,0
2042.60,1780803377296,0.6,0,0,0,0,0,0,POSITION,NONE,0,0,0,0,0,0,0,0,0,0,0.6,-0.4,0
2056.30,1780803377310,0.6,0,0,0,0,0,0,POSITION,NONE,0,0,0,0,0,0,0,0,0,0,0.6,-0.4,0
2056.80,1780803377310,0.6,0,0,0,0,0,0,POSITION,NONE,0,0,0,0,0,0,0,0,0,0,0.6,-0.4,0
2057.40,1780803377311,0.6,0,0,0,0,0,0,POSITION,NONE,0,0,0,0,0,0,0,0,0,0,0.6,-0.4,0
2070.90,1780803377324,0.6,0,0,0,0,0,0,POSITION,NONE,0,0,0,0,0,0,0,0,0,0,0.6,-0.4,0
2071.30,1780803377325,0.6,0,0,0,0,0,0,POSITION,NONE,0,0,0,0,0,0,0,0,0,0,0.6,-0.4,0
2071.70,1780803377325,0.6,0,0,0,0,0,0,POSITION,NONE,0,0,0,0,0,0,0,0,0,0,0.6,-0.4,0
2086.70,1780803377340,0.6,0,0,0,0,0,0,POSITION,NONE,0,0,0,0,0,0,0,0,0,0,0.6,-0.4,0
2087.30,1780803377341,0.6,0,0,0,0,0,0,POSITION,NONE,0,0,0,0,0,0,0,0,0,0,0.6,-0.4,0
2087.60,1780803377341,0.6,0,0,0,0,0,0,POSITION,NONE,0,0,0,0,0,0,0,0,0,0,0.6,-0.4,0
2101.70,1780803377355,0.6,0,0,0,0,0,0,POSITION,NONE,0,0,0,0,0,0,0,0,0,0,0.6,-0.4,0
2102.20,1780803377355,0.6,0,0,0,0,0,0,POSITION,NONE,0,0,0,0,0,0,0,0,0,0,0.6,-0.4,0
2102.50,1780803377356,0.6,0,0,0,0,0,0,POSITION,NONE,0,0,0,0,0,0,0,0,0,0,0.6,-0.4,0
2116.80,1780803377370,0.6,0,0,0,0,0,0,POSITION,NONE,0,0,0,0,0,0,0,0,0,0,0.6,-0.4,0
2117.20,1780803377370,0.6,0,0,0,0,0,0,POSITION,NONE,0,0,0,0,0,0,0,0,0,0,0.6,-0.4,0
2117.40,1780803377371,0.6,0,0,0,0,0,0,POSITION,NONE,0,0,0,0,0,0,0,0,0,0,0.6,-0.4,0
2133.20,1780803377386,0.6,0,0,0,0,0,0,POSITION,NONE,0,0,0,0,0,0,0,0,0,0,0.6,-0.4,0
2133.40,1780803377387,0.6,0,0,0,0,0,0,POSITION,NONE,0,0,0,0,0,0,0,0,0,0,0.6,-0.4,0
2133.70,1780803377387,0.6,0,0,0,0,0,0,POSITION,NONE,0,0,0,0,0,0,0,0,0,0,0.6,-0.4,0
2147.80,1780803377401,0.6,0,0,0,0,0,0,POSITION,NONE,0,0,0,0,0,0,0,0,0,0,0.6,-0.4,0
2148.60,1780803377402,0.6,0,0,0,0,0,0,POSITION,NONE,0,0,0,0,0,0,0,0,0,0,0.6,-0.4,0
2149.40,1780803377403,0.6,0,0,0,0,0,0,POSITION,NONE,0,0,0,0,0,0,0,0,0,0,0.6,-0.4,0
2152.80,1780803377406,0.6,0,0,0,0,0,0,POSITION,NONE,0,0,0,0,0,0,0,0,0,0,0.6,-0.4,0
2163.10,1780803377416,0.6,0,0,0,0,0,0,POSITION,NONE,0,0,0,0,0,0,0,0,0,0,0.6,-0.4,0
2163.30,1780803377417,0.6,0,0,0,0,0,0,POSITION,NONE,0,0,0,0,0,0,0,0,0,0,0.6,-0.4,0
2178.80,1780803377432,0.6,0,0,0,0,0,0,POSITION,NONE,0,0,0,0,0,0,0,0,0,0,0.6,-0.4,0
2179.00,1780803377432,0.6,0,0,0,0,0,0,POSITION,NONE,0,0,0,0,0,0,0,0,0,0,0.6,-0.4,0
2179.40,1780803377433,0.6,0,0,0,0,0,0,POSITION,NONE,0,0,0,0,0,0,0,0,0,0,0.6,-0.4,0
2179.70,1780803377433,0.6,0,0,0,0,0,0,POSITION,NONE,0,0,0,0,0,0,0,0,0,0,0.6,-0.4,0
2194.30,1780803377448,0.6,0,0,0,0,0,0,POSITION,NONE,0,0,0,0,0,0,0,0,0,0,0.6,-0.4,0
2194.90,1780803377448,0.6,0,0,0,0,0,0,POSITION,NONE,0,0,0,0,0,0,0,0,0,0,0.6,-0.4,0
2212.50,1780803377466,0.6,0,0,0,0,0,0,POSITION,NONE,0,0,0,0,0,0,0,0,0,0,0.6,-0.4,0
2213.00,1780803377466,0.6,0,0,0,0,0,0,POSITION,NONE,0,0,0,0,0,0,0,0,0,0,0.6,-0.4,0
2213.40,1780803377467,0.6,0,0,0,0,0,0,POSITION,NONE,0,0,0,0,0,0,0,0,0,0,0.6,-0.4,0
2213.70,1780803377467,0.6,0,0,0,0,0,0,POSITION,NONE,0,0,0,0,0,0,0,0,0,0,0.6,-0.4,0
2225.10,1780803377478,0.6,0,0,0,0,0,0,POSITION,NONE,0,0,0,0,0,0,0,0,0,0,0.6,-0.4,0
2225.30,1780803377479,0.6,0,0,0,0,0,0,POSITION,NONE,0,0,0,0,0,0,0,0,0,0,0.6,-0.4,0
2241.10,1780803377494,0.6,0,0,0,0,0,0,POSITION,NONE,0,0,0,0,0,0,0,0,0,0,0.6,-0.4,0
2241.30,1780803377495,0.6,0,0,0,0,0,0,POSITION,NONE,0,0,0,0,0,0,0,0,0,0,0.6,-0.4,0
2241.70,1780803377495,0.6,0,0,0,0,0,0,POSITION,NONE,0,0,0,0,0,0,0,0,0,0,0.6,-0.4,0
2242.00,1780803377495,0.6,0,0,0,0,0,0,POSITION,NONE,0,0,0,0,0,0,0,0,0,0,0.6,-0.4,0
2255.10,1780803377508,0.6,0,0,0,0,0,0,POSITION,NONE,0,0,0,0,0,0,0,0,0,0,0.6,-0.4,0
2255.40,1780803377509,0.6,0,0,0,0,0,0,POSITION,NONE,0,0,0,0,0,0,0,0,0,0,0.6,-0.4,0
2256.30,1780803377510,0.6,0,0,0,0,0,0,POSITION,NONE,0,0,0,0,0,0,0,0,0,0,0.6,-0.4,0
2270.50,1780803377524,0.6,0,0,0,0,0,0,POSITION,NONE,0,0,0,0,0,0,0,0,0,0,0.6,-0.4,0
2270.80,1780803377524,0.6,0,0,0,0,0,0,POSITION,NONE,0,0,0,0,0,0,0,0,0,0,0.6,-0.4,0
2271.00,1780803377524,0.6,0,0,0,0,0,0,POSITION,NONE,0,0,0,0,0,0,0,0,0,0,0.6,-0.4,0
2308.50,1780803377562,0.6,0,0,0,0,0,0,POSITION,NONE,0,0,0,0,0,0,0,0,0,0,0.6,-0.4,0
2308.80,1780803377562,0.6,0,0,0,0,0,0,POSITION,NONE,0,0,0,0,0,0,0,0,0,0,0.6,-0.4,0
2309.10,1780803377562,0.6,0,0,0,0,0,0,POSITION,NONE,0,0,0,0,0,0,0,0,0,0,0.6,-0.4,0
2314.00,1780803377567,0.6,0,0,0,0,0,0,POSITION,NONE,0,0,0,0,0,0,0,0,0,0,0.6,-0.4,0
2314.60,1780803377568,0.6,0,0,0,0,0,0,POSITION,NONE,0,0,0,0,0,0,0,0,0,0,0.6,-0.4,0
2315.10,1780803377568,0.6,0,0,0,0,0,0,POSITION,NONE,0,0,0,0,0,0,0,0,0,0,0.6,-0.4,0
2319.60,1780803377573,0.6,0,0,0,0,0,0,POSITION,NONE,0,0,0,0,0,0,0,0,0,0,0.6,-0.4,0
2319.90,1780803377573,0.6,0,0,0,0,0,0,POSITION,NONE,0,0,0,0,0,0,0,0,0,0,0.6,-0.4,0
2320.30,1780803377574,0.6,0,0,0,0,0,0,POSITION,NONE,0,0,0,0,0,0,0,0,0,0,0.6,-0.4,0
2332.80,1780803377586,0.6,0,0,0,0,0,0,POSITION,NONE,0,0,0,0,0,0,0,0,0,0,0.6,-0.4,0
2333.30,1780803377587,0.6,0,0,0,0,0,0,POSITION,NONE,0,0,0,0,0,0,0,0,0,0,0.6,-0.4,0
2333.60,1780803377587,0.6,0,0,0,0,0,0,POSITION,NONE,0,0,0,0,0,0,0,0,0,0,0.6,-0.4,0
2349.20,1780803377603,0.6,0,0,0,0,0,0,POSITION,NONE,0,0,0,0,0,0,0,0,0,0,0.6,-0.4,0
2349.90,1780803377603,0.6,0,0,0,0,0,0,POSITION,NONE,0,0,0,0,0,0,0,0,0,0,0.6,-0.4,0
2350.40,1780803377604,0.6,0,0,0,0,0,0,POSITION,NONE,0,0,0,0,0,0,0,0,0,0,0.6,-0.4,0
2350.90,1780803377604,0.6,0,0,0,0,0,0,POSITION,NONE,0,0,0,0,0,0,0,0,0,0,0.6,-0.4,0
2364.00,1780803377617,0.6,0,0,0,0,0,0,POSITION,NONE,0,0,0,0,0,0,0,0,0,0,0.6,-0.4,0
2364.70,1780803377618,0.6,0,0,0,0,0,0,POSITION,NONE,0,0,0,0,0,0,0,0,0,0,0.6,-0.4,0
2379.70,1780803377633,0.6,0,0,0,0,0,0,POSITION,NONE,0,0,0,0,0,0,0,0,0,0,0.6,-0.4,0
2380.00,1780803377633,0.6,0,0,0,0,0,0,POSITION,NONE,0,0,0,0,0,0,0,0,0,0,0.6,-0.4,0
2380.40,1780803377634,0.6,0,0,0,0,0,0,POSITION,NONE,0,0,0,0,0,0,0,0,0,0,0.6,-0.4,0
2380.90,1780803377634,0.6,0,0,0,0,0,0,POSITION,NONE,0,0,0,0,0,0,0,0,0,0,0.6,-0.4,0
2395.10,1780803377648,0.6,0,0,0,0,0,0,POSITION,NONE,0,0,0,0,0,0,0,0,0,0,0.6,-0.4,0
2395.90,1780803377649,0.6,0,0,0,0,0,0,POSITION,NONE,0,0,0,0,0,0,0,0,0,0,0.6,-0.4,0
2409.80,1780803377663,0.6,0,0,0,0,0,0,POSITION,NONE,0,0,0,0,0,0,0,0,0,0,0.6,-0.4,0
2410.00,1780803377663,0.6,0,0,0,0,0,0,POSITION,NONE,0,0,0,0,0,0,0,0,0,0,0.6,-0.4,0
2410.20,1780803377664,0.6,0,0,0,0,0,0,POSITION,NONE,0,0,0,0,0,0,0,0,0,0,0.6,-0.4,0
2410.60,1780803377664,0.6,0,0,0,0,0,0,POSITION,NONE,0,0,0,0,0,0,0,0,0,0,0.6,-0.4,0
2426.20,1780803377679,0.6,0,0,0,0,0,0,POSITION,NONE,0,0,0,0,0,0,0,0,0,0,0.6,-0.4,0
2426.70,1780803377680,0.6,0,0,0,0,0,0,POSITION,NONE,0,0,0,0,0,0,0,0,0,0,0.6,-0.4,0
2426.80,1780803377680,0.6,0,0,0,0,0,0,POSITION,NONE,0,0,0,0,0,0,0,0,0,0,0.6,-0.4,0
2441.90,1780803377695,0.6,0,0,0,0,0,0,POSITION,NONE,0,0,0,0,0,0,0,0,0,0,0.6,-0.4,0
2442.30,1780803377696,0.6,0,0,0,0,0,0,POSITION,NONE,0,0,0,0,0,0,0,0,0,0,0.6,-0.4,0
2442.70,1780803377696,0.6,0,0,0,0,0,0,POSITION,NONE,0,0,0,0,0,0,0,0,0,0,0.6,-0.4,0
2457.70,1780803377711,0.6,0,0,0,0,0,0,POSITION,NONE,0,0,0,0,0,0,0,0,0,0,0.6,-0.4,0
2458.00,1780803377711,0.6,0,0,0,0,0,0,POSITION,NONE,0,0,0,0,0,0,0,0,0,0,0.6,-0.4,0
2458.20,1780803377712,0.6,0,0,0,0,0,0,POSITION,NONE,0,0,0,0,0,0,0,0,0,0,0.6,-0.4,0
2461.80,1780803377715,0.6,0,0,0,0,0,0,POSITION,NONE,0,0,0,0,0,0,0,0,0,0,0.6,-0.4,0
2473.10,1780803377726,0.6,0,0,0,0,0,0,POSITION,NONE,0,0,0,0,0,0,0,0,0,0,0.6,-0.4,0
2473.80,1780803377727,0.6,0,0,0,0,0,0,POSITION,NONE,0,0,0,0,0,0,0,0,0,0,0.6,-0.4,0
2486.90,1780803377740,0.6,0,0,0,0,0,0,POSITION,NONE,0,0,0,0,0,0,0,0,0,0,0.6,-0.4,0
2487.30,1780803377740,0.6,0,0,0,0,0,0,POSITION,NONE,0,0,0,0,0,0,0,0,0,0,0.6,-0.4,0
2487.50,1780803377741,0.6,0,0,0,0,0,0,POSITION,NONE,0,0,0,0,0,0,0,0,0,0,0.6,-0.4,0
2487.80,1780803377741,0.6,0,0,0,0,0,0,POSITION,NONE,0,0,0,0,0,0,0,0,0,0,0.6,-0.4,0
2502.80,1780803377756,0.6,0,0,0,0,0,0,POSITION,NONE,0,0,0,0,0,0,0,0,0,0,0.6,-0.4,0
2503.10,1780803377756,0.6,0,0,0,0,0,0,POSITION,NONE,0,0,0,0,0,0,0,0,0,0,0.6,-0.4,0
2518.60,1780803377772,0.6,0,0,0,0,0,0,POSITION,NONE,0,0,0,0,0,0,0,0,0,0,0.6,-0.4,0
2519.10,1780803377772,0.6,0,0,0,0,0,0,POSITION,NONE,0,0,0,0,0,0,0,0,0,0,0.6,-0.4,0
2519.50,1780803377773,0.6,0,0,0,0,0,0,POSITION,NONE,0,0,0,0,0,0,0,0,0,0,0.6,-0.4,0
2519.90,1780803377773,0.6,0,0,0,0,0,0,POSITION,NONE,0,0,0,0,0,0,0,0,0,0,0.6,-0.4,0
2520.20,1780803377773,0.6,0,0,0,0,0,0,POSITION,NONE,0,0,0,0,0,0,0,0,0,0,0.6,-0.4,0
2536.10,1780803377789,0.6,0,0,0,0,0,0,POSITION,NONE,0,0,0,0,0,0,0,0,0,0,0.6,-0.4,0
2536.40,1780803377790,0.6,0,0,0,0,0,0,POSITION,NONE,0,0,0,0,0,0,0,0,0,0,0.6,-0.4,0
2550.30,1780803377804,0.6,0,0,0,0,0,0,POSITION,NONE,0,0,0,0,0,0,0,0,0,0,0.6,-0.4,0
2550.50,1780803377804,0.6,0,0,0,0,0,0,POSITION,NONE,0,0,0,0,0,0,0,0,0,0,0.6,-0.4,0
2550.80,1780803377804,0.6,0,0,0,0,0,0,POSITION,NONE,0,0,0,0,0,0,0,0,0,0,0.6,-0.4,0
2551.10,1780803377804,0.6,0,0,0,0,0,0,POSITION,NONE,0,0,0,0,0,0,0,0,0,0,0.6,-0.4,0
2566.60,1780803377820,0.6,0,0,0,0,0,0,POSITION,NONE,0,0,0,0,0,0,0,0,0,0,0.6,-0.4,0
2566.90,1780803377820,0.6,0,0,0,0,0,0,POSITION,NONE,0,0,0,0,0,0,0,0,0,0,0.6,-0.4,0
2567.40,1780803377821,0.6,0,0,0,0,0,0,POSITION,NONE,0,0,0,0,0,0,0,0,0,0,0.6,-0.4,0
2580.30,1780803377834,0.6,0,0,0,0,0,0,POSITION,NONE,0,0,0,0,0,0,0,0,0,0,0.6,-0.4,0
2581.20,1780803377834,0.6,0,0,0,0,0,0,POSITION,NONE,0,0,0,0,0,0,0,0,0,0,0.6,-0.4,0
2581.70,1780803377835,0.6,0,0,0,0,0,0,POSITION,NONE,0,0,0,0,0,0,0,0,0,0,0.6,-0.4,0
2596.50,1780803377850,0.6,0,0,0,0,0,0,POSITION,NONE,0,0,0,0,0,0,0,0,0,0,0.6,-0.4,0
2597.50,1780803377851,0.6,0,0,0,0,0,0,POSITION,NONE,0,0,0,0,0,0,0,0,0,0,0.6,-0.4,0
2598.00,1780803377851,0.6,0,0,0,0,0,0,POSITION,NONE,0,0,0,0,0,0,0,0,0,0,0.6,-0.4,0
2612.40,1780803377866,0.6,0,0,0,0,0,0,POSITION,NONE,0,0,0,0,0,0,0,0,0,0,0.6,-0.4,0
2612.80,1780803377866,0.6,0,0,0,0,0,0,POSITION,NONE,0,0,0,0,0,0,0,0,0,0,0.6,-0.4,0
2613.40,1780803377867,0.6,0,0,0,0,0,0,POSITION,NONE,0,0,0,0,0,0,0,0,0,0,0.6,-0.4,0
2627.20,1780803377880,0.6,0,0,0,0,0,0,POSITION,NONE,0,0,0,0,0,0,0,0,0,0,0.6,-0.4,0
2627.50,1780803377881,0.6,0,0,0,0,0,0,POSITION,NONE,0,0,0,0,0,0,0,0,0,0,0.6,-0.4,0
2628.10,1780803377881,0.6,0,0,0,0,0,0,POSITION,NONE,0,0,0,0,0,0,0,0,0,0,0.6,-0.4,0
2628.40,1780803377882,0.6,0,0,0,0,0,0,POSITION,NONE,0,0,0,0,0,0,0,0,0,0,0.6,-0.4,0
2642.60,1780803377896,0.6,0,0,0,0,0,0,POSITION,NONE,0,0,0,0,0,0,0,0,0,0,0.6,-0.4,0
2643.00,1780803377896,0.6,0,0,0,0,0,0,POSITION,NONE,0,0,0,0,0,0,0,0,0,0,0.6,-0.4,0
2658.00,1780803377911,0.6,0,0,0,0,0,0,POSITION,NONE,0,0,0,0,0,0,0,0,0,0,0.6,-0.4,0
2658.30,1780803377912,0.6,0,0,0,0,0,0,POSITION,NONE,0,0,0,0,0,0,0,0,0,0,0.6,-0.4,0
2658.60,1780803377912,0.6,0,0,0,0,0,0,POSITION,NONE,0,0,0,0,0,0,0,0,0,0,0.6,-0.4,0
2658.80,1780803377912,0.6,0,0,0,0,0,0,POSITION,NONE,0,0,0,0,0,0,0,0,0,0,0.6,-0.4,0
2674.60,1780803377928,0.6,0,0,0,0,0,0,POSITION,NONE,0,0,0,0,0,0,0,0,0,0,0.6,-0.4,0
2674.90,1780803377928,0.6,0,0,0,0,0,0,POSITION,NONE,0,0,0,0,0,0,0,0,0,0,0.6,-0.4,0
2690.40,1780803377944,0.6,0,0,0,0,0,0,POSITION,NONE,0,0,0,0,0,0,0,0,0,0,0.6,-0.4,0
2690.80,1780803377944,0.6,0,0,0,0,0,0,POSITION,NONE,0,0,0,0,0,0,0,0,0,0,0.6,-0.4,0
2691.20,1780803377944,0.6,0,0,0,0,0,0,POSITION,NONE,0,0,0,0,0,0,0,0,0,0,0.6,-0.4,0
2691.50,1780803377945,0.6,0,0,0,0,0,0,POSITION,NONE,0,0,0,0,0,0,0,0,0,0,0.6,-0.4,0
2704.30,1780803377958,0.6,0,0,0,0,0,0,POSITION,NONE,0,0,0,0,0,0,0,0,0,0,0.6,-0.4,0
2704.60,1780803377958,0.6,0,0,0,0,0,0,POSITION,NONE,0,0,0,0,0,0,0,0,0,0,0.6,-0.4,0
2705.40,1780803377959,0.6,0,0,0,0,0,0,POSITION,NONE,0,0,0,0,0,0,0,0,0,0,0.6,-0.4,0
2719.70,1780803377973,0.6,0,0,0,0,0,0,POSITION,NONE,0,0,0,0,0,0,0,0,0,0,0.6,-0.4,0
2720.00,1780803377973,0.6,0,0,0,0,0,0,POSITION,NONE,0,0,0,0,0,0,0,0,0,0,0.6,-0.4,0
2720.30,1780803377974,0.6,0,0,0,0,0,0,POSITION,NONE,0,0,0,0,0,0,0,0,0,0,0.6,-0.4,0
2735.70,1780803377989,0.6,0,0,0,0,0,0,POSITION,NONE,0,0,0,0,0,0,0,0,0,0,0.6,-0.4,0
2736.40,1780803377990,0.6,0,0,0,0,0,0,POSITION,NONE,0,0,0,0,0,0,0,0,0,0,0.6,-0.4,0
2737.10,1780803377990,0.6,0,0,0,0,0,0,POSITION,NONE,0,0,0,0,0,0,0,0,0,0,0.6,-0.4,0
2750.60,1780803378004,0.6,0,0,0,0,0,0,POSITION,NONE,0,0,0,0,0,0,0,0,0,0,0.6,-0.4,0
2751.10,1780803378004,0.6,0,0,0,0,0,0,POSITION,NONE,0,0,0,0,0,0,0,0,0,0,0.6,-0.4,0
2752.00,1780803378005,0.6,0,0,0,0,0,0,POSITION,NONE,0,0,0,0,0,0,0,0,0,0,0.6,-0.4,0
2767.10,1780803378020,0.6,0,0,0,0,0,0,POSITION,NONE,0,0,0,0,0,0,0,0,0,0,0.6,-0.4,0
2767.70,1780803378021,0.6,0,0,0,0,0,0,POSITION,NONE,0,0,0,0,0,0,0,0,0,0,0.6,-0.4,0
2768.30,1780803378022,0.6,0,0,0,0,0,0,POSITION,NONE,0,0,0,0,0,0,0,0,0,0,0.6,-0.4,0
2783.90,1780803378037,0.6,0,0,0,0,0,0,POSITION,NONE,0,0,0,0,0,0,0,0,0,0,0.6,-0.4,0
2784.30,1780803378038,0.6,0,0,0,0,0,0,POSITION,NONE,0,0,0,0,0,0,0,0,0,0,0.6,-0.4,0
2784.90,1780803378038,0.6,0,0,0,0,0,0,POSITION,NONE,0,0,0,0,0,0,0,0,0,0,0.6,-0.4,0
2796.10,1780803378049,0.6,0,0,0,0,0,0,POSITION,NONE,0,0,0,0,0,0,0,0,0,0,0.6,-0.4,0
2797.00,1780803378050,0.6,0,0,0,0,0,0,POSITION,NONE,0,0,0,0,0,0,0,0,0,0,0.6,-0.4,0
2797.80,1780803378051,0.6,0,0,0,0,0,0,POSITION,NONE,0,0,0,0,0,0,0,0,0,0,0.6,-0.4,0
2799.10,1780803378052,0.6,0,0,0,0,0,0,POSITION,NONE,0,0,0,0,0,0,0,0,0,0,0.6,-0.4,0
2812.40,1780803378066,0.6,0,0,0,0,0,0,POSITION,NONE,0,0,0,0,0,0,0,0,0,0,0.6,-0.4,0
2813.40,1780803378067,0.6,0,0,0,0,0,0,POSITION,NONE,0,0,0,0,0,0,0,0,0,0,0.6,-0.4,0
2831.30,1780803378085,0.6,0,0,0,0,0,0,POSITION,NONE,0,0,0,0,0,0,0,0,0,0,0.6,-0.4,0
2832.00,1780803378085,0.6,0,0,0,0,0,0,POSITION,NONE,0,0,0,0,0,0,0,0,0,0,0.6,-0.4,0
2832.70,1780803378086,0.6,0,0,0,0,0,0,POSITION,NONE,0,0,0,0,0,0,0,0,0,0,0.6,-0.4,0
2833.20,1780803378086,0.6,0,0,0,0,0,0,POSITION,NONE,0,0,0,0,0,0,0,0,0,0,0.6,-0.4,0
2843.40,1780803378097,0.6,0,0,0,0,0,0,POSITION,NONE,0,0,0,0,0,0,0,0,0,0,0.6,-0.4,0
2843.60,1780803378097,0.6,0,0,0,0,0,0,POSITION,NONE,0,0,0,0,0,0,0,0,0,0,0.6,-0.4,0
2859.40,1780803378113,0.6,0,0,0,0,0,0,POSITION,NONE,0,0,0,0,0,0,0,0,0,0,0.6,-0.4,0
2859.70,1780803378113,0.6,0,0,0,0,0,0,POSITION,NONE,0,0,0,0,0,0,0,0,0,0,0.6,-0.4,0
2860.00,1780803378113,0.6,0,0,0,0,0,0,POSITION,NONE,0,0,0,0,0,0,0,0,0,0,0.6,-0.4,0
2860.30,1780803378114,0.6,0,0,0,0,0,0,POSITION,NONE,0,0,0,0,0,0,0,0,0,0,0.6,-0.4,0
2874.40,1780803378128,0.6,0,0,0,0,0,0,POSITION,NONE,0,0,0,0,0,0,0,0,0,0,0.6,-0.4,0
2874.90,1780803378128,0.6,0,0,0,0,0,0,POSITION,NONE,0,0,0,0,0,0,0,0,0,0,0.6,-0.4,0
2875.10,1780803378128,0.6,0,0,0,0,0,0,POSITION,NONE,0,0,0,0,0,0,0,0,0,0,0.6,-0.4,0
2890.30,1780803378144,0.6,0,0,0,0,0,0,POSITION,NONE,0,0,0,0,0,0,0,0,0,0,0.6,-0.4,0
2890.60,1780803378144,0.6,0,0,0,0,0,0,POSITION,NONE,0,0,0,0,0,0,0,0,0,0,0.6,-0.4,0
2890.90,1780803378144,0.6,0,0,0,0,0,0,POSITION,NONE,0,0,0,0,0,0,0,0,0,0,0.6,-0.4,0
2907.00,1780803378160,0.6,0,0,0,0,0,0,POSITION,NONE,0,0,0,0,0,0,0,0,0,0,0.6,-0.4,0
2907.20,1780803378161,0.6,0,0,0,0,0,0,POSITION,NONE,0,0,0,0,0,0,0,0,0,0,0.6,-0.4,0
2907.60,1780803378161,0.6,0,0,0,0,0,0,POSITION,NONE,0,0,0,0,0,0,0,0,0,0,0.6,-0.4,0
2922.40,1780803378176,0.6,0,0,0,0,0,0,POSITION,NONE,0,0,0,0,0,0,0,0,0,0,0.6,-0.4,0
2923.20,1780803378176,0.6,0,0,0,0,0,0,POSITION,NONE,0,0,0,0,0,0,0,0,0,0,0.6,-0.4,0
2923.50,1780803378177,0.6,0,0,0,0,0,0,POSITION,NONE,0,0,0,0,0,0,0,0,0,0,0.6,-0.4,0
2936.60,1780803378190,0.6,0,0,0,0,0,0,POSITION,NONE,0,0,0,0,0,0,0,0,0,0,0.6,-0.4,0
2937.00,1780803378190,0.6,0,0,0,0,0,0,POSITION,NONE,0,0,0,0,0,0,0,0,0,0,0.6,-0.4,0
2937.30,1780803378191,0.6,0,0,0,0,0,0,POSITION,NONE,0,0,0,0,0,0,0,0,0,0,0.6,-0.4,0
2937.50,1780803378191,0.6,0,0,0,0,0,0,POSITION,NONE,0,0,0,0,0,0,0,0,0,0,0.6,-0.4,0
2951.80,1780803378205,0.6,0,0,0,0,0,0,POSITION,NONE,0,0,0,0,0,0,0,0,0,0,0.6,-0.4,0
2952.00,1780803378205,0.6,0,0,0,0,0,0,POSITION,NONE,0,0,0,0,0,0,0,0,0,0,0.6,-0.4,0
2966.60,1780803378220,0.6,0,0,0,0,0,0,POSITION,NONE,0,0,0,0,0,0,0,0,0,0,0.6,-0.4,0
2966.90,1780803378220,0.6,0,0,0,0,0,0,POSITION,NONE,0,0,0,0,0,0,0,0,0,0,0.6,-0.4,0
2982.80,1780803378236,0.6,0,0,0,0,0,0,POSITION,NONE,0,0,0,0,0,0,0,0,0,0,0.6,-0.4,0
2983.00,1780803378236,0.6,0,0,0,0,0,0,POSITION,NONE,0,0,0,0,0,0,0,0,0,0,0.6,-0.4,0
2999.30,1780803378253,0.6,0,0,0,0,0,0,POSITION,NONE,0,0,0,0,0,0,0,0,0,0,0.6,-0.4,0
2999.60,1780803378253,0.6,0,0,0,0,0,0,POSITION,NONE,0,0,0,0,0,0,0,0,0,0,0.6,-0.4,0
2999.90,1780803378253,0.6,0,0,0,0,0,0,POSITION,NONE,0,0,0,0,0,0,0,0,0,0,0.6,-0.4,0
3000.20,1780803378253,0.6,0,0,0,0,0,0,POSITION,NONE,0,0,0,0,0,0,0,0,0,0,0.6,-0.4,0
3016.10,1780803378269,0.6,0,0,0,0,0,0,POSITION,NONE,0,0,0,0,0,0,0,0,0,0,0.6,-0.4,0
3016.40,1780803378270,0.6,0,0,0,0,0,0,POSITION,NONE,0,0,0,0,0,0,0,0,0,0,0.6,-0.4,0
3028.70,1780803378282,0.6,0,0,0,0,0,0,POSITION,NONE,0,0,0,0,0,0,0,0,0,0,0.6,-0.4,0
3029.10,1780803378282,0.6,0,0,0,0,0,0,POSITION,NONE,0,0,0,0,0,0,0,0,0,0,0.6,-0.4,0
3029.70,1780803378283,0.6,0,0,0,0,0,0,POSITION,NONE,0,0,0,0,0,0,0,0,0,0,0.6,-0.4,0
3030.60,1780803378284,0.6,0,0,0,0,0,0,POSITION,NONE,0,0,0,0,0,0,0,0,0,0,0.6,-0.4,0
3044.00,1780803378297,0.6,0,0,0,0,0,0,POSITION,NONE,0,0,0,0,0,0,0,0,0,0,0.6,-0.4,0
3044.20,1780803378297,0.6,0,0,0,0,0,0,POSITION,NONE,0,0,0,0,0,0,0,0,0,0,0.6,-0.4,0
3044.50,1780803378298,0.6,0,0,0,0,0,0,POSITION,NONE,0,0,0,0,0,0,0,0,0,0,0.6,-0.4,0
3059.90,1780803378313,0.6,0,0,0,0,0,0,POSITION,NONE,0,0,0,0,0,0,0,0,0,0,0.6,-0.4,0
3060.20,1780803378313,0.6,0,0,0,0,0,0,POSITION,NONE,0,0,0,0,0,0,0,0,0,0,0.6,-0.4,0
3060.30,1780803378314,0.6,0,0,0,0,0,0,POSITION,NONE,0,0,0,0,0,0,0,0,0,0,0.6,-0.4,0
3074.80,1780803378328,0.6,0,0,0,0,0,0,POSITION,NONE,0,0,0,0,0,0,0,0,0,0,0.6,-0.4,0
3075.20,1780803378328,0.6,0,0,0,0,0,0,POSITION,NONE,0,0,0,0,0,0,0,0,0,0,0.6,-0.4,0
3075.40,1780803378329,0.6,0,0,0,0,0,0,POSITION,NONE,0,0,0,0,0,0,0,0,0,0,0.6,-0.4,0
3090.50,1780803378344,0.6,0,0,0,0,0,0,POSITION,NONE,0,0,0,0,0,0,0,0,0,0,0.6,-0.4,0
3090.70,1780803378344,0.6,0,0,0,0,0,0,POSITION,NONE,0,0,0,0,0,0,0,0,0,0,0.6,-0.4,0
3090.90,1780803378344,0.6,0,0,0,0,0,0,POSITION,NONE,0,0,0,0,0,0,0,0,0,0,0.6,-0.4,0
3107.50,1780803378361,0.6,0,0,0,0,0,0,POSITION,NONE,0,0,0,0,0,0,0,0,0,0,0.6,-0.4,0
3107.70,1780803378361,0.6,0,0,0,0,0,0,POSITION,NONE,0,0,0,0,0,0,0,0,0,0,0.6,-0.4,0
3107.90,1780803378361,0.6,0,0,0,0,0,0,POSITION,NONE,0,0,0,0,0,0,0,0,0,0,0.6,-0.4,0
3108.30,1780803378362,0.6,0,0,0,0,0,0,POSITION,NONE,0,0,0,0,0,0,0,0,0,0,0.6,-0.4,0
3121.90,1780803378375,0.6,0,0,0,0,0,0,POSITION,NONE,0,0,0,0,0,0,0,0,0,0,0.6,-0.4,0
3122.60,1780803378376,0.6,0,0,0,0,0,0,POSITION,NONE,0,0,0,0,0,0,0,0,0,0,0.6,-0.4,0
3140.10,1780803378393,0.6,0,0,0,0,0,0,POSITION,NONE,0,0,0,0,0,0,0,0,0,0,0.6,-0.4,0
3140.60,1780803378394,0.6,0,0,0,0,0,0,POSITION,NONE,0,0,0,0,0,0,0,0,0,0,0.6,-0.4,0
3141.00,1780803378394,0.6,0,0,0,0,0,0,POSITION,NONE,0,0,0,0,0,0,0,0,0,0,0.6,-0.4,0
3141.50,1780803378395,0.6,0,0,0,0,0,0,POSITION,NONE,0,0,0,0,0,0,0,0,0,0,0.6,-0.4,0
3152.00,1780803378405,0.6,0,0,0,0,0,0,POSITION,NONE,0,0,0,0,0,0,0,0,0,0,0.6,-0.4,0
3152.50,1780803378406,0.6,0,0,0,0,0,0,POSITION,NONE,0,0,0,0,0,0,0,0,0,0,0.6,-0.4,0
3166.60,1780803378420,0.6,0,0,0,0,0,0,POSITION,NONE,0,0,0,0,0,0,0,0,0,0,0.6,-0.4,0
3166.80,1780803378420,0.6,0,0,0,0,0,0,POSITION,NONE,0,0,0,0,0,0,0,0,0,0,0.6,-0.4,0
3167.10,1780803378420,0.6,0,0,0,0,0,0,POSITION,NONE,0,0,0,0,0,0,0,0,0,0,0.6,-0.4,0
3167.40,1780803378421,0.6,0,0,0,0,0,0,POSITION,NONE,0,0,0,0,0,0,0,0,0,0,0.6,-0.4,0
3182.10,1780803378435,0.6,0,0,0,0,0,0,POSITION,NONE,0,0,0,0,0,0,0,0,0,0,0.6,-0.4,0
3182.50,1780803378436,0.6,0,0,0,0,0,0,POSITION,NONE,0,0,0,0,0,0,0,0,0,0,0.6,-0.4,0
3197.70,1780803378451,0.6,0,0,0,0,0,0,POSITION,NONE,0,0,0,0,0,0,0,0,0,0,0.6,-0.4,0
3197.90,1780803378451,0.6,0,0,0,0,0,0,POSITION,NONE,0,0,0,0,0,0,0,0,0,0,0.6,-0.4,0
3198.10,1780803378451,0.6,0,0,0,0,0,0,POSITION,NONE,0,0,0,0,0,0,0,0,0,0,0.6,-0.4,0
3198.30,1780803378452,0.6,0,0,0,0,0,0,POSITION,NONE,0,0,0,0,0,0,0,0,0,0,0.6,-0.4,0
3212.10,1780803378465,0.6,0,0,0,0,0,0,POSITION,NONE,0,0,0,0,0,0,0,0,0,0,0.6,-0.4,0
3212.60,1780803378466,0.6,0,0,0,0,0,0,POSITION,NONE,0,0,0,0,0,0,0,0,0,0,0.6,-0.4,0
3228.40,1780803378482,0.6,0,0,0,0,0,0,POSITION,NONE,0,0,0,0,0,0,0,0,0,0,0.6,-0.4,0
3229.00,1780803378482,0.6,0,0,0,0,0,0,POSITION,NONE,0,0,0,0,0,0,0,0,0,0,0.6,-0.4,0
3229.60,1780803378483,0.6,0,0,0,0,0,0,POSITION,NONE,0,0,0,0,0,0,0,0,0,0,0.6,-0.4,0
3230.00,1780803378483,0.6,0,0,0,0,0,0,POSITION,NONE,0,0,0,0,0,0,0,0,0,0,0.6,-0.4,0
3243.60,1780803378497,0.6,0,0,0,0,0,0,POSITION,NONE,0,0,0,0,0,0,0,0,0,0,0.6,-0.4,0
3244.10,1780803378497,0.6,0,0,0,0,0,0,POSITION,NONE,0,0,0,0,0,0,0,0,0,0,0.6,-0.4,0
3259.70,1780803378513,0.6,0,0,0,0,0,0,POSITION,NONE,0,0,0,0,0,0,0,0,0,0,0.6,-0.4,0
3260.10,1780803378513,0.6,0,0,0,0,0,0,POSITION,NONE,0,0,0,0,0,0,0,0,0,0,0.6,-0.4,0
3260.40,1780803378514,0.6,0,0,0,0,0,0,POSITION,NONE,0,0,0,0,0,0,0,0,0,0,0.6,-0.4,0
3260.60,1780803378514,0.6,0,0,0,0,0,0,POSITION,NONE,0,0,0,0,0,0,0,0,0,0,0.6,-0.4,0
3274.40,1780803378528,0.6,0,0,0,0,0,0,POSITION,NONE,0,0,0,0,0,0,0,0,0,0,0.6,-0.4,0
3274.90,1780803378528,0.6,0,0,0,0,0,0,POSITION,NONE,0,0,0,0,0,0,0,0,0,0,0.6,-0.4,0
3275.20,1780803378528,0.6,0,0,0,0,0,0,POSITION,NONE,0,0,0,0,0,0,0,0,0,0,0.6,-0.4,0
3290.00,1780803378543,0.6,0,0,0,0,0,0,POSITION,NONE,0,0,0,0,0,0,0,0,0,0,0.6,-0.4,0
3290.30,1780803378544,0.6,0,0,0,0,0,0,POSITION,NONE,0,0,0,0,0,0,0,0,0,0,0.6,-0.4,0
3290.60,1780803378544,0.6,0,0,0,0,0,0,POSITION,NONE,0,0,0,0,0,0,0,0,0,0,0.6,-0.4,0
3307.20,1780803378560,0.6,0,0,0,0,0,0,POSITION,NONE,0,0,0,0,0,0,0,0,0,0,0.6,-0.4,0
3307.70,1780803378561,0.6,0,0,0,0,0,0,POSITION,NONE,0,0,0,0,0,0,0,0,0,0,0.6,-0.4,0
3308.20,1780803378561,0.6,0,0,0,0,0,0,POSITION,NONE,0,0,0,0,0,0,0,0,0,0,0.6,-0.4,0
3321.40,1780803378575,0.6,0,0,0,0,0,0,POSITION,NONE,0,0,0,0,0,0,0,0,0,0,0.6,-0.4,0
3322.10,1780803378575,0.6,0,0,0,0,0,0,POSITION,NONE,0,0,0,0,0,0,0,0,0,0,0.6,-0.4,0
3323.10,1780803378576,0.6,0,0,0,0,0,0,POSITION,NONE,0,0,0,0,0,0,0,0,0,0,0.6,-0.4,0
3336.30,1780803378590,0.6,0,0,0,0,0,0,POSITION,NONE,0,0,0,0,0,0,0,0,0,0,0.6,-0.4,0
3336.60,1780803378590,0.6,0,0,0,0,0,0,POSITION,NONE,0,0,0,0,0,0,0,0,0,0,0.6,-0.4,0
3336.90,1780803378590,0.6,0,0,0,0,0,0,POSITION,NONE,0,0,0,0,0,0,0,0,0,0,0.6,-0.4,0
3337.60,1780803378591,0.6,0,0,0,0,0,0,POSITION,NONE,0,0,0,0,0,0,0,0,0,0,0.6,-0.4,0
3352.00,1780803378605,0.6,0,0,0,0,0,0,POSITION,NONE,0,0,0,0,0,0,0,0,0,0,0.6,-0.4,0
3352.30,1780803378606,0.6,0,0,0,0,0,0,POSITION,NONE,0,0,0,0,0,0,0,0,0,0,0.6,-0.4,0
3368.20,1780803378621,0.6,0,0,0,0,0,0,POSITION,NONE,0,0,0,0,0,0,0,0,0,0,0.6,-0.4,0
3368.50,1780803378622,0.6,0,0,0,0,0,0,POSITION,NONE,0,0,0,0,0,0,0,0,0,0,0.6,-0.4,0
3368.80,1780803378622,0.6,0,0,0,0,0,0,POSITION,NONE,0,0,0,0,0,0,0,0,0,0,0.6,-0.4,0
3369.10,1780803378622,0.6,0,0,0,0,0,0,POSITION,NONE,0,0,0,0,0,0,0,0,0,0,0.6,-0.4,0
3383.80,1780803378637,0.6,0,0,0,0,0,0,POSITION,NONE,0,0,0,0,0,0,0,0,0,0,0.6,-0.4,0
3384.40,1780803378638,0.6,0,0,0,0,0,0,POSITION,NONE,0,0,0,0,0,0,0,0,0,0,0.6,-0.4,0
3398.30,1780803378652,0.6,0,0,0,0,0,0,POSITION,NONE,0,0,0,0,0,0,0,0,0,0,0.6,-0.4,0
3398.60,1780803378652,0.6,0,0,0,0,0,0,POSITION,NONE,0,0,0,0,0,0,0,0,0,0,0.6,-0.4,0
3398.90,1780803378652,0.6,0,0,0,0,0,0,POSITION,NONE,0,0,0,0,0,0,0,0,0,0,0.6,-0.4,0
3399.10,1780803378652,0.6,0,0,0,0,0,0,POSITION,NONE,0,0,0,0,0,0,0,0,0,0,0.6,-0.4,0
3414.90,1780803378668,0.6,0,0,0,0,0,0,POSITION,NONE,0,0,0,0,0,0,0,0,0,0,0.6,-0.4,0
3415.30,1780803378669,0.6,0,0,0,0,0,0,POSITION,NONE,0,0,0,0,0,0,0,0,0,0,0.6,-0.4,0
3415.50,1780803378669,0.6,0,0,0,0,0,0,POSITION,NONE,0,0,0,0,0,0,0,0,0,0,0.6,-0.4,0
3431.20,1780803378684,0.6,0,0,0,0,0,0,POSITION,NONE,0,0,0,0,0,0,0,0,0,0,0.6,-0.4,0
3431.50,1780803378685,0.6,0,0,0,0,0,0,POSITION,NONE,0,0,0,0,0,0,0,0,0,0,0.6,-0.4,0
3431.80,1780803378685,0.6,0,0,0,0,0,0,POSITION,NONE,0,0,0,0,0,0,0,0,0,0,0.6,-0.4,0
3444.20,1780803378697,0.6,0,0,0,0,0,0,POSITION,NONE,0,0,0,0,0,0,0,0,0,0,0.6,-0.4,0
3444.60,1780803378698,0.6,0,0,0,0,0,0,POSITION,NONE,0,0,0,0,0,0,0,0,0,0,0.6,-0.4,0
3444.80,1780803378698,0.6,0,0,0,0,0,0,POSITION,NONE,0,0,0,0,0,0,0,0,0,0,0.6,-0.4,0
3459.80,1780803378713,0.6,0,0,0,0,0,0,POSITION,NONE,0,0,0,0,0,0,0,0,0,0,0.6,-0.4,0
3460.00,1780803378713,0.6,0,0,0,0,0,0,POSITION,NONE,0,0,0,0,0,0,0,0,0,0,0.6,-0.4,0
3460.30,1780803378714,0.6,0,0,0,0,0,0,POSITION,NONE,0,0,0,0,0,0,0,0,0,0,0.6,-0.4,0
3475.70,1780803378729,0.6,0,0,0,0,0,0,POSITION,NONE,0,0,0,0,0,0,0,0,0,0,0.6,-0.4,0
3475.90,1780803378729,0.6,0,0,0,0,0,0,POSITION,NONE,0,0,0,0,0,0,0,0,0,0,0.6,-0.4,0
3476.20,1780803378729,0.6,0,0,0,0,0,0,POSITION,NONE,0,0,0,0,0,0,0,0,0,0,0.6,-0.4,0
3476.40,1780803378730,0.6,0,0,0,0,0,0,POSITION,NONE,0,0,0,0,0,0,0,0,0,0,0.6,-0.4,0
3491.60,1780803378745,0.6,0,0,0,0,0,0,POSITION,NONE,0,0,0,0,0,0,0,0,0,0,0.6,-0.4,0
3491.90,1780803378745,0.6,0,0,0,0,0,0,POSITION,NONE,0,0,0,0,0,0,0,0,0,0,0.6,-0.4,0
3507.30,1780803378761,0.6,0,0,0,0,0,0,POSITION,NONE,0,0,0,0,0,0,0,0,0,0,0.6,-0.4,0
3507.60,1780803378761,0.6,0,0,0,0,0,0,POSITION,NONE,0,0,0,0,0,0,0,0,0,0,0.6,-0.4,0
3507.80,1780803378761,0.6,0,0,0,0,0,0,POSITION,NONE,0,0,0,0,0,0,0,0,0,0,0.6,-0.4,0
3508.00,1780803378761,0.6,0,0,0,0,0,0,POSITION,NONE,0,0,0,0,0,0,0,0,0,0,0.6,-0.4,0
3508.20,1780803378761,0.6,0,0,0,0,0,0,POSITION,NONE,0,0,0,0,0,0,0,0,0,0,0.6,-0.4,0
3508.40,1780803378762,0.6,0,0,0,0,0,0,POSITION,NONE,0,0,0,0,0,0,0,0,0,0,0.6,-0.4,0
3523.30,1780803378776,0.6,0,0,0,0,0,0,POSITION,NONE,0,0,0,0,0,0,0,0,0,0,0.6,-0.4,0
3523.70,1780803378777,0.6,0,0,0,0,0,0,POSITION,NONE,0,0,0,0,0,0,0,0,0,0,0.6,-0.4,0
3539.10,1780803378792,0.6,0,0,0,0,0,0,POSITION,NONE,0,0,0,0,0,0,0,0,0,0,0.6,-0.4,0
3539.20,1780803378793,0.6,0,0,0,0,0,0,POSITION,NONE,0,0,0,0,0,0,0,0,0,0,0.6,-0.4,0
3539.50,1780803378793,0.6,0,0,0,0,0,0,POSITION,NONE,0,0,0,0,0,0,0,0,0,0,0.6,-0.4,0
3539.80,1780803378793,0.6,0,0,0,0,0,0,POSITION,NONE,0,0,0,0,0,0,0,0,0,0,0.6,-0.4,0
3555.80,1780803378809,0.6,0,0,0,0,0,0,POSITION,NONE,0,0,0,0,0,0,0,0,0,0,0.6,-0.4,0
3556.20,1780803378809,0.6,0,0,0,0,0,0,POSITION,NONE,0,0,0,0,0,0,0,0,0,0,0.6,-0.4,0
3556.50,1780803378810,0.6,0,0,0,0,0,0,POSITION,NONE,0,0,0,0,0,0,0,0,0,0,0.6,-0.4,0
3569.90,1780803378823,0.6,0,0,0,0,0,0,POSITION,NONE,0,0,0,0,0,0,0,0,0,0,0.6,-0.4,0
3570.40,1780803378824,0.6,0,0,0,0,0,0,POSITION,NONE,0,0,0,0,0,0,0,0,0,0,0.6,-0.4,0
3571.10,1780803378824,0.6,0,0,0,0,0,0,POSITION,NONE,0,0,0,0,0,0,0,0,0,0,0.6,-0.4,0
3584.70,1780803378838,0.6,0,0,0,0,0,0,POSITION,NONE,0,0,0,0,0,0,0,0,0,0,0.6,-0.4,0
3585.00,1780803378838,0.6,0,0,0,0,0,0,POSITION,NONE,0,0,0,0,0,0,0,0,0,0,0.6,-0.4,0
3585.30,1780803378839,0.6,0,0,0,0,0,0,POSITION,NONE,0,0,0,0,0,0,0,0,0,0,0.6,-0.4,0
3600.50,1780803378854,0.6,0,0,0,0,0,0,POSITION,NONE,0,0,0,0,0,0,0,0,0,0,0.6,-0.4,0
3600.90,1780803378854,0.6,0,0,0,0,0,0,POSITION,NONE,0,0,0,0,0,0,0,0,0,0,0.6,-0.4,0
3601.20,1780803378854,0.6,0,0,0,0,0,0,POSITION,NONE,0,0,0,0,0,0,0,0,0,0,0.6,-0.4,0
3616.10,1780803378869,0.6,0,0,0,0,0,0,POSITION,NONE,0,0,0,0,0,0,0,0,0,0,0.6,-0.4,0
3616.50,1780803378870,0.6,0,0,0,0,0,0,POSITION,NONE,0,0,0,0,0,0,0,0,0,0,0.6,-0.4,0
3616.70,1780803378870,0.6,0,0,0,0,0,0,POSITION,NONE,0,0,0,0,0,0,0,0,0,0,0.6,-0.4,0
3616.90,1780803378870,0.6,0,0,0,0,0,0,POSITION,NONE,0,0,0,0,0,0,0,0,0,0,0.6,-0.4,0
3632.00,1780803378885,0.6,0,0,0,0,0,0,POSITION,NONE,0,0,0,0,0,0,0,0,0,0,0.6,-0.4,0
3632.20,1780803378885,0.6,0,0,0,0,0,0,POSITION,NONE,0,0,0,0,0,0,0,0,0,0,0.6,-0.4,0
3647.30,1780803378901,0.6,0,0,0,0,0,0,POSITION,NONE,0,0,0,0,0,0,0,0,0,0,0.6,-0.4,0
3647.60,1780803378901,0.6,0,0,0,0,0,0,POSITION,NONE,0,0,0,0,0,0,0,0,0,0,0.6,-0.4,0
3647.90,1780803378901,0.6,0,0,0,0,0,0,POSITION,NONE,0,0,0,0,0,0,0,0,0,0,0.6,-0.4,0
3648.10,1780803378901,0.6,0,0,0,0,0,0,POSITION,NONE,0,0,0,0,0,0,0,0,0,0,0.6,-0.4,0
3663.90,1780803378917,0.6,0,0,0,0,0,0,POSITION,NONE,0,0,0,0,0,0,0,0,0,0,0.6,-0.4,0
3664.10,1780803378917,0.6,0,0,0,0,0,0,POSITION,NONE,0,0,0,0,0,0,0,0,0,0,0.6,-0.4,0
3678.00,1780803378931,0.6,0,0,0,0,0,0,POSITION,NONE,0,0,0,0,0,0,0,0,0,0,0.6,-0.4,0
3678.30,1780803378932,0.6,0,0,0,0,0,0,POSITION,NONE,0,0,0,0,0,0,0,0,0,0,0.6,-0.4,0
3678.70,1780803378932,0.6,0,0,0,0,0,0,POSITION,NONE,0,0,0,0,0,0,0,0,0,0,0.6,-0.4,0
3679.30,1780803378933,0.6,0,0,0,0,0,0,POSITION,NONE,0,0,0,0,0,0,0,0,0,0,0.6,-0.4,0
3692.70,1780803378946,0.6,0,0,0,0,0,0,POSITION,NONE,0,0,0,0,0,0,0,0,0,0,0.6,-0.4,0
3692.90,1780803378946,0.6,0,0,0,0,0,0,POSITION,NONE,0,0,0,0,0,0,0,0,0,0,0.6,-0.4,0
3693.30,1780803378947,0.6,0,0,0,0,0,0,POSITION,NONE,0,0,0,0,0,0,0,0,0,0,0.6,-0.4,0
3708.30,1780803378962,0.6,0,0,0,0,0,0,POSITION,NONE,0,0,0,0,0,0,0,0,0,0,0.6,-0.4,0
3708.60,1780803378962,0.6,0,0,0,0,0,0,POSITION,NONE,0,0,0,0,0,0,0,0,0,0,0.6,-0.4,0
3708.80,1780803378962,0.6,0,0,0,0,0,0,POSITION,NONE,0,0,0,0,0,0,0,0,0,0,0.6,-0.4,0
3724.40,1780803378978,0.6,0,0,0,0,0,0,POSITION,NONE,0,0,0,0,0,0,0,0,0,0,0.6,-0.4,0
3724.70,1780803378978,0.6,0,0,0,0,0,0,POSITION,NONE,0,0,0,0,0,0,0,0,0,0,0.6,-0.4,0
3725.00,1780803378978,0.6,0,0,0,0,0,0,POSITION,NONE,0,0,0,0,0,0,0,0,0,0,0.6,-0.4,0
3739.80,1780803378993,0.6,0,0,0,0,0,0,POSITION,NONE,0,0,0,0,0,0,0,0,0,0,0.6,-0.4,0
3740.10,1780803378993,0.6,0,0,0,0,0,0,POSITION,NONE,0,0,0,0,0,0,0,0,0,0,0.6,-0.4,0
3740.40,1780803378994,0.6,0,0,0,0,0,0,POSITION,NONE,0,0,0,0,0,0,0,0,0,0,0.6,-0.4,0
3755.90,1780803379009,0.6,0,0,0,0,0,0,POSITION,NONE,0,0,0,0,0,0,0,0,0,0,0.6,-0.4,0
3756.30,1780803379010,0.6,0,0,0,0,0,0,POSITION,NONE,0,0,0,0,0,0,0,0,0,0,0.6,-0.4,0
3756.70,1780803379010,0.6,0,0,0,0,0,0,POSITION,NONE,0,0,0,0,0,0,0,0,0,0,0.6,-0.4,0
3757.00,1780803379010,0.6,0,0,0,0,0,0,POSITION,NONE,0,0,0,0,0,0,0,0,0,0,0.6,-0.4,0
3772.40,1780803379026,0.6,0,0,0,0,0,0,POSITION,NONE,0,0,0,0,0,0,0,0,0,0,0.6,-0.4,0
3772.80,1780803379026,0.6,0,0,0,0,0,0,POSITION,NONE,0,0,0,0,0,0,0,0,0,0,0.6,-0.4,0
3785.80,1780803379039,0.6,0,0,0,0,0,0,POSITION,NONE,0,0,0,0,0,0,0,0,0,0,0.6,-0.4,0
3786.30,1780803379040,0.6,0,0,0,0,0,0,POSITION,NONE,0,0,0,0,0,0,0,0,0,0,0.6,-0.4,0
3787.40,1780803379041,0.6,0,0,0,0,0,0,POSITION,NONE,0,0,0,0,0,0,0,0,0,0,0.6,-0.4,0
3788.10,1780803379041,0.6,0,0,0,0,0,0,POSITION,NONE,0,0,0,0,0,0,0,0,0,0,0.6,-0.4,0
3800.90,1780803379054,0.6,0,0,0,0,0,0,POSITION,NONE,0,0,0,0,0,0,0,0,0,0,0.6,-0.4,0
3801.40,1780803379055,0.6,0,0,0,0,0,0,POSITION,NONE,0,0,0,0,0,0,0,0,0,0,0.6,-0.4,0
3822.70,1780803379076,0.6,0,0,0,0,0,0,POSITION,NONE,0,0,0,0,0,0,0,0,0,0,0.6,-0.4,0
3823.20,1780803379077,0.6,0,0,0,0,0,0,POSITION,NONE,0,0,0,0,0,0,0,0,0,0,0.6,-0.4,0
3824.00,1780803379077,0.6,0,0,0,0,0,0,POSITION,NONE,0,0,0,0,0,0,0,0,0,0,0.6,-0.4,0
3824.70,1780803379078,0.6,0,0,0,0,0,0,POSITION,NONE,0,0,0,0,0,0,0,0,0,0,0.6,-0.4,0
3834.10,1780803379087,0.6,0,0,0,0,0,0,POSITION,NONE,0,0,0,0,0,0,0,0,0,0,0.6,-0.4,0
3834.70,1780803379088,0.6,0,0,0,0,0,0,POSITION,NONE,0,0,0,0,0,0,0,0,0,0,0.6,-0.4,0
3835.10,1780803379088,0.6,184.7,0,-1.5,0,0,0,POSITION,NONE,0,0,0,0,0,0,0,0,0,0,-184.1,0,0
3847.50,1780803379101,0.6,184.7,0,0,0,0,-3,POSITION,NONE,0,0,0,0,0,0,0,0,0,0,-184.1,0,0
3848.00,1780803379101,0.6,184.7,0,-0.8,0,0,-3,POSITION,NONE,0,0,0,0,0,0,0,0,0,0,-184.1,0,0
3848.70,1780803379102,0.6,184.7,0,0,0,0,-1,POSITION,NONE,0,0,0,0,0,0,0,0,0,0,-184.1,0,0
3849.30,1780803379103,0.6,184.7,0,0.4,0,0,-1,POSITION,NONE,0,0,0,0,0,0,0,0,0,0,-184.1,0,0
3864.20,1780803379117,0.6,184.7,0,0,0,0,3,POSITION,NONE,0,0,0,0,0,0,0,0,0,0,-184.1,0,0
3864.80,1780803379118,0.6,184.7,0,2.1,0,0,3,POSITION,NONE,0,0,0,0,0,0,0,0,0,0,-184.1,0,0
3881.10,1780803379134,0.6,184.7,0,0.9549296585513721,0,0,7,POSITION,NONE,0,0,0,0,0,0,0,0,0,0,-184.1,0,0
3881.60,1780803379135,0.6,184.7,0,4.2,0,0,7,POSITION,NONE,0,0,0,0,0,0,0,0,0,0,-184.1,0,0
3882.50,1780803379136,0.6,184.7,0,0.9549296585513721,0,0,7,POSITION,NONE,0,0,0,0,0,0,0,0,0,0,-184.1,0,0
3883.00,1780803379136,0.6,184.7,0,6.8,0,0,7,POSITION,NONE,0,0,0,0,0,0,0,0,0,0,-184.1,0,0
3894.70,1780803379148,0.6,184.7,0,1.9098593171027443,0.9549296585513721,0,7,POSITION,NONE,0,0,0,0,0,0,0,0,0,0,-184.1,0,0
3895.90,1780803379149,0.6,184.7,0,9.8,0.9549296585513721,0,7,POSITION,NONE,0,0,0,0,0,0,0,0,0,0,-184.1,0,0
3896.90,1780803379150,0.8,184.7,0.9549296585513721,1.9098593171027443,4.7746482927568605,0,8,POSITION,NONE,0,0,0,0,0,0,0,0,0,0,-183.89999999999998,0,0
3908.70,1780803379162,0.8,184.7,0.9549296585513721,12.8,4.7746482927568605,0,8,POSITION,NONE,0,0,0,0,0,0,0,0,0,0,-183.89999999999998,0,0
3909.10,1780803379162,1,184.7,0.9549296585513721,2.864788975654116,7.639437268410977,0,8,POSITION,NONE,0,0,0,0,0,0,0,0,0,0,-183.7,0,0
3909.40,1780803379163,1,184.7,0.9549296585513721,16.3,7.639437268410977,0,8,POSITION,NONE,0,0,0,0,0,0,0,0,0,0,-183.7,0,0
3924.70,1780803379178,1.2,184.7,1.9098593171027443,2.864788975654116,12.414085561167838,0,8,POSITION,NONE,0,0,0,0,0,0,0,0,0,0,-183.5,0,0
3925.00,1780803379178,1.2,184.7,1.9098593171027443,20,12.414085561167838,0,8,POSITION,NONE,0,0,0,0,0,0,0,0,0,0,-183.5,0,0
3925.40,1780803379179,1.5,184.7,2.864788975654116,3.8197186342054885,16.233804195373324,0,8,POSITION,NONE,0,0,0,0,0,0,0,0,0,0,-183.2,0,0
3939.50,1780803379193,1.5,184.7,2.864788975654116,24.1,16.233804195373324,0,8,POSITION,NONE,0,0,0,0,0,0,0,0,0,0,-183.2,0,0
3939.90,1780803379193,1.8,184.7,2.864788975654116,4.7746482927568605,19.098593171027442,0,8,POSITION,NONE,0,0,0,0,0,0,0,0,0,0,-182.89999999999998,0,0
3940.10,1780803379193,1.8,184.7,2.864788975654116,28.8,19.098593171027442,0,8,POSITION,NONE,0,0,0,0,0,0,0,0,0,0,-182.89999999999998,0,0
3955.20,1780803379208,2.1,184.7,3.8197186342054885,5.729577951308232,23.873241463784304,0,9,POSITION,NONE,0,0,0,0,0,0,0,0,0,0,-182.6,0,0
3955.50,1780803379209,2.1,184.7,3.8197186342054885,33.6,23.873241463784304,0,9,POSITION,NONE,0,0,0,0,0,0,0,0,0,0,-182.6,0,0
3955.70,1780803379209,2.5,184.7,4.7746482927568605,6.684507609859605,27.69296009798979,0,9,POSITION,NONE,0,0,0,0,0,0,0,0,0,0,-182.2,0,0
3971.50,1780803379225,2.5,184.7,4.7746482927568605,38.9,27.69296009798979,0,9,POSITION,NONE,0,0,0,0,0,0,0,0,0,0,-182.2,0,0
3971.80,1780803379225,2.9,184.7,4.7746482927568605,7.639437268410977,30.557749073643908,0,9,POSITION,NONE,0,0,0,0,0,0,0,0,0,0,-181.79999999999998,0,0
3972.10,1780803379225,2.9,184.7,4.7746482927568605,44.6,30.557749073643908,0,9,POSITION,NONE,0,0,0,0,0,0,0,0,0,0,-181.79999999999998,0,0
3986.90,1780803379240,3.3,184.7,5.729577951308232,8.59436692696235,33.422538049298026,0,10,POSITION,NONE,0,0,0,0,0,0,0,0,0,0,-181.39999999999998,0,0
3987.90,1780803379241,3.3,184.7,5.729577951308232,50.7,33.422538049298026,0,10,POSITION,NONE,0,0,0,0,0,0,0,0,0,0,-181.39999999999998,0,0.1
3988.60,1780803379242,3.7,184.7,6.684507609859605,9.549296585513721,36.28732702495214,0,10,POSITION,NONE,0,0,0,0,0,0,0,0,0,0,-181,0,0.1
3989.00,1780803379242,3.7,184.7,6.684507609859605,57.2,36.28732702495214,0,10,POSITION,NONE,0,0,0,0,0,0,0,0,0,0,-181,0,0.1
4001.90,1780803379255,4.2,184.7,6.684507609859605,10.504226244065094,39.152116000606256,0,10,POSITION,NONE,0,0,0,0,0,0,0,0,0,0,-180.5,0,0.1
4002.20,1780803379255,4.2,184.7,6.684507609859605,64,39.152116000606256,0,10,POSITION,NONE,0,0,0,0,0,0,0,0,0,0,-180.5,0,0.1
4016.40,1780803379270,4.7,184.7,7.639437268410977,11.459155902616464,41.061975317709,0,11,POSITION,NONE,0,0,0,0,0,0,0,0,0,0,-180,0,0.1
4016.70,1780803379270,4.7,184.7,7.639437268410977,71.3,41.061975317709,0,11,POSITION,NONE,0,0,0,0,0,0,0,0,0,0,-180,0,0.1
4017.00,1780803379270,5.2,184.7,8.59436692696235,13.36901521971921,42.97183463481174,0,11,POSITION,NONE,0,0,0,0,0,0,0,0,0,0,-179.5,0,0.1
4017.30,1780803379271,5.2,184.7,8.59436692696235,78.9,42.97183463481174,0,11,POSITION,NONE,0,0,0,0,0,0,0,0,0,0,-179.5,0,0.1
4032.50,1780803379286,5.8,184.7,8.59436692696235,14.32394487827058,45.83662361046586,0,12,POSITION,NONE,0,0,0,0,0,0,0,0,0,0,-178.89999999999998,0,0.1
4032.90,1780803379286,5.8,184.7,8.59436692696235,86.9,45.83662361046586,0,12,POSITION,NONE,0,0,0,0,0,0,0,0,0,0,-178.89999999999998,0,0.1
4033.50,1780803379287,6.4,184.7,9.549296585513721,16.233804195373324,47.74648292756861,0,12,POSITION,NONE,0,0,0,0,0,0,0,0,0,0,-178.29999999999998,0,0.1
4047.70,1780803379301,6.4,184.7,9.549296585513721,95.3,47.74648292756861,0,12,POSITION,NONE,0,0,0,0,0,0,0,0,0,0,-178.29999999999998,0,0.1
4048.10,1780803379301,7,184.7,10.504226244065094,17.1887338539247,49.65634224467135,0,13,POSITION,NONE,0,0,0,0,0,0,0,0,0,0,-177.7,0,0.1
4048.30,1780803379302,7,184.7,10.504226244065094,104,49.65634224467135,0,13,POSITION,NONE,0,0,0,0,0,0,0,0,0,0,-177.7,0,0.1
4063.30,1780803379317,7.7,184.7,10.504226244065094,19.098593171027442,52.521131220325465,0,13,POSITION,NONE,0,0,0,0,0,0,0,0,0,0,-177,0,0.1
4063.70,1780803379317,7.7,184.7,10.504226244065094,113,52.521131220325465,0,13,POSITION,NONE,0,0,0,0,0,0,0,0,0,0,-177,0,0.1
4064.00,1780803379317,8.5,184.7,11.459155902616464,20.053522829578814,55.38592019597958,0,14,POSITION,NONE,0,0,0,0,0,0,0,0,0,0,-176.2,0,0.1
4079.30,1780803379333,8.5,184.7,11.459155902616464,122.3,55.38592019597958,0,14,POSITION,NONE,0,0,0,0,0,0,0,0,0,0,-176.2,0,0.1
4079.60,1780803379333,9.2,184.7,12.414085561167838,21.963382146681557,57.29577951308232,0,15,POSITION,NONE,0,0,0,0,0,0,0,0,0,0,-175.5,0,0.1
4079.80,1780803379333,9.2,184.7,12.414085561167838,132.1,57.29577951308232,0,15,POSITION,NONE,0,0,0,0,0,0,0,0,0,0,-175.5,0,0.1
4093.50,1780803379347,10,184.7,13.36901521971921,23.873241463784304,59.20563883018507,0,15,POSITION,NONE,0,0,0,0,0,0,0,0,0,0,-174.7,0,0.1
4093.70,1780803379347,10,184.7,13.36901521971921,142.3,59.20563883018507,0,15,POSITION,NONE,0,0,0,0,0,0,0,0,0,0,-174.7,0,0.1
4094.10,1780803379347,10.9,184.7,13.36901521971921,25.78310078088705,61.115498147287816,0,16,POSITION,NONE,0,0,0,0,0,0,0,0,0,0,-173.79999999999998,0,0.1
4109.40,1780803379363,10.9,184.7,13.36901521971921,152.3,61.115498147287816,0,16,POSITION,NONE,0,0,0,0,0,0,0,0,0,0,-173.79999999999998,0,0.1
4109.80,1780803379363,11.7,184.7,14.32394487827058,26.73803043943842,63.02535746439055,0,17,POSITION,NONE,0,0,0,0,0,0,0,0,0,0,-173,0,0.1
4110.00,1780803379363,11.7,184.7,14.32394487827058,162.3,63.02535746439055,0,17,POSITION,NONE,0,0,0,0,0,0,0,0,0,0,-173,0,0.1
4125.10,1780803379378,12.6,184.7,15.278874536821954,28.64788975654116,63.98028712294193,0,16,POSITION,NONE,0,0,0,0,0,0,0,0,0,0,-172.1,0,0.1
4125.40,1780803379379,12.6,184.7,15.278874536821954,172.2,63.98028712294193,0,16,POSITION,NONE,0,0,0,0,0,0,0,0,0,0,-172.1,0,0.1
4125.70,1780803379379,13.6,184.7,16.233804195373324,30.557749073643908,65.89014644004467,0,16,POSITION,NONE,0,0,0,0,0,0,0,0,0,0,-171.1,0,0.1
4139.90,1780803379393,13.6,184.7,16.233804195373324,181.8,65.89014644004467,0,16,POSITION,NONE,0,0,0,0,0,0,0,0,0,0,-171.1,0,0.2
4140.20,1780803379393,14.6,184.7,16.233804195373324,31.512678732195276,67.80000575714742,0,16,POSITION,NONE,0,0,0,0,0,0,0,0,0,0,-170.1,0,0.2
4140.50,1780803379394,14.6,184.7,16.233804195373324,191.3,67.80000575714742,0,16,POSITION,NONE,0,0,0,0,0,0,0,0,0,0,-170.1,0,0.2
4155.30,1780803379409,15.6,184.7,17.1887338539247,33.422538049298026,69.70986507425016,0,18,POSITION,NONE,0,0,0,0,0,0,0,0,0,0,-169.1,0,0.2
4155.60,1780803379409,15.6,184.7,17.1887338539247,200.7,69.70986507425016,0,18,POSITION,NONE,0,0,0,0,0,0,0,0,0,0,-169.1,0,0.2
4155.80,1780803379409,16.7,184.7,18.14366351247607,35.33239736640077,70.66479473280154,0,18,POSITION,NONE,0,0,0,0,0,0,0,0,0,0,-168,0,0.2
4171.00,1780803379424,16.7,184.7,18.14366351247607,210.1,70.66479473280154,0,18,POSITION,NONE,0,0,0,0,0,0,0,0,0,0,-168,0,0.2
4171.40,1780803379425,17.8,184.7,19.098593171027442,36.28732702495214,72.57465404990428,0,18,POSITION,NONE,0,0,0,0,0,0,0,0,0,0,-166.89999999999998,0,0.2
4171.70,1780803379425,17.8,184.7,19.098593171027442,219.2,72.57465404990428,0,18,POSITION,NONE,0,0,0,0,0,0,0,0,0,0,-166.89999999999998,0,0.2
4187.60,1780803379441,19,184.7,20.053522829578814,38.197186342054884,73.52958370845566,0,20,POSITION,NONE,0,0,0,0,0,0,0,0,0,0,-165.7,0,0.2
4187.90,1780803379441,19,184.7,20.053522829578814,228.2,73.52958370845566,0,20,POSITION,NONE,0,0,0,0,0,0,0,0,0,0,-165.7,0,0.2
4188.10,1780803379441,20.3,184.7,21.00845248813019,39.152116000606256,75.4394430255584,0,19,POSITION,NONE,0,0,0,0,0,0,0,0,0,0,-164.39999999999998,0,0.2
4188.30,1780803379442,20.3,184.7,21.00845248813019,237,75.4394430255584,0,19,POSITION,NONE,0,0,0,0,0,0,0,0,0,0,-164.39999999999998,0,0.3
4201.60,1780803379455,21.5,184.7,21.00845248813019,41.061975317709,77.34930234266113,0,20,POSITION,NONE,0,0,0,0,0,0,0,0,0,0,-163.2,0,0.3
4201.90,1780803379455,21.5,184.7,21.00845248813019,245.8,77.34930234266113,0,20,POSITION,NONE,0,0,0,0,0,0,0,0,0,0,-163.2,0,0.3
4216.80,1780803379470,22.8,184.7,21.963382146681557,42.01690497626038,77.34930234266113,0,22,POSITION,NONE,0,0,0,0,0,0,0,0,0,0,-161.89999999999998,0,0.3
4217.10,1780803379470,22.8,184.7,21.963382146681557,254.5,77.34930234266113,0,22,POSITION,NONE,0,0,0,0,0,0,0,0,0,0,-161.89999999999998,0,0.3
4217.40,1780803379471,24.2,184.7,22.91831180523293,43.926764293363114,79.25916165976389,0,21,POSITION,NONE,0,0,0,0,0,0,0,0,0,0,-160.5,0,0.3
4217.80,1780803379471,24.2,184.7,22.91831180523293,262.9,79.25916165976389,0,21,POSITION,NONE,0,0,0,0,0,0,0,0,0,0,-160.5,0,0.3
4232.60,1780803379486,25.5,184.7,23.873241463784304,44.88169395191449,79.25916165976389,0,22,POSITION,NONE,0,0,0,0,0,0,0,0,0,0,-159.2,0,0.3
4233.00,1780803379486,25.5,184.7,23.873241463784304,271.4,79.25916165976389,0,22,POSITION,NONE,0,0,0,0,0,0,0,0,0,0,-159.2,0,0.3
4233.70,1780803379487,27,184.7,24.828171122335675,46.791553269017236,82.123950635418,0,24,POSITION,NONE,0,0,0,0,0,0,0,0,0,0,-157.7,0,0.3
4248.00,1780803379501,27,184.7,24.828171122335675,279.5,82.123950635418,0,24,POSITION,NONE,0,0,0,0,0,0,0,0,0,0,-157.7,0,0.4
4248.60,1780803379502,28.6,184.7,25.78310078088705,47.74648292756861,84.03380995252076,0,23,POSITION,NONE,0,0,0,0,0,0,0,0,0,0,-156.1,0,0.4
4249.10,1780803379502,28.6,184.7,25.78310078088705,287.4,84.03380995252076,0,23,POSITION,NONE,0,0,0,0,0,0,0,0,0,0,-156.1,0,0.4
4264.30,1780803379518,30.1,184.7,26.73803043943842,49.65634224467135,85.94366926962348,0,24,POSITION,NONE,0,0,0,0,0,0,0,0,0,0,-154.6,0,0.4
4264.90,1780803379518,30.1,184.7,26.73803043943842,295.2,85.94366926962348,0,24,POSITION,NONE,0,0,0,0,0,0,0,0,0,0,-154.6,0,0.4
4265.50,1780803379519,31.8,184.7,27.69296009798979,50.61127190322272,87.85352858672623,0,25,POSITION,NONE,0,0,0,0,0,0,0,0,0,0,-152.89999999999998,0,0.4
4280.20,1780803379533,31.8,184.7,27.69296009798979,302.7,87.85352858672623,0,25,POSITION,NONE,0,0,0,0,0,0,0,0,0,0,-152.89999999999998,0,0.4
4280.70,1780803379534,33.5,184.7,28.64788975654116,51.5662015617741,89.76338790382898,0,25,POSITION,NONE,0,0,0,0,0,0,0,0,0,0,-151.2,0,0.4
4281.00,1780803379534,33.5,184.7,28.64788975654116,309.9,89.76338790382898,0,25,POSITION,NONE,0,0,0,0,0,0,0,0,0,0,-151.2,0,0.5
4296.60,1780803379550,35.2,184.7,29.602819415092537,52.521131220325465,90.71831756238035,0,24,POSITION,NONE,0,0,0,0,0,0,0,0,0,0,-149.5,0,0.5
4297.00,1780803379550,35.2,184.7,29.602819415092537,316.6,90.71831756238035,0,24,POSITION,NONE,0,0,0,0,0,0,0,0,0,0,-149.5,0,0.5
4297.40,1780803379551,37,184.7,30.557749073643908,53.47606087887684,92.62817687948309,0,23,POSITION,NONE,0,0,0,0,0,0,0,0,0,0,-147.7,0,0.5
4297.90,1780803379551,37,184.7,30.557749073643908,322.5,92.62817687948309,0,23,POSITION,NONE,0,0,0,0,0,0,0,0,0,0,-147.7,0,0.5
4313.40,1780803379567,38.9,184.7,31.512678732195276,54.430990537428215,93.58310653803447,0,23,POSITION,NONE,0,0,0,0,0,0,0,0,0,0,-145.79999999999998,0,0.5
4314.00,1780803379567,38.9,184.7,31.512678732195276,327.9,93.58310653803447,0,23,POSITION,NONE,0,0,0,0,0,0,0,0,0,0,-145.79999999999998,0,0.5
4325.80,1780803379579,40.7,184.7,31.512678732195276,55.38592019597958,93.58310653803447,0,23,POSITION,NONE,0,0,0,0,0,0,0,0,0,0,-144,0,0.5
4326.20,1780803379579,40.7,184.7,31.512678732195276,332.7,93.58310653803447,0,23,POSITION,NONE,0,0,0,0,0,0,0,0,0,0,-144,0,0.6
4326.60,1780803379580,42.6,184.7,32.46760839074665,56.34084985453096,92.62817687948309,0,24,POSITION,NONE,0,0,0,0,0,0,0,0,0,0,-142.1,0,0.6
4327.80,1780803379581,42.6,184.7,32.46760839074665,337.1,92.62817687948309,0,24,POSITION,NONE,0,0,0,0,0,0,0,0,0,0,-142.1,0,0.6
4341.30,1780803379594,44.4,184.7,33.422538049298026,57.29577951308232,90.71831756238035,0,24,POSITION,NONE,0,0,0,0,0,0,0,0,0,0,-140.29999999999998,0,0.6
4342.00,1780803379595,44.4,184.7,33.422538049298026,341,90.71831756238035,0,24,POSITION,NONE,0,0,0,0,0,0,0,0,0,0,-140.29999999999998,0,0.6
4355.90,1780803379609,46.3,184.7,33.422538049298026,57.29577951308232,88.8084582452776,0,24,POSITION,NONE,0,0,0,0,0,0,0,0,0,0,-138.39999999999998,0,0.6
4356.20,1780803379609,46.3,184.7,33.422538049298026,344.4,88.8084582452776,0,24,POSITION,NONE,0,0,0,0,0,0,0,0,0,0,-138.39999999999998,0,0.6
4356.60,1780803379610,48.2,184.7,34.3774677078494,58.250709171633694,86.89859892817486,0,25,POSITION,NONE,0,0,0,0,0,0,0,0,0,0,-136.5,0,0.6
4357.30,1780803379611,48.2,184.7,34.3774677078494,347.1,86.89859892817486,0,25,POSITION,NONE,0,0,0,0,0,0,0,0,0,0,-136.5,0,0.7
4372.00,1780803379625,50.2,184.7,34.3774677078494,58.250709171633694,84.98873961107212,0,25,POSITION,NONE,0,0,0,0,0,0,0,0,0,0,-134.5,0,0.7
4373.20,1780803379626,50.2,184.7,34.3774677078494,349.3,84.98873961107212,0,25,POSITION,NONE,0,0,0,0,0,0,0,0,0,0,-134.5,0,0.7
4386.60,1780803379640,52.2,184.7,35.33239736640077,58.250709171633694,83.07888029396936,0,25,POSITION,NONE,0,0,0,0,0,0,0,0,0,0,-132.5,0,0.7
4387.50,1780803379641,52.2,184.7,35.33239736640077,351,83.07888029396936,0,25,POSITION,NONE,0,0,0,0,0,0,0,0,0,0,-132.5,0,0.7
4387.90,1780803379641,54.1,184.7,35.33239736640077,58.250709171633694,79.25916165976389,0,25,POSITION,NONE,0,0,0,0,0,0,0,0,0,0,-130.6,0,0.7
4388.20,1780803379642,54.1,184.7,35.33239736640077,352.3,79.25916165976389,0,25,POSITION,NONE,0,0,0,0,0,0,0,0,0,0,-130.6,0,0.7
4401.20,1780803379654,56.1,184.7,35.33239736640077,59.20563883018507,76.39437268410977,0,25,POSITION,NONE,0,0,0,0,0,0,0,0,0,0,-128.6,0,0.7
4401.80,1780803379655,56.1,184.7,35.33239736640077,353,76.39437268410977,0,25,POSITION,NONE,0,0,0,0,0,0,0,0,0,0,-128.6,0,0.8
4416.90,1780803379670,58.1,184.7,35.33239736640077,59.20563883018507,72.57465404990428,0,25,POSITION,NONE,0,0,0,0,0,0,0,0,0,0,-126.6,0,0.8
4417.20,1780803379670,58.1,184.7,35.33239736640077,353.2,72.57465404990428,0,25,POSITION,NONE,0,0,0,0,0,0,0,0,0,0,-126.6,0,0.8
4417.40,1780803379671,60.1,184.7,36.28732702495214,59.20563883018507,69.70986507425016,0,25,POSITION,NONE,0,0,0,0,0,0,0,0,0,0,-124.6,0,0.8
4417.70,1780803379671,60.1,184.7,36.28732702495214,352.8,69.70986507425016,0,25,POSITION,NONE,0,0,0,0,0,0,0,0,0,0,-124.6,0,0.8
4433.00,1780803379686,62.1,184.7,36.28732702495214,58.250709171633694,65.89014644004467,0,25,POSITION,NONE,0,0,0,0,0,0,0,0,0,0,-122.6,0,0.8
4433.40,1780803379687,62.1,184.7,36.28732702495214,352.1,65.89014644004467,0,25,POSITION,NONE,0,0,0,0,0,0,0,0,0,0,-122.6,0,0.8
4433.70,1780803379687,64.1,184.7,36.28732702495214,58.250709171633694,63.02535746439055,0,25,POSITION,NONE,0,0,0,0,0,0,0,0,0,0,-120.6,0,0.8
4448.40,1780803379702,64.1,184.7,36.28732702495214,350.6,63.02535746439055,0,25,POSITION,NONE,0,0,0,0,0,0,0,0,0,0,-120.6,0,0.8
4448.70,1780803379702,66.2,184.7,36.28732702495214,58.250709171633694,60.16056848873644,0,25,POSITION,NONE,0,0,0,0,0,0,0,0,0,0,-118.49999999999999,0,0.8
4449.00,1780803379702,66.2,184.7,36.28732702495214,348.7,60.16056848873644,0,25,POSITION,NONE,0,0,0,0,0,0,0,0,0,0,-118.49999999999999,0,0.9
4463.10,1780803379716,68.2,184.7,36.28732702495214,57.29577951308232,56.34084985453096,0,25,POSITION,NONE,0,0,0,0,0,0,0,0,0,0,-116.49999999999999,0,0.9
4463.50,1780803379717,68.2,184.7,36.28732702495214,346.4,56.34084985453096,0,25,POSITION,NONE,0,0,0,0,0,0,0,0,0,0,-116.49999999999999,0,0.9
4463.70,1780803379717,70.3,184.7,36.28732702495214,57.29577951308232,53.47606087887684,0,25,POSITION,NONE,0,0,0,0,0,0,0,0,0,0,-114.39999999999999,0,0.9
4479.90,1780803379733,70.3,184.7,36.28732702495214,343.2,53.47606087887684,0,25,POSITION,NONE,0,0,0,0,0,0,0,0,0,0,-114.39999999999999,1.1,0.9
4480.40,1780803379734,72.3,184.7,36.28732702495214,56.34084985453096,49.65634224467135,0,27,POSITION,NONE,0,0,0,0,0,0,0,0,0,0,-112.39999999999999,1.1,0.9
4480.70,1780803379734,72.3,184.7,36.28732702495214,337,49.65634224467135,0,27,POSITION,NONE,0,0,0,0,0,0,0,0,0,0,-112.39999999999999,2.3,0.9
4493.70,1780803379747,74.4,184.7,37.24225668350351,55.38592019597958,47.74648292756861,0,27,POSITION,NONE,0,0,0,0,0,0,0,0,0,0,-110.29999999999998,2.3,0.9
4494.60,1780803379748,74.4,184.7,37.24225668350351,330.7,47.74648292756861,0,27,POSITION,NONE,0,0,0,0,0,0,0,0,0,0,-110.29999999999998,3.4,1
4495.20,1780803379748,76.6,184.7,37.24225668350351,54.430990537428215,45.83662361046586,0,26,POSITION,NONE,0,0,0,0,0,0,0,0,0,0,-108.1,3.4,1
4508.50,1780803379762,76.6,184.7,37.24225668350351,324.2,45.83662361046586,0,26,POSITION,NONE,0,0,0,0,0,0,0,0,0,0,-108.1,4.4,1
4508.80,1780803379762,78.8,184.7,37.24225668350351,52.521131220325465,43.926764293363114,0,26,POSITION,NONE,0,0,0,0,0,0,0,0,0,0,-105.89999999999999,4.4,1
4509.00,1780803379762,78.8,184.7,37.24225668350351,317.8,43.926764293363114,0,26,POSITION,NONE,0,0,0,0,0,0,0,0,0,0,-105.89999999999999,5.5,1
4509.30,1780803379763,78.8,184.7,37.24225668350351,317.8,43.926764293363114,0,26,POSITION,NONE,0,0,0,0,0,0,0,0,0,0,-105.89999999999999,5.5,1
4524.50,1780803379778,80.9,184.7,37.24225668350351,51.5662015617741,41.061975317709,0,25,POSITION,NONE,0,0,0,0,0,0,0,0,0,0,-103.79999999999998,5.5,1
4524.80,1780803379778,80.9,184.7,37.24225668350351,311.3,41.061975317709,0,25,POSITION,NONE,0,0,0,0,0,0,0,0,0,0,-103.79999999999998,6.5,1
4525.10,1780803379778,83.1,184.7,37.24225668350351,50.61127190322272,39.152116000606256,0,25,POSITION,NONE,0,0,0,0,0,0,0,0,0,0,-101.6,6.5,1
4540.40,1780803379794,83.1,184.7,37.24225668350351,304.9,39.152116000606256,0,25,POSITION,NONE,0,0,0,0,0,0,0,0,0,0,-101.6,7.6,1
4540.80,1780803379794,85.2,184.7,37.24225668350351,49.65634224467135,37.24225668350351,0,24,POSITION,NONE,0,0,0,0,0,0,0,0,0,0,-99.49999999999999,7.6,1
4541.00,1780803379794,85.2,184.7,37.24225668350351,298.3,37.24225668350351,0,24,POSITION,NONE,0,0,0,0,0,0,0,0,0,0,-99.49999999999999,8.6,1
4555.60,1780803379809,87.4,184.7,38.197186342054884,48.70141258611997,35.33239736640077,0,24,POSITION,NONE,0,0,0,0,0,0,0,0,0,0,-97.29999999999998,8.6,1
4556.00,1780803379809,87.4,184.7,38.197186342054884,291.7,35.33239736640077,0,24,POSITION,NONE,0,0,0,0,0,0,0,0,0,0,-97.29999999999998,9.5,1.1
4556.40,1780803379810,89.5,184.7,37.24225668350351,47.74648292756861,30.557749073643908,0,23,POSITION,NONE,0,0,0,0,0,0,0,0,0,0,-95.19999999999999,9.5,1.1
4556.60,1780803379810,89.5,184.7,37.24225668350351,285.5,30.557749073643908,0,23,POSITION,NONE,0,0,0,0,0,0,0,0,0,0,-95.19999999999999,10.5,1.1
4571.60,1780803379825,91.7,184.7,37.24225668350351,46.791553269017236,28.64788975654116,0,23,POSITION,NONE,0,0,0,0,0,0,0,0,0,0,-92.99999999999999,10.5,1.1
4571.80,1780803379825,91.7,184.7,37.24225668350351,278.9,28.64788975654116,0,23,POSITION,NONE,0,0,0,0,0,0,0,0,0,0,-92.99999999999999,11.4,1.1
4587.10,1780803379840,93.9,184.7,37.24225668350351,45.83662361046586,24.828171122335675,0,22,POSITION,NONE,0,0,0,0,0,0,0,0,0,0,-90.79999999999998,11.4,1.1
4587.50,1780803379841,93.9,184.7,37.24225668350351,272.5,24.828171122335675,0,22,POSITION,NONE,0,0,0,0,0,0,0,0,0,0,-90.79999999999998,12.3,1.1
4587.80,1780803379841,96,184.7,37.24225668350351,43.926764293363114,21.963382146681557,0,22,POSITION,NONE,0,0,0,0,0,0,0,0,0,0,-88.69999999999999,12.3,1.1
4588.10,1780803379841,96,184.7,37.24225668350351,266.1,21.963382146681557,0,22,POSITION,NONE,0,0,0,0,0,0,0,0,0,0,-88.69999999999999,13.2,1.1
4601.60,1780803379855,98.1,184.7,37.24225668350351,42.97183463481174,18.14366351247607,0,21,POSITION,NONE,0,0,0,0,0,0,0,0,0,0,-86.6,13.2,1.1
4602.40,1780803379856,98.1,184.7,37.24225668350351,259.8,18.14366351247607,0,21,POSITION,NONE,0,0,0,0,0,0,0,0,0,0,-86.6,14.1,1.1
4617.30,1780803379871,100.2,184.7,37.24225668350351,42.01690497626038,13.36901521971921,0,21,POSITION,NONE,0,0,0,0,0,0,0,0,0,0,-84.49999999999999,14.1,1.1
4617.60,1780803379871,100.2,184.7,37.24225668350351,253.7,13.36901521971921,0,21,POSITION,NONE,0,0,0,0,0,0,0,0,0,0,-84.49999999999999,14.9,1.1
4617.80,1780803379871,102.2,184.7,36.28732702495214,41.061975317709,9.549296585513721,0,21,POSITION,NONE,0,0,0,0,0,0,0,0,0,0,-82.49999999999999,14.9,1.1
4618.40,1780803379872,102.2,184.7,36.28732702495214,247.5,9.549296585513721,0,21,POSITION,NONE,0,0,0,0,0,0,0,0,0,0,-82.49999999999999,15.7,1.1
4632.90,1780803379886,104.2,184.7,36.28732702495214,40.10704565915763,3.8197186342054885,0,20,POSITION,NONE,0,0,0,0,0,0,0,0,0,0,-80.49999999999999,15.7,1.1
4633.30,1780803379887,104.2,184.7,36.28732702495214,241.5,3.8197186342054885,0,20,POSITION,NONE,0,0,0,0,0,0,0,0,0,0,-80.49999999999999,16.5,1.1
4633.50,1780803379887,106.1,184.7,35.33239736640077,39.152116000606256,-1.9098593171027443,0,20,POSITION,NONE,0,0,0,0,0,0,0,0,0,0,-78.6,16.5,1.1
4649.50,1780803379903,106.1,184.7,35.33239736640077,235.7,-1.9098593171027443,0,20,POSITION,NONE,0,0,0,0,0,0,0,0,0,0,-78.6,17.3,1.1
4649.90,1780803379903,108.1,184.7,34.3774677078494,38.197186342054884,-5.729577951308232,0,19,POSITION,NONE,0,0,0,0,0,0,0,0,0,0,-76.6,17.3,1.1
4650.30,1780803379903,108.1,184.7,34.3774677078494,229.8,-5.729577951308232,0,19,POSITION,NONE,0,0,0,0,0,0,0,0,0,0,-76.6,18.1,1.1
4664.20,1780803379917,110,184.7,34.3774677078494,37.24225668350351,-11.459155902616464,0,19,POSITION,NONE,0,0,0,0,0,0,0,0,0,0,-74.69999999999999,18.1,1.1
4664.50,1780803379918,110,184.7,34.3774677078494,224.2,-11.459155902616464,0,19,POSITION,NONE,0,0,0,0,0,0,0,0,0,0,-74.69999999999999,18.8,1.1
4664.80,1780803379918,111.8,184.7,33.422538049298026,36.28732702495214,-18.14366351247607,0,19,POSITION,NONE,0,0,0,0,0,0,0,0,0,0,-72.89999999999999,18.8,1.1
4679.50,1780803379933,111.8,184.7,33.422538049298026,218.7,-18.14366351247607,0,19,POSITION,NONE,0,0,0,0,0,0,0,0,0,0,-72.89999999999999,19.6,1.1
4679.80,1780803379933,113.6,184.7,32.46760839074665,35.33239736640077,-23.873241463784304,0,19,POSITION,NONE,0,0,0,0,0,0,0,0,0,0,-71.1,19.6,1.1
4680.10,1780803379933,113.6,184.7,32.46760839074665,213.4,-23.873241463784304,0,19,POSITION,NONE,0,0,0,0,0,0,0,0,0,0,-71.1,20.3,1.1
4695.10,1780803379948,115.4,184.7,31.512678732195276,34.3774677078494,-29.602819415092537,0,18,POSITION,NONE,0,0,0,0,0,0,0,0,0,0,-69.29999999999998,20.3,1.1
4695.50,1780803379949,115.4,184.7,31.512678732195276,208.1,-29.602819415092537,0,18,POSITION,NONE,0,0,0,0,0,0,0,0,0,0,-69.29999999999998,21,1.1
4695.80,1780803379949,117.2,184.7,30.557749073643908,33.422538049298026,-32.46760839074665,0,18,POSITION,NONE,0,0,0,0,0,0,0,0,0,0,-67.49999999999999,21,1.1
4696.00,1780803379949,117.2,184.7,30.557749073643908,202.7,-32.46760839074665,0,18,POSITION,NONE,0,0,0,0,0,0,0,0,0,0,-67.49999999999999,21.6,1.1
4711.00,1780803379964,118.8,184.7,30.557749073643908,33.422538049298026,-38.197186342054884,0,18,POSITION,NONE,0,0,0,0,0,0,0,0,0,0,-65.89999999999999,21.6,1.1
4711.30,1780803379965,118.8,184.7,30.557749073643908,197.7,-38.197186342054884,0,18,POSITION,NONE,0,0,0,0,0,0,0,0,0,0,-65.89999999999999,22.3,1.1
4726.60,1780803379980,120.5,184.7,29.602819415092537,32.46760839074665,-42.97183463481174,0,17,POSITION,NONE,0,0,0,0,0,0,0,0,0,0,-64.19999999999999,22.3,1.1
4727.20,1780803379980,120.5,184.7,29.602819415092537,192.7,-42.97183463481174,0,17,POSITION,NONE,0,0,0,0,0,0,0,0,0,0,-64.19999999999999,22.9,1.2
4727.70,1780803379981,122,184.7,28.64788975654116,31.512678732195276,-48.70141258611997,0,17,POSITION,NONE,0,0,0,0,0,0,0,0,0,0,-62.69999999999999,22.9,1.2
4728.10,1780803379981,122,184.7,28.64788975654116,188.1,-48.70141258611997,0,17,POSITION,NONE,0,0,0,0,0,0,0,0,0,0,-62.69999999999999,23.6,1.2
4742.30,1780803379996,123.6,184.7,27.69296009798979,30.557749073643908,-53.47606087887684,0,17,POSITION,NONE,0,0,0,0,0,0,0,0,0,0,-61.099999999999994,23.6,1.2
4742.90,1780803379996,123.6,184.7,27.69296009798979,183.5,-53.47606087887684,0,17,POSITION,NONE,0,0,0,0,0,0,0,0,0,0,-61.099999999999994,24.2,1.2
4743.70,1780803379997,125.1,184.7,26.73803043943842,29.602819415092537,-58.250709171633694,0,17,POSITION,NONE,0,0,0,0,0,0,0,0,0,0,-59.599999999999994,24.2,1.2
4758.60,1780803380012,125.1,184.7,26.73803043943842,179,-58.250709171633694,0,17,POSITION,NONE,0,0,0,0,0,0,0,0,0,0,-59.599999999999994,24.8,1.2
4759.60,1780803380013,126.5,184.7,25.78310078088705,28.64788975654116,-63.02535746439055,0,17,POSITION,NONE,0,0,0,0,0,0,0,0,0,0,-58.19999999999999,24.8,1.2
4760.50,1780803380014,126.5,184.7,25.78310078088705,174.7,-63.02535746439055,0,17,POSITION,NONE,0,0,0,0,0,0,0,0,0,0,-58.19999999999999,25.4,1.2
4773.00,1780803380026,127.9,184.7,24.828171122335675,28.64788975654116,-66.84507609859605,0,16,POSITION,NONE,0,0,0,0,0,0,0,0,0,0,-56.79999999999998,25.4,1.2
4773.50,1780803380027,127.9,184.7,24.828171122335675,170.5,-66.84507609859605,0,16,POSITION,NONE,0,0,0,0,0,0,0,0,0,0,-56.79999999999998,25.9,1.2
4773.80,1780803380027,129.3,184.7,23.873241463784304,27.69296009798979,-70.66479473280154,0,16,POSITION,NONE,0,0,0,0,0,0,0,0,0,0,-55.39999999999998,25.9,1.2
4788.40,1780803380042,129.3,184.7,23.873241463784304,166.4,-70.66479473280154,0,16,POSITION,NONE,0,0,0,0,0,0,0,0,0,0,-55.39999999999998,26.5,1.2
4788.90,1780803380042,130.6,184.7,22.91831180523293,26.73803043943842,-74.48451336700703,0,16,POSITION,NONE,0,0,0,0,0,0,0,0,0,0,-54.099999999999994,26.5,1.2
4789.50,1780803380043,130.6,184.7,22.91831180523293,162.4,-74.48451336700703,0,16,POSITION,NONE,0,0,0,0,0,0,0,0,0,0,-54.099999999999994,27,1.2
4804.60,1780803380058,131.9,184.7,21.963382146681557,26.73803043943842,-76.39437268410977,0,16,POSITION,NONE,0,0,0,0,0,0,0,0,0,0,-52.79999999999998,27,1.2
4805.00,1780803380058,131.9,184.7,21.963382146681557,158.5,-76.39437268410977,0,16,POSITION,NONE,0,0,0,0,0,0,0,0,0,0,-52.79999999999998,27.6,1.2
4805.30,1780803380059,133.2,184.7,21.00845248813019,25.78310078088705,-78.30423200121251,0,16,POSITION,NONE,0,0,0,0,0,0,0,0,0,0,-51.5,27.6,1.2
4821.40,1780803380075,133.2,184.7,21.00845248813019,154.6,-78.30423200121251,0,16,POSITION,NONE,0,0,0,0,0,0,0,0,0,0,-51.5,28.1,1.2
4822.30,1780803380076,134.5,184.7,20.053522829578814,24.828171122335675,-80.21409131831525,0,15,POSITION,NONE,0,0,0,0,0,0,0,0,0,0,-50.19999999999999,28.1,1.2
4822.90,1780803380076,134.5,184.7,20.053522829578814,150.8,-80.21409131831525,0,15,POSITION,NONE,0,0,0,0,0,0,0,0,0,0,-50.19999999999999,28.6,1.2
4837.60,1780803380091,135.7,184.7,20.053522829578814,24.828171122335675,-81.16902097686663,0,15,POSITION,NONE,0,0,0,0,0,0,0,0,0,0,-49,28.6,1.2
4838.20,1780803380091,135.7,184.7,20.053522829578814,147.2,-81.16902097686663,0,15,POSITION,NONE,0,0,0,0,0,0,0,0,0,0,-49,29.1,1.2
4839.20,1780803380092,136.9,184.7,19.098593171027442,23.873241463784304,-81.16902097686663,0,15,POSITION,NONE,0,0,0,0,0,0,0,0,0,0,-47.79999999999998,29.1,1.2
4840.00,1780803380093,136.9,184.7,19.098593171027442,143.5,-81.16902097686663,0,15,POSITION,NONE,0,0,0,0,0,0,0,0,0,0,-47.79999999999998,29.5,1.2
4852.00,1780803380105,138.2,184.7,19.098593171027442,22.91831180523293,-80.21409131831525,0,15,POSITION,NONE,0,0,0,0,0,0,0,0,0,0,-46.5,29.5,1.2
4852.40,1780803380106,138.2,184.7,19.098593171027442,139.7,-80.21409131831525,0,15,POSITION,NONE,0,0,0,0,0,0,0,0,0,0,-46.5,30,1.2
4852.90,1780803380106,139.4,184.7,18.14366351247607,22.91831180523293,-79.25916165976389,0,15,POSITION,NONE,0,0,0,0,0,0,0,0,0,0,-45.29999999999998,30,1.2
4868.40,1780803380122,139.4,184.7,18.14366351247607,136.1,-79.25916165976389,0,15,POSITION,NONE,0,0,0,0,0,0,0,0,0,0,-45.29999999999998,30.5,1.2
4869.20,1780803380122,140.6,184.7,18.14366351247607,21.963382146681557,-78.30423200121251,0,14,POSITION,NONE,0,0,0,0,0,0,0,0,0,0,-44.099999999999994,30.5,1.2
4869.70,1780803380123,140.6,184.7,18.14366351247607,132.6,-78.30423200121251,0,14,POSITION,NONE,0,0,0,0,0,0,0,0,0,0,-44.099999999999994,30.9,1.2
4882.80,1780803380136,141.7,184.7,17.1887338539247,21.963382146681557,-77.34930234266113,0,14,POSITION,NONE,0,0,0,0,0,0,0,0,0,0,-43,30.9,1.2
4883.20,1780803380136,141.7,184.7,17.1887338539247,129.1,-77.34930234266113,0,14,POSITION,NONE,0,0,0,0,0,0,0,0,0,0,-43,31.3,1.2
4883.60,1780803380137,142.9,184.7,17.1887338539247,21.00845248813019,-75.4394430255584,0,14,POSITION,NONE,0,0,0,0,0,0,0,0,0,0,-41.79999999999998,31.3,1.2
4897.80,1780803380151,142.9,184.7,17.1887338539247,125.6,-75.4394430255584,0,14,POSITION,NONE,0,0,0,0,0,0,0,0,0,0,-41.79999999999998,31.7,1.2
4898.20,1780803380151,144,184.7,16.233804195373324,20.053522829578814,-74.48451336700703,0,14,POSITION,NONE,0,0,0,0,0,0,0,0,0,0,-40.69999999999999,31.7,1.2
4898.40,1780803380152,144,184.7,16.233804195373324,122.3,-74.48451336700703,0,14,POSITION,NONE,0,0,0,0,0,0,0,0,0,0,-40.69999999999999,32.1,1.2
4913.40,1780803380167,145.1,184.7,16.233804195373324,20.053522829578814,-73.52958370845566,0,14,POSITION,NONE,0,0,0,0,0,0,0,0,0,0,-39.599999999999994,32.1,1.2
4913.80,1780803380167,145.1,184.7,16.233804195373324,119,-73.52958370845566,0,14,POSITION,NONE,0,0,0,0,0,0,0,0,0,0,-39.599999999999994,32.5,1.2
4914.00,1780803380167,146.2,184.7,16.233804195373324,19.098593171027442,-71.6197243913529,0,13,POSITION,NONE,0,0,0,0,0,0,0,0,0,0,-38.5,32.5,1.2
4928.80,1780803380182,146.2,184.7,16.233804195373324,115.7,-71.6197243913529,0,13,POSITION,NONE,0,0,0,0,0,0,0,0,0,0,-38.5,32.9,1.2
4929.20,1780803380182,147.3,184.7,15.278874536821954,19.098593171027442,-69.70986507425016,0,13,POSITION,NONE,0,0,0,0,0,0,0,0,0,0,-37.39999999999998,32.9,1.2
4929.50,1780803380183,147.3,184.7,15.278874536821954,112.4,-69.70986507425016,0,13,POSITION,NONE,0,0,0,0,0,0,0,0,0,0,-37.39999999999998,33.3,1.2
4944.80,1780803380198,148.4,184.7,15.278874536821954,18.14366351247607,-67.80000575714742,0,13,POSITION,NONE,0,0,0,0,0,0,0,0,0,0,-36.29999999999998,33.3,1.2
4945.10,1780803380198,148.4,184.7,15.278874536821954,109.2,-67.80000575714742,0,13,POSITION,NONE,0,0,0,0,0,0,0,0,0,0,-36.29999999999998,33.7,1.3
4945.60,1780803380199,149.4,184.7,15.278874536821954,18.14366351247607,-65.89014644004467,0,13,POSITION,NONE,0,0,0,0,0,0,0,0,0,0,-35.29999999999998,33.7,1.3
4961.00,1780803380214,149.4,184.7,15.278874536821954,106.1,-65.89014644004467,0,13,POSITION,NONE,0,0,0,0,0,0,0,0,0,0,-35.29999999999998,34,1.3
4961.30,1780803380215,150.4,184.7,14.32394487827058,17.1887338539247,-64.9352167814933,0,13,POSITION,NONE,0,0,0,0,0,0,0,0,0,0,-34.29999999999998,34,1.3
4961.70,1780803380215,150.4,184.7,14.32394487827058,103.2,-64.9352167814933,0,13,POSITION,NONE,0,0,0,0,0,0,0,0,0,0,-34.29999999999998,34.4,1.3
4976.90,1780803380230,151.4,184.7,14.32394487827058,16.233804195373324,-63.02535746439055,0,12,POSITION,NONE,0,0,0,0,0,0,0,0,0,0,-33.29999999999998,34.4,1.3
4977.70,1780803380231,151.4,184.7,14.32394487827058,100.1,-63.02535746439055,0,12,POSITION,NONE,0,0,0,0,0,0,0,0,0,0,-33.29999999999998,34.7,1.3
4978.40,1780803380232,152.4,184.7,14.32394487827058,16.233804195373324,-60.16056848873644,0,12,POSITION,NONE,0,0,0,0,0,0,0,0,0,0,-32.29999999999998,34.7,1.3
4978.90,1780803380232,152.4,184.7,14.32394487827058,97.1,-60.16056848873644,0,12,POSITION,NONE,0,0,0,0,0,0,0,0,0,0,-32.29999999999998,35,1.3
4991.30,1780803380245,153.4,184.7,14.32394487827058,15.278874536821954,-58.250709171633694,0,12,POSITION,NONE,0,0,0,0,0,0,0,0,0,0,-31.299999999999983,35,1.3
4991.70,1780803380245,153.4,184.7,14.32394487827058,94.1,-58.250709171633694,0,12,POSITION,NONE,0,0,0,0,0,0,0,0,0,0,-31.299999999999983,35.3,1.3
5006.10,1780803380259,154.3,184.7,14.32394487827058,15.278874536821954,-57.29577951308232,0,12,POSITION,NONE,0,0,0,0,0,0,0,0,0,0,-30.399999999999977,35.3,1.3
5006.30,1780803380260,154.3,184.7,14.32394487827058,91.3,-57.29577951308232,0,12,POSITION,NONE,0,0,0,0,0,0,0,0,0,0,-30.399999999999977,35.6,1.3
5006.60,1780803380260,155.3,184.7,13.36901521971921,14.32394487827058,-55.38592019597958,0,12,POSITION,NONE,0,0,0,0,0,0,0,0,0,0,-29.399999999999977,35.6,1.3
5006.90,1780803380260,155.3,184.7,13.36901521971921,88.6,-55.38592019597958,0,12,POSITION,NONE,0,0,0,0,0,0,0,0,0,0,-29.399999999999977,35.9,1.3
5021.40,1780803380275,156.2,184.7,13.36901521971921,14.32394487827058,-53.47606087887684,0,11,POSITION,NONE,0,0,0,0,0,0,0,0,0,0,-28.5,35.9,1.3
5021.70,1780803380275,156.2,184.7,13.36901521971921,85.8,-53.47606087887684,0,11,POSITION,NONE,0,0,0,0,0,0,0,0,0,0,-28.5,36.2,1.3
5022.00,1780803380275,157,184.7,13.36901521971921,14.32394487827058,-53.47606087887684,0,11,POSITION,NONE,0,0,0,0,0,0,0,0,0,0,-27.69999999999999,36.2,1.3
5037.30,1780803380291,157,184.7,13.36901521971921,83.3,-53.47606087887684,0,11,POSITION,NONE,0,0,0,0,0,0,0,0,0,0,-27.69999999999999,36.5,1.3
5037.70,1780803380291,157.9,184.7,13.36901521971921,13.36901521971921,-52.521131220325465,0,11,POSITION,NONE,0,0,0,0,0,0,0,0,0,0,-26.799999999999983,36.5,1.3
5038.00,1780803380291,157.9,184.7,13.36901521971921,80.7,-52.521131220325465,0,11,POSITION,NONE,0,0,0,0,0,0,0,0,0,0,-26.799999999999983,36.8,1.3
5056.30,1780803380310,158.7,184.7,12.414085561167838,13.36901521971921,-52.521131220325465,0,11,POSITION,NONE,0,0,0,0,0,0,0,0,0,0,-26,36.8,1.3
5056.60,1780803380310,158.7,184.7,12.414085561167838,78.3,-52.521131220325465,0,11,POSITION,NONE,0,0,0,0,0,0,0,0,0,0,-26,37,1.3
5056.90,1780803380310,159.5,184.7,12.414085561167838,12.414085561167838,-51.5662015617741,0,11,POSITION,NONE,0,0,0,0,0,0,0,0,0,0,-25.19999999999999,37,1.3
5067.70,1780803380321,159.5,184.7,12.414085561167838,75.9,-51.5662015617741,0,11,POSITION,NONE,0,0,0,0,0,0,0,0,0,0,-25.19999999999999,37.3,1.3
5068.40,1780803380322,160.2,184.7,11.459155902616464,12.414085561167838,-51.5662015617741,0,11,POSITION,NONE,0,0,0,0,0,0,0,0,0,0,-24.5,37.3,1.3
5083.30,1780803380337,161,184.7,11.459155902616464,11.459155902616464,-50.61127190322272,0,11,POSITION,NONE,0,0,0,0,0,0,0,0,0,0,-23.69999999999999,37.3,1.3
5083.60,1780803380337,161,184.7,11.459155902616464,71.4,-50.61127190322272,0,11,POSITION,NONE,0,0,0,0,0,0,0,0,0,0,-23.69999999999999,37.7,1.3
5084.10,1780803380337,161.7,184.7,11.459155902616464,11.459155902616464,-50.61127190322272,0,10,POSITION,NONE,0,0,0,0,0,0,0,0,0,0,-23,37.7,1.3
5098.80,1780803380352,161.7,184.7,11.459155902616464,69.3,-50.61127190322272,0,10,POSITION,NONE,0,0,0,0,0,0,0,0,0,0,-23,38,1.3
5099.20,1780803380352,162.4,184.7,10.504226244065094,11.459155902616464,-48.70141258611997,0,10,POSITION,NONE,0,0,0,0,0,0,0,0,0,0,-22.299999999999983,38,1.3
5099.50,1780803380353,162.4,184.7,10.504226244065094,67.1,-48.70141258611997,0,10,POSITION,NONE,0,0,0,0,0,0,0,0,0,0,-22.299999999999983,38.2,1.3
5114.90,1780803380368,163.1,184.7,10.504226244065094,10.504226244065094,-48.70141258611997,0,10,POSITION,NONE,0,0,0,0,0,0,0,0,0,0,-21.599999999999994,38.2,1.3
5115.30,1780803380369,163.1,184.7,10.504226244065094,65.1,-48.70141258611997,0,10,POSITION,NONE,0,0,0,0,0,0,0,0,0,0,-21.599999999999994,38.4,1.3
5115.60,1780803380369,163.8,184.7,10.504226244065094,10.504226244065094,-47.74648292756861,0,10,POSITION,NONE,0,0,0,0,0,0,0,0,0,0,-20.899999999999977,38.4,1.3
5115.80,1780803380369,163.8,184.7,10.504226244065094,63,-47.74648292756861,0,10,POSITION,NONE,0,0,0,0,0,0,0,0,0,0,-20.899999999999977,38.6,1.3
5129.90,1780803380383,164.4,184.7,9.549296585513721,10.504226244065094,-46.791553269017236,0,10,POSITION,NONE,0,0,0,0,0,0,0,0,0,0,-20.299999999999983,38.6,1.3
5130.30,1780803380384,164.4,184.7,9.549296585513721,61,-46.791553269017236,0,10,POSITION,NONE,0,0,0,0,0,0,0,0,0,0,-20.299999999999983,38.8,1.3
5146.20,1780803380399,165.1,184.7,9.549296585513721,9.549296585513721,-45.83662361046586,0,10,POSITION,NONE,0,0,0,0,0,0,0,0,0,0,-19.599999999999994,38.8,1.3
5146.50,1780803380400,165.1,184.7,9.549296585513721,59.2,-45.83662361046586,0,10,POSITION,NONE,0,0,0,0,0,0,0,0,0,0,-19.599999999999994,39,1.3
5146.80,1780803380400,165.7,184.7,9.549296585513721,9.549296585513721,-44.88169395191449,0,10,POSITION,NONE,0,0,0,0,0,0,0,0,0,0,-19,39,1.3
5147.10,1780803380400,165.7,184.7,9.549296585513721,57.3,-44.88169395191449,0,10,POSITION,NONE,0,0,0,0,0,0,0,0,0,0,-19,39.2,1.3
5161.20,1780803380414,166.3,184.7,9.549296585513721,9.549296585513721,-42.97183463481174,0,10,POSITION,NONE,0,0,0,0,0,0,0,0,0,0,-18.399999999999977,39.2,1.3
5161.50,1780803380415,166.3,184.7,9.549296585513721,55.4,-42.97183463481174,0,10,POSITION,NONE,0,0,0,0,0,0,0,0,0,0,-18.399999999999977,39.4,1.3
5161.80,1780803380415,166.9,184.7,8.59436692696235,8.59436692696235,-42.01690497626038,0,10,POSITION,NONE,0,0,0,0,0,0,0,0,0,0,-17.799999999999983,39.4,1.3
5177.80,1780803380431,166.9,184.7,8.59436692696235,53.5,-42.01690497626038,0,10,POSITION,NONE,0,0,0,0,0,0,0,0,0,0,-17.799999999999983,39.6,1.3
5178.20,1780803380431,167.5,184.7,8.59436692696235,8.59436692696235,-41.061975317709,0,9,POSITION,NONE,0,0,0,0,0,0,0,0,0,0,-17.19999999999999,39.6,1.3
5178.50,1780803380432,167.5,184.7,8.59436692696235,51.8,-41.061975317709,0,9,POSITION,NONE,0,0,0,0,0,0,0,0,0,0,-17.19999999999999,39.7,1.3
5192.80,1780803380446,168.1,184.7,8.59436692696235,8.59436692696235,-40.10704565915763,0,9,POSITION,NONE,0,0,0,0,0,0,0,0,0,0,-16.599999999999994,39.7,1.3
5193.40,1780803380447,168.1,184.7,8.59436692696235,50.1,-40.10704565915763,0,9,POSITION,NONE,0,0,0,0,0,0,0,0,0,0,-16.599999999999994,39.9,1.3
5193.80,1780803380447,168.7,184.7,8.59436692696235,7.639437268410977,-39.152116000606256,0,9,POSITION,NONE,0,0,0,0,0,0,0,0,0,0,-16,39.9,1.3
5210.30,1780803380464,168.7,184.7,8.59436692696235,48.4,-39.152116000606256,0,9,POSITION,NONE,0,0,0,0,0,0,0,0,0,0,-16,40.1,1.3
5210.70,1780803380464,169.2,184.7,8.59436692696235,7.639437268410977,-37.24225668350351,0,9,POSITION,NONE,0,0,0,0,0,0,0,0,0,0,-15.5,40.1,1.3
5211.00,1780803380464,169.2,184.7,8.59436692696235,46.7,-37.24225668350351,0,9,POSITION,NONE,0,0,0,0,0,0,0,0,0,0,-15.5,40.2,1.3
5224.20,1780803380477,169.8,184.7,7.639437268410977,7.639437268410977,-36.28732702495214,0,9,POSITION,NONE,0,0,0,0,0,0,0,0,0,0,-14.899999999999977,40.2,1.3
5224.70,1780803380478,169.8,184.7,7.639437268410977,45.1,-36.28732702495214,0,9,POSITION,NONE,0,0,0,0,0,0,0,0,0,0,-14.899999999999977,40.4,1.3
5225.10,1780803380478,170.3,184.7,7.639437268410977,7.639437268410977,-35.33239736640077,0,9,POSITION,NONE,0,0,0,0,0,0,0,0,0,0,-14.399999999999977,40.4,1.3
5225.50,1780803380479,170.3,184.7,7.639437268410977,43.5,-35.33239736640077,0,9,POSITION,NONE,0,0,0,0,0,0,0,0,0,0,-14.399999999999977,40.5,1.3
5239.90,1780803380493,170.8,184.7,7.639437268410977,6.684507609859605,-34.3774677078494,0,9,POSITION,NONE,0,0,0,0,0,0,0,0,0,0,-13.899999999999977,40.5,1.3
5240.20,1780803380493,170.8,184.7,7.639437268410977,42.1,-34.3774677078494,0,9,POSITION,NONE,0,0,0,0,0,0,0,0,0,0,-13.899999999999977,40.7,1.3
5255.30,1780803380509,171.3,184.7,7.639437268410977,6.684507609859605,-32.46760839074665,0,9,POSITION,NONE,0,0,0,0,0,0,0,0,0,0,-13.399999999999977,40.7,1.3
5255.50,1780803380509,171.3,184.7,7.639437268410977,40.5,-32.46760839074665,0,9,POSITION,NONE,0,0,0,0,0,0,0,0,0,0,-13.399999999999977,40.8,1.3
5255.80,1780803380509,171.8,184.7,7.639437268410977,6.684507609859605,-30.557749073643908,0,9,POSITION,NONE,0,0,0,0,0,0,0,0,0,0,-12.899999999999977,40.8,1.3
5256.10,1780803380509,171.8,184.7,7.639437268410977,38.9,-30.557749073643908,0,9,POSITION,NONE,0,0,0,0,0,0,0,0,0,0,-12.899999999999977,40.9,1.3
5271.60,1780803380525,172.3,184.7,7.639437268410977,6.684507609859605,-29.602819415092537,0,8,POSITION,NONE,0,0,0,0,0,0,0,0,0,0,-12.399999999999977,40.9,1.3
5271.80,1780803380525,172.3,184.7,7.639437268410977,37.5,-29.602819415092537,0,8,POSITION,NONE,0,0,0,0,0,0,0,0,0,0,-12.399999999999977,41,1.3
5272.10,1780803380525,172.8,184.7,7.639437268410977,5.729577951308232,-27.69296009798979,0,8,POSITION,NONE,0,0,0,0,0,0,0,0,0,0,-11.899999999999977,41,1.3
5287.20,1780803380540,172.8,184.7,7.639437268410977,35.9,-27.69296009798979,0,8,POSITION,NONE,0,0,0,0,0,0,0,0,0,0,-11.899999999999977,41.2,1.3
5287.70,1780803380541,173.3,184.7,7.639437268410977,5.729577951308232,-26.73803043943842,0,8,POSITION,NONE,0,0,0,0,0,0,0,0,0,0,-11.399999999999977,41.2,1.3
5288.20,1780803380541,173.3,184.7,7.639437268410977,34.4,-26.73803043943842,0,8,POSITION,NONE,0,0,0,0,0,0,0,0,0,0,-11.399999999999977,41.3,1.3
5303.20,1780803380556,173.8,184.7,6.684507609859605,5.729577951308232,-24.828171122335675,0,8,POSITION,NONE,0,0,0,0,0,0,0,0,0,0,-10.899999999999977,41.3,1.3
5303.70,1780803380557,173.8,184.7,6.684507609859605,33,-24.828171122335675,0,8,POSITION,NONE,0,0,0,0,0,0,0,0,0,0,-10.899999999999977,41.4,1.3
5304.00,1780803380557,174.3,184.7,6.684507609859605,5.729577951308232,-23.873241463784304,0,8,POSITION,NONE,0,0,0,0,0,0,0,0,0,0,-10.399999999999977,41.4,1.3
5316.40,1780803380570,174.3,184.7,6.684507609859605,31.5,-23.873241463784304,0,8,POSITION,NONE,0,0,0,0,0,0,0,0,0,0,-10.399999999999977,41.5,1.3
5317.00,1780803380570,174.8,184.7,6.684507609859605,4.7746482927568605,-21.963382146681557,0,8,POSITION,NONE,0,0,0,0,0,0,0,0,0,0,-9.899999999999977,41.5,1.3
5317.70,1780803380571,174.8,184.7,6.684507609859605,30.1,-21.963382146681557,0,8,POSITION,NONE,0,0,0,0,0,0,0,0,0,0,-9.899999999999977,41.6,1.3
5332.80,1780803380586,175.2,184.7,6.684507609859605,4.7746482927568605,-21.00845248813019,0,8,POSITION,NONE,0,0,0,0,0,0,0,0,0,0,-9.5,41.6,1.3
5333.10,1780803380586,175.2,184.7,6.684507609859605,28.8,-21.00845248813019,0,8,POSITION,NONE,0,0,0,0,0,0,0,0,0,0,-9.5,41.7,1.3
5333.90,1780803380587,175.6,184.7,6.684507609859605,4.7746482927568605,-20.053522829578814,0,8,POSITION,NONE,0,0,0,0,0,0,0,0,0,0,-9.099999999999994,41.7,1.3
5348.00,1780803380601,175.6,184.7,6.684507609859605,27.4,-20.053522829578814,0,8,POSITION,NONE,0,0,0,0,0,0,0,0,0,0,-9.099999999999994,41.8,1.3
5348.40,1780803380602,176.1,184.7,6.684507609859605,4.7746482927568605,-19.098593171027442,0,8,POSITION,NONE,0,0,0,0,0,0,0,0,0,0,-8.599999999999994,41.8,1.3
5348.70,1780803380602,176.1,184.7,6.684507609859605,26.1,-19.098593171027442,0,8,POSITION,NONE,0,0,0,0,0,0,0,0,0,0,-8.599999999999994,41.9,1.3
5364.40,1780803380618,176.5,184.7,6.684507609859605,3.8197186342054885,-19.098593171027442,0,8,POSITION,NONE,0,0,0,0,0,0,0,0,0,0,-8.199999999999989,41.9,1.3
5365.00,1780803380618,176.5,184.7,6.684507609859605,24.9,-19.098593171027442,0,8,POSITION,NONE,0,0,0,0,0,0,0,0,0,0,-8.199999999999989,41.9,1.3
5366.00,1780803380619,177,184.7,6.684507609859605,3.8197186342054885,-17.1887338539247,0,7,POSITION,NONE,0,0,0,0,0,0,0,0,0,0,-7.699999999999989,41.9,1.3
5366.60,1780803380620,177,184.7,6.684507609859605,23.5,-17.1887338539247,0,7,POSITION,NONE,0,0,0,0,0,0,0,0,0,0,-7.699999999999989,42,1.3
5380.70,1780803380634,177.4,184.7,6.684507609859605,3.8197186342054885,-15.278874536821954,0,7,POSITION,NONE,0,0,0,0,0,0,0,0,0,0,-7.299999999999983,42,1.3
5381.10,1780803380634,177.4,184.7,6.684507609859605,22.2,-15.278874536821954,0,7,POSITION,NONE,0,0,0,0,0,0,0,0,0,0,-7.299999999999983,42.1,1.3
5398.40,1780803380652,177.8,184.7,6.684507609859605,3.8197186342054885,-14.32394487827058,0,7,POSITION,NONE,0,0,0,0,0,0,0,0,0,0,-6.899999999999977,42.1,1.3
5398.90,1780803380652,177.8,184.7,6.684507609859605,20.9,-14.32394487827058,0,7,POSITION,NONE,0,0,0,0,0,0,0,0,0,0,-6.899999999999977,42.1,1.3
5400.00,1780803380653,178.3,184.7,6.684507609859605,2.864788975654116,-12.414085561167838,0,7,POSITION,NONE,0,0,0,0,0,0,0,0,0,0,-6.399999999999977,42.1,1.3
5400.80,1780803380654,178.3,184.7,6.684507609859605,19.6,-12.414085561167838,0,7,POSITION,NONE,0,0,0,0,0,0,0,0,0,0,-6.399999999999977,42.2,1.2
5413.70,1780803380667,178.6,184.7,6.684507609859605,2.864788975654116,-13.36901521971921,0,7,POSITION,NONE,0,0,0,0,0,0,0,0,0,0,-6.099999999999994,42.2,1.2
5414.50,1780803380668,178.6,184.7,6.684507609859605,18.5,-13.36901521971921,0,7,POSITION,NONE,0,0,0,0,0,0,0,0,0,0,-6.099999999999994,42.3,1.2
5415.20,1780803380668,179.1,184.7,6.684507609859605,2.864788975654116,-11.459155902616464,0,7,POSITION,NONE,0,0,0,0,0,0,0,0,0,0,-5.599999999999994,42.3,1.2
5427.10,1780803380680,179.1,184.7,6.684507609859605,17.2,-11.459155902616464,0,7,POSITION,NONE,0,0,0,0,0,0,0,0,0,0,-5.599999999999994,42.3,1.2
5427.40,1780803380681,179.4,184.7,6.684507609859605,2.864788975654116,-12.414085561167838,0,7,POSITION,NONE,0,0,0,0,0,0,0,0,0,0,-5.299999999999983,42.3,1.2
5427.90,1780803380681,179.4,184.7,6.684507609859605,16.1,-12.414085561167838,0,7,POSITION,NONE,0,0,0,0,0,0,0,0,0,0,-5.299999999999983,42.4,1.2
5442.80,1780803380696,179.9,184.7,6.684507609859605,2.864788975654116,-10.504226244065094,0,7,POSITION,NONE,0,0,0,0,0,0,0,0,0,0,-4.799999999999983,42.4,1.2
5443.20,1780803380696,179.9,184.7,6.684507609859605,14.8,-10.504226244065094,0,7,POSITION,NONE,0,0,0,0,0,0,0,0,0,0,-4.799999999999983,42.4,1.2
5443.40,1780803380697,180.2,184.7,5.729577951308232,1.9098593171027443,-10.504226244065094,0,7,POSITION,NONE,0,0,0,0,0,0,0,0,0,0,-4.5,42.4,1.2
5458.00,1780803380711,180.2,184.7,5.729577951308232,13.7,-10.504226244065094,0,7,POSITION,NONE,0,0,0,0,0,0,0,0,0,0,-4.5,42.5,1.2
5458.50,1780803380712,180.6,184.7,5.729577951308232,1.9098593171027443,-9.549296585513721,0,7,POSITION,NONE,0,0,0,0,0,0,0,0,0,0,-4.099999999999994,42.5,1.2
5459.10,1780803380712,180.6,184.7,5.729577951308232,12.6,-9.549296585513721,0,7,POSITION,NONE,0,0,0,0,0,0,0,0,0,0,-4.099999999999994,42.5,1.2
5473.90,1780803380727,181,184.7,5.729577951308232,1.9098593171027443,-9.549296585513721,0,6,POSITION,NONE,0,0,0,0,0,0,0,0,0,0,-3.6999999999999886,42.5,1.2
5474.20,1780803380727,181,184.7,5.729577951308232,11.5,-9.549296585513721,0,6,POSITION,NONE,0,0,0,0,0,0,0,0,0,0,-3.6999999999999886,42.6,1.2
5474.50,1780803380728,181.3,184.7,5.729577951308232,1.9098593171027443,-9.549296585513721,0,6,POSITION,NONE,0,0,0,0,0,0,0,0,0,0,-3.3999999999999773,42.6,1.2
5489.10,1780803380742,181.3,184.7,5.729577951308232,10.4,-9.549296585513721,0,6,POSITION,NONE,0,0,0,0,0,0,0,0,0,0,-3.3999999999999773,42.6,1.2
5489.40,1780803380743,181.6,184.7,5.729577951308232,1.9098593171027443,-9.549296585513721,0,6,POSITION,NONE,0,0,0,0,0,0,0,0,0,0,-3.0999999999999943,42.6,1.2
5489.60,1780803380743,181.6,184.7,5.729577951308232,9.5,-9.549296585513721,0,6,POSITION,NONE,0,0,0,0,0,0,0,0,0,0,-3.0999999999999943,42.6,1.2
5505.00,1780803380758,181.9,184.7,5.729577951308232,0.9549296585513721,-10.504226244065094,0,6,POSITION,NONE,0,0,0,0,0,0,0,0,0,0,-2.799999999999983,42.6,1.2
5505.30,1780803380759,181.9,184.7,5.729577951308232,8.6,-10.504226244065094,0,6,POSITION,NONE,0,0,0,0,0,0,0,0,0,0,-2.799999999999983,42.6,1.2
5505.60,1780803380759,181.9,184.7,5.729577951308232,8.6,-10.504226244065094,0,6,AUTOTUNE_P,NONE,0,0,0,0,0,0,0,0,0,0,-2.799999999999983,42.6,1.2
5505.90,1780803380759,182.3,184.7,5.729577951308232,0.9549296585513721,-9.549296585513721,0,6,AUTOTUNE_P,NONE,0,0,0,0,0,0,0,0,0,0,-2.3999999999999773,42.6,1.2
5506.10,1780803380759,182.3,184.7,5.729577951308232,7.6,-9.549296585513721,0,6,AUTOTUNE_P,NONE,0,0,0,0,0,0,0,0,0,0,-2.3999999999999773,42.7,1.2
5506.60,1780803380760,182.3,184.7,5.729577951308232,7.6,-9.549296585513721,0,6,AUTOTUNE_P,NONE,0,0,0,0,0,0,0,0,0,0,-2.3999999999999773,42.7,1.2
5520.60,1780803380774,182.6,184.7,4.7746482927568605,0.9549296585513721,-10.504226244065094,0,6,AUTOTUNE_P,NONE,0,0,0,0,0,0,0,0,0,0,-2.0999999999999943,42.7,1.2
5520.80,1780803380774,182.6,184.7,4.7746482927568605,6.7,-10.504226244065094,0,6,AUTOTUNE_P,NONE,0,0,0,0,0,0,0,0,0,0,-2.0999999999999943,42.7,1.2
5521.20,1780803380774,182.9,184.7,4.7746482927568605,0.9549296585513721,-10.504226244065094,0,6,AUTOTUNE_P,NONE,0,0,0,0,0,0,0,0,0,0,-1.799999999999983,42.7,1.2
5536.50,1780803380790,182.9,184.7,4.7746482927568605,5.8,-10.504226244065094,0,6,AUTOTUNE_P,NONE,0,0,0,0,0,0,0,0,0,0,-1.799999999999983,42.7,1.2
5536.80,1780803380790,183.2,184.7,4.7746482927568605,0.9549296585513721,-10.504226244065094,0,6,AUTOTUNE_P,NONE,0,0,0,0,0,0,0,0,0,0,-1.5,42.7,1.2
5537.00,1780803380790,183.2,184.7,4.7746482927568605,4.9,-10.504226244065094,0,6,AUTOTUNE_P,NONE,0,0,0,0,0,0,0,0,0,0,-1.5,42.7,1.2
5551.90,1780803380805,183.4,184.7,4.7746482927568605,0.9549296585513721,-10.504226244065094,0,6,AUTOTUNE_P,NONE,0,0,0,0,0,0,0,0,0,0,-1.299999999999983,42.7,1.2
5552.20,1780803380805,183.4,184.7,4.7746482927568605,4.1,-10.504226244065094,0,6,AUTOTUNE_P,NONE,0,0,0,0,0,0,0,0,0,0,-1.299999999999983,42.7,1.2
5552.60,1780803380806,183.7,184.7,4.7746482927568605,0,-10.504226244065094,0,6,AUTOTUNE_P,NONE,0,0,0,0,0,0,0,0,0,0,-1,42.7,1.2
5569.70,1780803380823,183.7,184.7,4.7746482927568605,0,-10.504226244065094,0,6,AUTOTUNE_P,NONE,0,0,0,0,0,0,0,0,0,0,-1,42.7,1.2
5570.00,1780803380823,184,184.7,4.7746482927568605,0,-10.504226244065094,0,2,AUTOTUNE_P,NONE,0,0,0,0,0,0,0,0,0,0,-0.6999999999999886,42.7,1.2
5570.30,1780803380824,184,184.7,4.7746482927568605,0,-10.504226244065094,0,2,AUTOTUNE_P,NONE,0,0,0,0,0,0,0,0,0,0,-0.6999999999999886,42.7,1.2
5583.20,1780803380836,184.2,184.7,4.7746482927568605,0,-11.459155902616464,0,2,AUTOTUNE_P,NONE,0,0,0,0,0,0,0,0,0,0,-0.5,42.7,1.2
5584.00,1780803380837,184.2,184.7,4.7746482927568605,0,-11.459155902616464,0,2,AUTOTUNE_P,NONE,0,0,0,0,0,0,0,0,0,0,-0.5,42.7,1.2
5584.80,1780803380838,184.4,184.7,3.8197186342054885,0,-11.459155902616464,0,2,AUTOTUNE_P,NONE,0,0,0,0,0,0,0,0,0,0,-0.29999999999998295,42.7,1.2
5585.40,1780803380839,184.4,184.7,3.8197186342054885,0,-11.459155902616464,0,2,AUTOTUNE_P,NONE,0,0,0,0,0,0,0,0,0,0,-0.29999999999998295,42.7,1.2
5598.40,1780803380852,184.6,184.7,3.8197186342054885,0,-13.36901521971921,0,2,AUTOTUNE_P,NONE,0,0,0,0,0,0,0,0,0,0,-0.09999999999999432,42.7,1.2
5598.60,1780803380852,184.6,184.7,3.8197186342054885,0,-13.36901521971921,0,2,AUTOTUNE_P,NONE,0,0,0,0,0,0,0,0,0,0,-0.09999999999999432,42.7,1.2
5613.30,1780803380867,184.8,184.7,3.8197186342054885,0,-14.32394487827058,0,2,AUTOTUNE_P,NONE,0,0,0,0,0,0,0,0,0,0,0.10000000000002274,42.7,1.2
5613.50,1780803380867,184.8,184.7,3.8197186342054885,0,-14.32394487827058,0,2,AUTOTUNE_P,NONE,0,0,0,0,0,0,0,0,0,0,0.10000000000002274,42.7,1.2
5613.80,1780803380867,184.9,184.7,2.864788975654116,0,-16.233804195373324,0,2,AUTOTUNE_P,NONE,0,0,0,0,0,0,0,0,0,0,0.20000000000001705,42.7,1.2
5614.10,1780803380867,184.9,184.7,2.864788975654116,0,-16.233804195373324,0,2,AUTOTUNE_P,NONE,0,0,0,0,0,0,0,0,0,0,0.20000000000001705,42.7,1.2
5628.50,1780803380882,185,184.7,2.864788975654116,0,-18.14366351247607,0,2,AUTOTUNE_P,NONE,0,0,0,0,0,0,0,0,0,0,0.30000000000001137,42.7,1.2
5628.90,1780803380882,185,184.7,2.864788975654116,0,-18.14366351247607,0,2,AUTOTUNE_P,NONE,0,0,0,0,0,0,0,0,0,0,0.30000000000001137,42.7,1.2
5643.50,1780803380897,185,184.7,1.9098593171027443,0,-21.00845248813019,0,2,AUTOTUNE_P,NONE,0,0,0,0,0,0,0,0,0,0,0.30000000000001137,42.7,1.2
5643.80,1780803380897,185,184.7,1.9098593171027443,0,-21.00845248813019,0,2,AUTOTUNE_P,NONE,0,0,0,0,0,0,0,0,0,0,0.30000000000001137,42.7,1.2
5644.00,1780803380897,185.1,184.7,1.9098593171027443,0,-22.91831180523293,0,2,AUTOTUNE_P,NONE,0,0,0,0,0,0,0,0,0,0,0.4000000000000057,42.7,1.2
5644.30,1780803380898,185.1,184.7,1.9098593171027443,0,-22.91831180523293,0,2,AUTOTUNE_P,NONE,0,0,0,0,0,0,0,0,0,0,0.4000000000000057,42.7,1.2
5659.60,1780803380913,185.1,184.7,0.9549296585513721,0,-24.828171122335675,0,2,AUTOTUNE_P,NONE,0,0,0,0,0,0,0,0,0,0,0.4000000000000057,42.7,1.2
5659.90,1780803380913,185.1,184.7,0.9549296585513721,0,-24.828171122335675,0,2,AUTOTUNE_P,NONE,0,0,0,0,0,0,0,0,0,0,0.4000000000000057,42.7,1.1
5675.90,1780803380929,185.1,184.7,0.9549296585513721,0,-24.828171122335675,0,2,AUTOTUNE_P,NONE,0,0,0,0,0,0,0,0,0,0,0.4000000000000057,42.7,1.1
5676.20,1780803380930,185.1,184.7,0.9549296585513721,0,-24.828171122335675,0,2,AUTOTUNE_P,NONE,0,0,0,0,0,0,0,0,0,0,0.4000000000000057,42.7,1.1
5676.60,1780803380930,185.1,184.7,0,0,-25.78310078088705,0,2,AUTOTUNE_P,NONE,0,0,0,0,0,0,0,0,0,0,0.4000000000000057,42.7,1.1
5676.80,1780803380930,185.1,184.7,0,0,-25.78310078088705,0,2,AUTOTUNE_P,NONE,0,0,0,0,0,0,0,0,0,0,0.4000000000000057,42.7,1.1
5691.00,1780803380944,185.1,184.7,0,0,-26.73803043943842,0,2,AUTOTUNE_P,NONE,0,0,0,0,0,0,0,0,0,0,0.4000000000000057,42.7,1.1
5691.90,1780803380945,185.1,184.7,0,0,-26.73803043943842,0,2,AUTOTUNE_P,NONE,0,0,0,0,0,0,0,0,0,0,0.4000000000000057,42.7,1.1
5692.40,1780803380946,185.1,184.7,0,0,-26.73803043943842,0,2,AUTOTUNE_P,NONE,0,0,0,0,0,0,0,0,0,0,0.4000000000000057,42.7,1.1
5706.90,1780803380960,185.1,184.7,0,0,-26.73803043943842,0,2,AUTOTUNE_P,NONE,0,0,0,0,0,0,0,0,0,0,0.4000000000000057,42.7,1.1
5707.30,1780803380960,185.1,184.7,0,0,-26.73803043943842,0,2,AUTOTUNE_P,NONE,0,0,0,0,0,0,0,0,0,0,0.4000000000000057,42.7,1.1
5707.50,1780803380961,185.1,184.7,0,0,-26.73803043943842,0,2,AUTOTUNE_P,NONE,0,0,0,0,0,0,0,0,0,0,0.4000000000000057,42.7,1.1
5722.60,1780803380976,185.1,184.7,-0.9549296585513721,0,-25.78310078088705,0,2,AUTOTUNE_P,NONE,0,0,0,0,0,0,0,0,0,0,0.4000000000000057,42.7,1.1
5723.10,1780803380976,185.1,184.7,-0.9549296585513721,0,-25.78310078088705,0,2,AUTOTUNE_P,NONE,0,0,0,0,0,0,0,0,0,0,0.4000000000000057,42.7,1.1
5723.40,1780803380977,185.1,184.7,-0.9549296585513721,0,-24.828171122335675,0,2,AUTOTUNE_P,NONE,0,0,0,0,0,0,0,0,0,0,0.4000000000000057,42.7,1.1
5738.20,1780803380992,185.1,184.7,-0.9549296585513721,0,-24.828171122335675,0,2,AUTOTUNE_P,NONE,0,0,0,0,0,0,0,0,0,0,0.4000000000000057,42.7,1.1
5738.70,1780803380992,185.1,184.7,-0.9549296585513721,0,-23.873241463784304,0,2,AUTOTUNE_P,NONE,0,0,0,0,0,0,0,0,0,0,0.4000000000000057,42.7,1.1
5738.90,1780803380992,185.1,184.7,-0.9549296585513721,0,-23.873241463784304,0,2,AUTOTUNE_P,NONE,0,0,0,0,0,0,0,0,0,0,0.4000000000000057,42.7,1.2
5753.20,1780803381006,185.1,184.7,-0.9549296585513721,0,-22.91831180523293,0,2,AUTOTUNE_P,NONE,0,0,0,0,0,0,0,0,0,0,0.4000000000000057,42.7,1.2
5753.50,1780803381007,185.1,184.7,-0.9549296585513721,0,-22.91831180523293,0,2,AUTOTUNE_P,NONE,0,0,0,0,0,0,0,0,0,0,0.4000000000000057,42.7,1.2
5753.80,1780803381007,185.1,184.7,-0.9549296585513721,0,-21.963382146681557,0,2,AUTOTUNE_P,NONE,0,0,0,0,0,0,0,0,0,0,0.4000000000000057,42.7,1.2
5754.00,1780803381007,185.1,184.7,-0.9549296585513721,0,-21.963382146681557,0,2,AUTOTUNE_P,NONE,0,0,0,0,0,0,0,0,0,0,0.4000000000000057,42.7,1.2
5769.00,1780803381022,185.1,184.7,-0.9549296585513721,0,-20.053522829578814,0,2,AUTOTUNE_P,NONE,0,0,0,0,0,0,0,0,0,0,0.4000000000000057,42.7,1.2
5769.30,1780803381023,185.1,184.7,-0.9549296585513721,0,-20.053522829578814,0,2,AUTOTUNE_P,NONE,0,0,0,0,0,0,0,0,0,0,0.4000000000000057,42.7,1.2
5785.40,1780803381039,185.1,184.7,-0.9549296585513721,0,-19.098593171027442,0,2,AUTOTUNE_P,NONE,0,0,0,0,0,0,0,0,0,0,0.4000000000000057,42.7,1.2
5785.80,1780803381039,185.1,184.7,-0.9549296585513721,0,-19.098593171027442,0,2,AUTOTUNE_P,NONE,0,0,0,0,0,0,0,0,0,0,0.4000000000000057,42.7,1.2
5786.30,1780803381039,185.1,184.7,-0.9549296585513721,0,-17.1887338539247,0,2,AUTOTUNE_P,NONE,0,0,0,0,0,0,0,0,0,0,0.4000000000000057,42.7,1.2
5786.50,1780803381040,185.1,184.7,-0.9549296585513721,0,-17.1887338539247,0,2,AUTOTUNE_P,NONE,0,0,0,0,0,0,0,0,0,0,0.4000000000000057,42.7,1.2
5800.10,1780803381053,185.1,184.7,-0.9549296585513721,0,-16.233804195373324,0,2,AUTOTUNE_P,NONE,0,0,0,0,0,0,0,0,0,0,0.4000000000000057,42.7,1.2
5801.00,1780803381054,185.1,184.7,-0.9549296585513721,0,-16.233804195373324,0,2,AUTOTUNE_P,NONE,0,0,0,0,0,0,0,0,0,0,0.4000000000000057,42.7,1.2
5815.80,1780803381069,185.1,184.7,-0.9549296585513721,0,-14.32394487827058,0,2,AUTOTUNE_P,NONE,0,0,0,0,0,0,0,0,0,0,0.4000000000000057,42.7,1.2
5816.40,1780803381070,185.1,184.7,-0.9549296585513721,0,-14.32394487827058,0,2,AUTOTUNE_P,NONE,0,0,0,0,0,0,0,0,0,0,0.4000000000000057,42.7,1.2
5817.00,1780803381070,185.1,184.7,-0.9549296585513721,0,-13.36901521971921,0,2,AUTOTUNE_P,NONE,0,0,0,0,0,0,0,0,0,0,0.4000000000000057,42.7,1.2
5817.40,1780803381071,185.1,184.7,-0.9549296585513721,0,-13.36901521971921,0,2,AUTOTUNE_P,NONE,0,0,0,0,0,0,0,0,0,0,0.4000000000000057,42.7,1.2
5830.90,1780803381084,185.1,184.7,-0.9549296585513721,0,-11.459155902616464,0,2,AUTOTUNE_P,NONE,0,0,0,0,0,0,0,0,0,0,0.4000000000000057,42.7,1.2
5831.40,1780803381085,185.1,184.7,-0.9549296585513721,0,-11.459155902616464,0,2,AUTOTUNE_P,NONE,0,0,0,0,0,0,0,0,0,0,0.4000000000000057,42.7,1.2
5831.70,1780803381085,185.1,184.7,-0.9549296585513721,0,-10.504226244065094,0,2,AUTOTUNE_P,NONE,0,0,0,0,0,0,0,0,0,0,0.4000000000000057,42.7,1.2
5846.10,1780803381099,185.1,184.7,-0.9549296585513721,0,-10.504226244065094,0,2,AUTOTUNE_P,NONE,0,0,0,0,0,0,0,0,0,0,0.4000000000000057,42.7,1.2
5846.40,1780803381100,185.1,184.7,-0.9549296585513721,0,-8.59436692696235,0,2,AUTOTUNE_P,NONE,0,0,0,0,0,0,0,0,0,0,0.4000000000000057,42.7,1.2
5846.90,1780803381100,185.1,184.7,-0.9549296585513721,0,-8.59436692696235,0,2,AUTOTUNE_P,NONE,0,0,0,0,0,0,0,0,0,0,0.4000000000000057,42.7,1.2
5862.50,1780803381116,185.1,184.7,-0.9549296585513721,0,-7.639437268410977,0,2,AUTOTUNE_P,NONE,0,0,0,0,0,0,0,0,0,0,0.4000000000000057,42.7,1.2
5863.40,1780803381117,185.1,184.7,-0.9549296585513721,0,-7.639437268410977,0,2,AUTOTUNE_P,NONE,0,0,0,0,0,0,0,0,0,0,0.4000000000000057,42.7,1.2
5864.10,1780803381117,185.1,184.7,-0.9549296585513721,0,-6.684507609859605,0,2,AUTOTUNE_P,NONE,0,0,0,0,0,0,0,0,0,0,0.4000000000000057,42.7,1.2
5876.90,1780803381130,185.1,184.7,-0.9549296585513721,0,-6.684507609859605,0,2,AUTOTUNE_P,NONE,0,0,0,0,0,0,0,0,0,0,0.4000000000000057,42.7,1.2
5877.30,1780803381131,185.1,184.7,-0.9549296585513721,0,-5.729577951308232,0,2,AUTOTUNE_P,NONE,0,0,0,0,0,0,0,0,0,0,0.4000000000000057,42.7,1.2
5877.60,1780803381131,185.1,184.7,-0.9549296585513721,0,-5.729577951308232,0,2,AUTOTUNE_P,NONE,0,0,0,0,0,0,0,0,0,0,0.4000000000000057,42.7,1.2
5893.60,1780803381147,185.1,184.7,-0.9549296585513721,0,-3.8197186342054885,0,2,AUTOTUNE_P,NONE,0,0,0,0,0,0,0,0,0,0,0.4000000000000057,42.7,1.2
5893.80,1780803381147,185.1,184.7,-0.9549296585513721,0,-3.8197186342054885,0,2,AUTOTUNE_P,NONE,0,0,0,0,0,0,0,0,0,0,0.4000000000000057,42.7,1.2
5894.20,1780803381147,185.1,184.7,0,0,-2.864788975654116,0,2,AUTOTUNE_P,NONE,0,0,0,0,0,0,0,0,0,0,0.4000000000000057,42.7,1.2
5907.70,1780803381161,185.1,184.7,0,0,-2.864788975654116,0,2,AUTOTUNE_P,NONE,0,0,0,0,0,0,0,0,0,0,0.4000000000000057,42.7,1.2
5908.70,1780803381162,185.1,184.7,0,0,-1.9098593171027443,0,2,AUTOTUNE_P,NONE,0,0,0,0,0,0,0,0,0,0,0.4000000000000057,42.7,1.2
5909.40,1780803381163,185.1,184.7,0,0,-1.9098593171027443,0,2,AUTOTUNE_P,NONE,0,0,0,0,0,0,0,0,0,0,0.4000000000000057,42.7,1.2
5923.80,1780803381177,185.1,184.7,0,0,-0.9549296585513721,0,2,AUTOTUNE_P,NONE,0,0,0,0,0,0,0,0,0,0,0.4000000000000057,42.7,1.2
5924.70,1780803381178,185.1,184.7,0,0,-0.9549296585513721,0,2,AUTOTUNE_P,NONE,0,0,0,0,0,0,0,0,0,0,0.4000000000000057,42.7,1.2
5925.50,1780803381179,185.1,184.7,0,0,-0.9549296585513721,0,2,AUTOTUNE_P,NONE,0,0,0,0,0,0,0,0,0,0,0.4000000000000057,42.7,1.2
5926.00,1780803381179,185.1,184.7,0,0,-0.9549296585513721,0,2,AUTOTUNE_P,NONE,0,0,0,0,0,0,0,0,0,0,0.4000000000000057,42.7,1.2
5939.50,1780803381193,185.1,184.7,0,0,0,0,2,AUTOTUNE_P,NONE,0,0,0,0,0,0,0,0,0,0,0.4000000000000057,42.7,1.2
5940.20,1780803381193,185.1,184.7,0,0,0,0,2,AUTOTUNE_P,NONE,0,0,0,0,0,0,0,0,0,0,0.4000000000000057,42.7,1.2
5955.30,1780803381209,185.1,184.7,0,0,0.9549296585513721,0,2,AUTOTUNE_P,NONE,0,0,0,0,0,0,0,0,0,0,0.4000000000000057,42.7,1.2
5955.60,1780803381209,185.1,184.7,0,0,0.9549296585513721,0,2,AUTOTUNE_P,NONE,0,0,0,0,0,0,0,0,0,0,0.4000000000000057,42.7,1.2
5955.80,1780803381209,185.1,184.7,0,0,0.9549296585513721,0,2,AUTOTUNE_P,NONE,0,0,0,0,0,0,0,0,0,0,0.4000000000000057,42.7,1.2
5956.10,1780803381209,185.1,184.7,0,0,0.9549296585513721,0,2,AUTOTUNE_P,NONE,0,0,0,0,0,0,0,0,0,0,0.4000000000000057,42.7,1.2
5970.80,1780803381224,185.1,184.7,0,0,1.9098593171027443,0,2,AUTOTUNE_P,NONE,0,0,0,0,0,0,0,0,0,0,0.4000000000000057,42.7,1.2
5971.40,1780803381225,185.1,184.7,0,0,1.9098593171027443,0,2,AUTOTUNE_P,NONE,0,0,0,0,0,0,0,0,0,0,0.4000000000000057,42.7,1.2
5972.00,1780803381225,185.1,184.7,0,0,2.864788975654116,0,2,AUTOTUNE_P,NONE,0,0,0,0,0,0,0,0,0,0,0.4000000000000057,42.7,1.2
5986.70,1780803381240,185.1,184.7,0,0,2.864788975654116,0,2,AUTOTUNE_P,NONE,0,0,0,0,0,0,0,0,0,0,0.4000000000000057,42.7,1.2
5987.30,1780803381241,185.1,184.7,0,0,2.864788975654116,0,2,AUTOTUNE_P,NONE,0,0,0,0,0,0,0,0,0,0,0.4000000000000057,42.7,1.2
5987.60,1780803381241,185.1,184.7,0,0,2.864788975654116,0,2,AUTOTUNE_P,NONE,0,0,0,0,0,0,0,0,0,0,0.4000000000000057,42.7,1.2
6002.20,1780803381255,185.1,184.7,0,0,2.864788975654116,0,2,AUTOTUNE_P,NONE,0,0,0,0,0,0,0,0,0,0,0.4000000000000057,42.7,1.2
6002.60,1780803381256,185.1,184.7,0,0,2.864788975654116,0,2,AUTOTUNE_P,NONE,0,0,0,0,0,0,0,0,0,0,0.4000000000000057,42.7,1.2
6003.00,1780803381256,185.1,184.7,0,0,3.8197186342054885,0,2,AUTOTUNE_P,NONE,0,0,0,0,0,0,0,0,0,0,0.4000000000000057,42.7,1.2
6017.70,1780803381271,185.1,184.7,0,0,3.8197186342054885,0,2,AUTOTUNE_P,NONE,0,0,0,0,0,0,0,0,0,0,0.4000000000000057,42.7,1.2
6018.00,1780803381271,185.1,184.7,0,0,3.8197186342054885,0,2,AUTOTUNE_P,NONE,0,0,0,0,0,0,0,0,0,0,0.4000000000000057,42.7,1.2
6018.40,1780803381272,185.1,184.7,0,0,3.8197186342054885,0,2,AUTOTUNE_P,NONE,0,0,0,0,0,0,0,0,0,0,0.4000000000000057,42.7,1.2
6033.10,1780803381286,185.1,184.7,0,0,3.8197186342054885,0,2,AUTOTUNE_P,NONE,0,0,0,0,0,0,0,0,0,0,0.4000000000000057,42.7,1.2
6034.00,1780803381287,185.1,184.7,0,0,3.8197186342054885,0,2,AUTOTUNE_P,NONE,0,0,0,0,0,0,0,0,0,0,0.4000000000000057,42.7,1.2
6034.40,1780803381288,185.1,184.7,0,0,4.7746482927568605,0,2,AUTOTUNE_P,NONE,0,0,0,0,0,0,0,0,0,0,0.4000000000000057,42.7,1.2
6034.90,1780803381288,185.1,184.7,0,0,4.7746482927568605,0,2,AUTOTUNE_P,NONE,0,0,0,0,0,0,0,0,0,0,0.4000000000000057,42.7,1.2
6048.20,1780803381302,185.1,184.7,0,0,4.7746482927568605,0,2,AUTOTUNE_P,NONE,0,0,0,0,0,0,0,0,0,0,0.4000000000000057,42.7,1.2
6048.80,1780803381302,185.1,184.7,0,0,4.7746482927568605,0,2,AUTOTUNE_P,NONE,0,0,0,0,0,0,0,0,0,0,0.4000000000000057,42.7,1.2
6063.70,1780803381317,185.1,184.7,0,0,4.7746482927568605,0,2,AUTOTUNE_P,NONE,0,0,0,0,0,0,0,0,0,0,0.4000000000000057,42.7,1.2
6064.30,1780803381318,185.1,184.7,0,0,4.7746482927568605,0,2,AUTOTUNE_P,NONE,0,0,0,0,0,0,0,0,0,0,0.4000000000000057,42.7,1.2
6064.50,1780803381318,185.1,184.7,0,0,4.7746482927568605,0,2,AUTOTUNE_P,NONE,0,0,0,0,0,0,0,0,0,0,0.4000000000000057,42.7,1.2
6064.80,1780803381318,185.1,184.7,0,0,4.7746482927568605,0,2,AUTOTUNE_P,NONE,0,0,0,0,0,0,0,0,0,0,0.4000000000000057,42.7,1.2
6079.60,1780803381333,185.1,184.7,0,0,4.7746482927568605,0,2,AUTOTUNE_P,NONE,0,0,0,0,0,0,0,0,0,0,0.4000000000000057,42.7,1.2
6080.10,1780803381333,185.1,184.7,0,0,4.7746482927568605,0,2,AUTOTUNE_P,NONE,0,0,0,0,0,0,0,0,0,0,0.4000000000000057,42.7,1.2
6095.00,1780803381348,185.1,184.7,0,0,4.7746482927568605,0,2,AUTOTUNE_P,NONE,0,0,0,0,0,0,0,0,0,0,0.4000000000000057,42.7,1.2
6095.50,1780803381349,185.1,184.7,0,0,4.7746482927568605,0,2,AUTOTUNE_P,NONE,0,0,0,0,0,0,0,0,0,0,0.4000000000000057,42.7,1.2
6095.80,1780803381349,185.1,184.7,0,0,4.7746482927568605,0,2,AUTOTUNE_P,NONE,0,0,0,0,0,0,0,0,0,0,0.4000000000000057,42.7,1.2
6096.10,1780803381349,185.1,184.7,0,0,4.7746482927568605,0,2,AUTOTUNE_P,NONE,0,0,0,0,0,0,0,0,0,0,0.4000000000000057,42.7,1.2
6111.20,1780803381364,185.1,184.7,0,0,4.7746482927568605,0,2,AUTOTUNE_P,NONE,0,0,0,0,0,0,0,0,0,0,0.4000000000000057,42.7,1.2
6111.70,1780803381365,185.1,184.7,0,0,4.7746482927568605,0,2,AUTOTUNE_P,NONE,0,0,0,0,0,0,0,0,0,0,0.4000000000000057,42.7,1.2
6112.00,1780803381365,185.1,184.7,0,0,4.7746482927568605,0,2,AUTOTUNE_P,NONE,0,0,0,0,0,0,0,0,0,0,0.4000000000000057,42.7,1.2
6126.10,1780803381379,185.1,184.7,0,0,4.7746482927568605,0,2,AUTOTUNE_P,NONE,0,0,0,0,0,0,0,0,0,0,0.4000000000000057,42.7,1.2
6130.40,1780803381384,185.1,184.7,0,0,4.7746482927568605,0,2,AUTOTUNE_P,NONE,0,0,0,0,0,0,0,0,0,0,0.4000000000000057,42.7,1.2
6130.90,1780803381384,185.1,184.7,0,0,4.7746482927568605,0,2,AUTOTUNE_P,NONE,0,0,0,0,0,0,0,0,0,0,0.4000000000000057,42.7,1.2
6141.70,1780803381395,185.1,184.7,0,0,4.7746482927568605,0,2,AUTOTUNE_P,NONE,0,0,0,0,0,0,0,0,0,0,0.4000000000000057,42.7,1.2
6142.70,1780803381396,185.1,184.7,0,0,4.7746482927568605,0,2,AUTOTUNE_P,NONE,0,0,0,0,0,0,0,0,0,0,0.4000000000000057,42.7,1.2
6143.10,1780803381396,185.1,184.7,0,0,4.7746482927568605,0,2,AUTOTUNE_P,NONE,0,0,0,0,0,0,0,0,0,0,0.4000000000000057,42.7,1.2
6156.40,1780803381410,185.1,184.7,0,0,4.7746482927568605,0,2,AUTOTUNE_P,NONE,0,0,0,0,0,0,0,0,0,0,0.4000000000000057,42.7,1.2
6156.70,1780803381410,185.1,184.7,0,0,4.7746482927568605,0,2,AUTOTUNE_P,NONE,0,0,0,0,0,0,0,0,0,0,0.4000000000000057,42.7,1.2
6157.50,1780803381411,185.1,184.7,0,0,4.7746482927568605,0,2,AUTOTUNE_P,NONE,0,0,0,0,0,0,0,0,0,0,0.4000000000000057,42.7,1.2
6171.90,1780803381425,185.1,184.7,0,0,4.7746482927568605,0,2,AUTOTUNE_P,NONE,0,0,0,0,0,0,0,0,0,0,0.4000000000000057,42.7,1.2
6172.40,1780803381426,185.1,184.7,0,0,4.7746482927568605,0,2,AUTOTUNE_P,NONE,0,0,0,0,0,0,0,0,0,0,0.4000000000000057,42.7,1.2
6173.10,1780803381426,185.1,184.7,0,0,4.7746482927568605,0,2,AUTOTUNE_P,NONE,0,0,0,0,0,0,0,0,0,0,0.4000000000000057,42.7,1.2
6186.90,1780803381440,185.1,184.7,0,0,4.7746482927568605,0,2,AUTOTUNE_P,NONE,0,0,0,0,0,0,0,0,0,0,0.4000000000000057,42.7,1.2
6187.30,1780803381441,185.1,184.7,0,0,4.7746482927568605,0,2,AUTOTUNE_P,NONE,0,0,0,0,0,0,0,0,0,0,0.4000000000000057,42.7,1.2
6187.90,1780803381441,185.1,184.7,0,0,4.7746482927568605,0,2,AUTOTUNE_P,NONE,0,0,0,0,0,0,0,0,0,0,0.4000000000000057,42.7,1.2
6202.10,1780803381455,185.1,184.7,0,0,4.7746482927568605,0,2,AUTOTUNE_P,NONE,0,0,0,0,0,0,0,0,0,0,0.4000000000000057,42.7,1.2
6202.40,1780803381456,185.1,184.7,0,0,4.7746482927568605,0,2,AUTOTUNE_P,NONE,0,0,0,0,0,0,0,0,0,0,0.4000000000000057,42.7,1.2
6202.60,1780803381456,185.1,184.7,0,0,4.7746482927568605,0,2,AUTOTUNE_P,NONE,0,0,0,0,0,0,0,0,0,0,0.4000000000000057,42.7,1.2
6218.20,1780803381471,185.1,184.7,0,0,4.7746482927568605,0,2,AUTOTUNE_P,NONE,0,0,0,0,0,0,0,0,0,0,0.4000000000000057,42.7,1.2
6218.50,1780803381472,185.1,184.7,0,0,4.7746482927568605,0,2,AUTOTUNE_P,NONE,0,0,0,0,0,0,0,0,0,0,0.4000000000000057,42.7,1.2
6218.70,1780803381472,185.1,184.7,0,0,4.7746482927568605,0,2,AUTOTUNE_P,NONE,0,0,0,0,0,0,0,0,0,0,0.4000000000000057,42.7,1.2
6232.60,1780803381486,185.1,184.7,0,0,4.7746482927568605,0,2,AUTOTUNE_P,NONE,0,0,0,0,0,0,0,0,0,0,0.4000000000000057,42.7,1.2
6233.50,1780803381487,185.1,184.7,0,0,4.7746482927568605,0,2,AUTOTUNE_P,NONE,0,0,0,0,0,0,0,0,0,0,0.4000000000000057,42.7,1.2
6234.20,1780803381487,185.1,184.7,0,0,3.8197186342054885,0,2,AUTOTUNE_P,NONE,0,0,0,0,0,0,0,0,0,0,0.4000000000000057,42.7,1.2
6234.70,1780803381488,185.1,184.7,0,0,3.8197186342054885,0,2,AUTOTUNE_P,NONE,0,0,0,0,0,0,0,0,0,0,0.4000000000000057,42.7,1.2
6247.70,1780803381501,185.1,184.7,0,0,3.8197186342054885,0,2,AUTOTUNE_P,NONE,0,0,0,0,0,0,0,0,0,0,0.4000000000000057,42.7,1.2
6248.00,1780803381501,185.1,184.7,0,0,3.8197186342054885,0,2,AUTOTUNE_P,NONE,0,0,0,0,0,0,0,0,0,0,0.4000000000000057,42.7,1.2
6263.00,1780803381516,185.1,184.7,0,0,3.8197186342054885,0,2,AUTOTUNE_P,NONE,0,0,0,0,0,0,0,0,0,0,0.4000000000000057,42.7,1.2
6263.20,1780803381517,185.1,184.7,0,0,3.8197186342054885,0,2,AUTOTUNE_P,NONE,0,0,0,0,0,0,0,0,0,0,0.4000000000000057,42.7,1.2
6263.50,1780803381517,185.1,184.7,0,0,3.8197186342054885,0,2,AUTOTUNE_P,NONE,0,0,0,0,0,0,0,0,0,0,0.4000000000000057,42.7,1.2
6263.80,1780803381517,185.1,184.7,0,0,3.8197186342054885,0,2,AUTOTUNE_P,NONE,0,0,0,0,0,0,0,0,0,0,0.4000000000000057,42.7,1.2
6278.60,1780803381532,185.1,184.7,0,0,3.8197186342054885,0,2,AUTOTUNE_P,NONE,0,0,0,0,0,0,0,0,0,0,0.4000000000000057,42.7,1.2
6279.00,1780803381532,185.1,184.7,0,0,3.8197186342054885,0,2,AUTOTUNE_P,NONE,0,0,0,0,0,0,0,0,0,0,0.4000000000000057,42.7,1.2
6294.80,1780803381548,185.1,184.7,0,0,3.8197186342054885,0,2,AUTOTUNE_P,NONE,0,0,0,0,0,0,0,0,0,0,0.4000000000000057,42.7,1.2
6295.40,1780803381549,185.1,184.7,0,0,3.8197186342054885,0,2,AUTOTUNE_P,NONE,0,0,0,0,0,0,0,0,0,0,0.4000000000000057,42.7,1.2
6295.80,1780803381549,185.1,184.7,0,0,3.8197186342054885,0,2,AUTOTUNE_P,NONE,0,0,0,0,0,0,0,0,0,0,0.4000000000000057,42.7,1.2
6296.10,1780803381549,185.1,184.7,0,0,3.8197186342054885,0,2,AUTOTUNE_P,NONE,0,0,0,0,0,0,0,0,0,0,0.4000000000000057,42.7,1.2
6310.80,1780803381564,185.1,184.7,0,0,3.8197186342054885,0,2,AUTOTUNE_P,NONE,0,0,0,0,0,0,0,0,0,0,0.4000000000000057,42.7,1.2
6311.50,1780803381565,185.1,184.7,0,0,3.8197186342054885,0,2,AUTOTUNE_P,NONE,0,0,0,0,0,0,0,0,0,0,0.4000000000000057,42.7,1.2
6312.40,1780803381566,185.1,184.7,0,0,3.8197186342054885,0,2,AUTOTUNE_P,NONE,0,0,0,0,0,0,0,0,0,0,0.4000000000000057,42.7,1.2
6326.50,1780803381580,185.1,184.7,0,0,3.8197186342054885,0,2,AUTOTUNE_P,NONE,0,0,0,0,0,0,0,0,0,0,0.4000000000000057,42.7,1.2
6327.40,1780803381581,185.1,184.7,0,0,2.864788975654116,0,2,AUTOTUNE_P,NONE,0,0,0,0,0,0,0,0,0,0,0.4000000000000057,42.7,1.2
6328.00,1780803381581,185.1,184.7,0,0,2.864788975654116,0,2,AUTOTUNE_P,NONE,0,0,0,0,0,0,0,0,0,0,0.4000000000000057,42.7,1.2
6341.40,1780803381595,185.1,184.7,0,0,2.864788975654116,0,2,AUTOTUNE_P,NONE,0,0,0,0,0,0,0,0,0,0,0.4000000000000057,42.7,1.2
6342.10,1780803381595,185.1,184.7,0,0,2.864788975654116,0,2,AUTOTUNE_P,NONE,0,0,0,0,0,0,0,0,0,0,0.4000000000000057,42.7,1.2
6342.60,1780803381596,185.1,184.7,0,0,2.864788975654116,0,2,AUTOTUNE_P,NONE,0,0,0,0,0,0,0,0,0,0,0.4000000000000057,42.7,1.2
6356.80,1780803381610,185.1,184.7,0,0,2.864788975654116,0,2,AUTOTUNE_P,NONE,0,0,0,0,0,0,0,0,0,0,0.4000000000000057,42.7,1.2
6358.00,1780803381611,185.1,184.7,0,0,2.864788975654116,0,2,AUTOTUNE_P,NONE,0,0,0,0,0,0,0,0,0,0,0.4000000000000057,42.7,1.2
6358.80,1780803381612,185.1,184.7,0,0,2.864788975654116,0,2,AUTOTUNE_P,NONE,0,0,0,0,0,0,0,0,0,0,0.4000000000000057,42.7,1.2
6372.00,1780803381625,185.1,184.7,0,0,2.864788975654116,0,2,AUTOTUNE_P,NONE,0,0,0,0,0,0,0,0,0,0,0.4000000000000057,42.7,1.2
6372.90,1780803381626,185.1,184.7,0,0,2.864788975654116,0,2,AUTOTUNE_P,NONE,0,0,0,0,0,0,0,0,0,0,0.4000000000000057,42.7,1.2
6374.40,1780803381628,185.1,184.7,0,0,2.864788975654116,0,2,AUTOTUNE_P,NONE,0,0,0,0,0,0,0,0,0,0,0.4000000000000057,42.7,1.2
6387.10,1780803381640,185.1,184.7,0,0,2.864788975654116,0,2,AUTOTUNE_P,NONE,0,0,0,0,0,0,0,0,0,0,0.4000000000000057,42.7,1.2
6387.40,1780803381641,185.1,184.7,0,0,3.8197186342054885,0,2,AUTOTUNE_P,NONE,0,0,0,0,0,0,0,0,0,0,0.4000000000000057,42.7,1.2
6387.70,1780803381641,185.1,184.7,0,0,3.8197186342054885,0,2,AUTOTUNE_P,NONE,0,0,0,0,0,0,0,0,0,0,0.4000000000000057,42.7,1.2
6402.40,1780803381656,185.1,184.7,0,0,3.8197186342054885,0,2,AUTOTUNE_P,NONE,0,0,0,0,0,0,0,0,0,0,0.4000000000000057,42.7,1.2
6403.10,1780803381656,185.1,184.7,0,0,3.8197186342054885,0,2,AUTOTUNE_P,NONE,0,0,0,0,0,0,0,0,0,0,0.4000000000000057,42.7,1.2
6403.70,1780803381657,185.1,184.7,0,0,2.864788975654116,0,2,AUTOTUNE_P,NONE,0,0,0,0,0,0,0,0,0,0,0.4000000000000057,42.7,1.2
6404.10,1780803381657,185.1,184.7,0,0,2.864788975654116,0,2,AUTOTUNE_P,NONE,0,0,0,0,0,0,0,0,0,0,0.4000000000000057,42.7,1.2
6423.70,1780803381677,185.1,184.7,0,0,2.864788975654116,0,2,AUTOTUNE_P,NONE,0,0,0,0,0,0,0,0,0,0,0.4000000000000057,42.7,1.2
6424.30,1780803381678,185.1,184.7,0,0,2.864788975654116,0,2,AUTOTUNE_P,NONE,0,0,0,0,0,0,0,0,0,0,0.4000000000000057,42.7,1.2
6433.90,1780803381687,185.1,184.7,0,0,2.864788975654116,0,2,AUTOTUNE_P,NONE,0,0,0,0,0,0,0,0,0,0,0.4000000000000057,42.7,1.2
6434.20,1780803381687,185.1,184.7,0,0,2.864788975654116,0,2,AUTOTUNE_P,NONE,0,0,0,0,0,0,0,0,0,0,0.4000000000000057,42.7,1.2
6434.50,1780803381688,185.1,184.7,0,0,2.864788975654116,0,2,AUTOTUNE_P,NONE,0,0,0,0,0,0,0,0,0,0,0.4000000000000057,42.7,1.2
6434.70,1780803381688,185.1,184.7,0,0,2.864788975654116,0,2,AUTOTUNE_P,NONE,0,0,0,0,0,0,0,0,0,0,0.4000000000000057,42.7,1.2
6450.00,1780803381703,185.1,184.7,0,0,2.864788975654116,0,2,AUTOTUNE_P,NONE,0,0,0,0,0,0,0,0,0,0,0.4000000000000057,42.7,1.2
6450.50,1780803381704,185.1,184.7,0,0,2.864788975654116,0,2,AUTOTUNE_P,NONE,0,0,0,0,0,0,0,0,0,0,0.4000000000000057,42.7,1.2
6450.90,1780803381704,185.1,184.7,0,0,1.9098593171027443,0,2,AUTOTUNE_P,NONE,0,0,0,0,0,0,0,0,0,0,0.4000000000000057,42.7,1.2
6466.70,1780803381720,185.1,184.7,0,0,1.9098593171027443,0,2,AUTOTUNE_P,NONE,0,0,0,0,0,0,0,0,0,0,0.4000000000000057,42.7,1.2
6467.90,1780803381721,185.1,184.7,0,0,1.9098593171027443,0,2,AUTOTUNE_P,NONE,0,0,0,0,0,0,0,0,0,0,0.4000000000000057,42.7,1.2
6468.50,1780803381722,185.1,184.7,0,0,1.9098593171027443,0,2,AUTOTUNE_P,NONE,0,0,0,0,0,0,0,0,0,0,0.4000000000000057,42.7,1.2
6480.80,1780803381734,185.1,184.7,0,0,1.9098593171027443,0,2,AUTOTUNE_P,NONE,0,0,0,0,0,0,0,0,0,0,0.4000000000000057,42.7,1.2
6481.10,1780803381734,185.1,184.7,0,0,1.9098593171027443,0,2,AUTOTUNE_P,NONE,0,0,0,0,0,0,0,0,0,0,0.4000000000000057,42.7,1.2
6482.00,1780803381735,185.1,184.7,0,0,1.9098593171027443,0,2,AUTOTUNE_P,NONE,0,0,0,0,0,0,0,0,0,0,0.4000000000000057,42.7,1.2
6496.20,1780803381749,185.1,184.7,0,0,1.9098593171027443,0,2,AUTOTUNE_P,NONE,0,0,0,0,0,0,0,0,0,0,0.4000000000000057,42.7,1.2
6496.60,1780803381750,185.1,184.7,0,0,1.9098593171027443,0,2,AUTOTUNE_P,NONE,0,0,0,0,0,0,0,0,0,0,0.4000000000000057,42.7,1.2
6496.80,1780803381750,185.1,184.7,0,0,1.9098593171027443,0,2,AUTOTUNE_P,NONE,0,0,0,0,0,0,0,0,0,0,0.4000000000000057,42.7,1.2
6512.10,1780803381765,185.1,184.7,0,0,1.9098593171027443,0,2,AUTOTUNE_P,NONE,0,0,0,0,0,0,0,0,0,0,0.4000000000000057,42.7,1.2
6512.30,1780803381766,185.1,184.7,0,0,1.9098593171027443,0,2,AUTOTUNE_P,NONE,0,0,0,0,0,0,0,0,0,0,0.4000000000000057,42.7,1.2
6512.60,1780803381766,185.1,184.7,0,0,1.9098593171027443,0,2,AUTOTUNE_P,NONE,0,0,0,0,0,0,0,0,0,0,0.4000000000000057,42.7,1.2
6512.80,1780803381766,185.1,184.7,0,0,1.9098593171027443,0,2,AUTOTUNE_P,NONE,0,0,0,0,0,0,0,0,0,0,0.4000000000000057,42.7,1.2
6513.10,1780803381766,185.1,184.7,0,0,1.9098593171027443,0,2,AUTOTUNE_P,NONE,0,0,0,0,0,0,0,0,0,0,0.4000000000000057,42.7,1.2
6528.00,1780803381781,185.1,184.7,0,0,1.9098593171027443,0,2,AUTOTUNE_P,NONE,0,0,0,0,0,0,0,0,0,0,0.4000000000000057,42.7,1.2
6528.30,1780803381782,185.1,184.7,0,0,1.9098593171027443,0,2,AUTOTUNE_P,NONE,0,0,0,0,0,0,0,0,0,0,0.4000000000000057,42.7,1.2
6543.50,1780803381797,185.1,184.7,0,0,0.9549296585513721,0,2,AUTOTUNE_P,NONE,0,0,0,0,0,0,0,0,0,0,0.4000000000000057,42.7,1.2
6543.90,1780803381797,185.1,184.7,0,0,0.9549296585513721,0,2,AUTOTUNE_P,NONE,0,0,0,0,0,0,0,0,0,0,0.4000000000000057,42.7,1.2
6544.20,1780803381797,185.1,184.7,0,0,0.9549296585513721,0,2,AUTOTUNE_P,NONE,0,0,0,0,0,0,0,0,0,0,0.4000000000000057,42.7,1.2
6544.40,1780803381798,185.1,184.7,0,0,0.9549296585513721,0,2,AUTOTUNE_P,NONE,0,0,0,0,0,0,0,0,0,0,0.4000000000000057,42.7,1.2
6559.50,1780803381813,185.1,184.7,0,0,0.9549296585513721,0,2,AUTOTUNE_P,NONE,0,0,0,0,0,0,0,0,0,0,0.4000000000000057,42.7,1.2
6559.80,1780803381813,185.1,184.7,0,0,0.9549296585513721,0,2,AUTOTUNE_P,NONE,0,0,0,0,0,0,0,0,0,0,0.4000000000000057,42.7,1.2
6575.70,1780803381829,185.1,184.7,0,0,0.9549296585513721,0,2,AUTOTUNE_P,NONE,0,0,0,0,0,0,0,0,0,0,0.4000000000000057,42.7,1.2
6575.90,1780803381829,185.1,184.7,0,0,0.9549296585513721,0,2,AUTOTUNE_P,NONE,0,0,0,0,0,0,0,0,0,0,0.4000000000000057,42.7,1.2
6576.20,1780803381829,185.1,184.7,0,0,0.9549296585513721,0,2,AUTOTUNE_P,NONE,0,0,0,0,0,0,0,0,0,0,0.4000000000000057,42.7,1.2
6576.40,1780803381830,185.1,184.7,0,0,0.9549296585513721,0,2,AUTOTUNE_P,NONE,0,0,0,0,0,0,0,0,0,0,0.4000000000000057,42.7,1.2
6589.20,1780803381842,185.1,184.7,0,0,0.9549296585513721,0,2,AUTOTUNE_P,NONE,0,0,0,0,0,0,0,0,0,0,0.4000000000000057,42.7,1.2
6604.70,1780803381858,185.1,184.7,0,0,0.9549296585513721,0,2,AUTOTUNE_P,NONE,0,0,0,0,0,0,0,0,0,0,0.4000000000000057,42.7,1.2
6605.00,1780803381858,185.1,184.7,0,0,0.9549296585513721,0,2,AUTOTUNE_P,NONE,0,0,0,0,0,0,0,0,0,0,0.4000000000000057,42.7,1.2
6605.20,1780803381858,185.1,184.7,0,0,0.9549296585513721,0,2,AUTOTUNE_P,NONE,0,0,0,0,0,0,0,0,0,0,0.4000000000000057,42.7,1.2
6620.60,1780803381874,185.1,184.7,0,0,0.9549296585513721,0,2,AUTOTUNE_P,NONE,0,0,0,0,0,0,0,0,0,0,0.4000000000000057,42.7,1.2
6621.00,1780803381874,185.1,184.7,0,0,0.9549296585513721,0,2,AUTOTUNE_P,NONE,0,0,0,0,0,0,0,0,0,0,0.4000000000000057,42.7,1.2
6621.50,1780803381875,185.1,184.7,0,0,0.9549296585513721,0,2,AUTOTUNE_P,NONE,0,0,0,0,0,0,0,0,0,0,0.4000000000000057,42.7,1.2
6636.00,1780803381889,185.1,184.7,0,0,0.9549296585513721,0,2,AUTOTUNE_P,NONE,0,0,0,0,0,0,0,0,0,0,0.4000000000000057,42.7,1.2
6636.20,1780803381890,185.1,184.7,0,0,0.9549296585513721,0,2,AUTOTUNE_P,NONE,0,0,0,0,0,0,0,0,0,0,0.4000000000000057,42.7,1.2
6636.50,1780803381890,185.1,184.7,0,0,0.9549296585513721,0,2,AUTOTUNE_P,NONE,0,0,0,0,0,0,0,0,0,0,0.4000000000000057,42.7,1.2
6651.60,1780803381905,185.1,184.7,0,0,0.9549296585513721,0,2,AUTOTUNE_P,NONE,0,0,0,0,0,0,0,0,0,0,0.4000000000000057,42.7,1.2
6652.00,1780803381905,185.1,184.7,0,0,0.9549296585513721,0,2,AUTOTUNE_P,NONE,0,0,0,0,0,0,0,0,0,0,0.4000000000000057,42.7,1.2
6652.20,1780803381906,185.1,184.7,0,0,0.9549296585513721,0,2,AUTOTUNE_P,NONE,0,0,0,0,0,0,0,0,0,0,0.4000000000000057,42.7,1.2
6653.00,1780803381906,185.1,184.7,0,0,0.9549296585513721,0,2,AUTOTUNE_P,NONE,0,0,0,0,0,0,0,0,0,0,0.4000000000000057,42.7,1.2
6667.20,1780803381920,185.1,184.7,0,0,0.9549296585513721,0,2,AUTOTUNE_P,NONE,0,0,0,0,0,0,0,0,0,0,0.4000000000000057,42.7,1.2
6667.50,1780803381921,185.1,184.7,0,0,0.9549296585513721,0,2,AUTOTUNE_P,NONE,0,0,0,0,0,0,0,0,0,0,0.4000000000000057,42.7,1.2
6684.50,1780803381938,185.1,184.7,0,0,0.9549296585513721,0,2,AUTOTUNE_P,NONE,0,0,0,0,0,0,0,0,0,0,0.4000000000000057,42.7,1.2
6685.20,1780803381938,185.1,184.7,0,0,0.9549296585513721,0,2,AUTOTUNE_P,NONE,0,0,0,0,0,0,0,0,0,0,0.4000000000000057,42.7,1.2
6685.80,1780803381939,185.1,184.7,0,0,0.9549296585513721,0,2,AUTOTUNE_P,NONE,0,0,0,0,0,0,0,0,0,0,0.4000000000000057,42.7,1.2
6686.10,1780803381939,185.1,184.7,0,0,0.9549296585513721,0,2,AUTOTUNE_P,NONE,0,0,0,0,0,0,0,0,0,0,0.4000000000000057,42.7,1.2
6698.30,1780803381952,185.1,184.7,0,0,0.9549296585513721,0,2,AUTOTUNE_P,NONE,0,0,0,0,0,0,0,0,0,0,0.4000000000000057,42.7,1.2
6698.90,1780803381952,185.1,184.7,0,0,0.9549296585513721,0,2,AUTOTUNE_P,NONE,0,0,0,0,0,0,0,0,0,0,0.4000000000000057,42.7,1.2
6713.30,1780803381967,185.1,184.7,0,0,0.9549296585513721,0,2,AUTOTUNE_P,NONE,0,0,0,0,0,0,0,0,0,0,0.4000000000000057,42.7,1.2
6713.70,1780803381967,185.1,184.7,0,0,0.9549296585513721,0,2,AUTOTUNE_P,NONE,0,0,0,0,0,0,0,0,0,0,0.4000000000000057,42.7,1.2
6713.80,1780803381967,185.1,184.7,0,0,0.9549296585513721,0,2,AUTOTUNE_P,NONE,0,0,0,0,0,0,0,0,0,0,0.4000000000000057,42.7,1.2
6714.10,1780803381967,185.1,184.7,0,0,0.9549296585513721,0,2,AUTOTUNE_P,NONE,0,0,0,0,0,0,0,0,0,0,0.4000000000000057,42.7,1.2
6729.00,1780803381982,185.1,184.7,0,0,0.9549296585513721,0,2,AUTOTUNE_P,NONE,0,0,0,0,0,0,0,0,0,0,0.4000000000000057,42.7,1.2
6729.30,1780803381983,185.1,184.7,0,0,0.9549296585513721,0,2,AUTOTUNE_P,NONE,0,0,0,0,0,0,0,0,0,0,0.4000000000000057,42.7,1.2
6729.60,1780803381983,185.1,184.7,0,0,0.9549296585513721,0,2,AUTOTUNE_P,NONE,0,0,0,0,0,0,0,0,0,0,0.4000000000000057,42.7,1.2
6744.40,1780803381998,185.1,184.7,0,0,0.9549296585513721,0,2,AUTOTUNE_P,NONE,0,0,0,0,0,0,0,0,0,0,0.4000000000000057,42.7,1.2
6744.60,1780803381998,185.1,184.7,0,0,0.9549296585513721,0,2,AUTOTUNE_P,NONE,0,0,0,0,0,0,0,0,0,0,0.4000000000000057,42.7,1.2
6744.90,1780803381998,185.1,184.7,0,0,0.9549296585513721,0,2,AUTOTUNE_P,NONE,0,0,0,0,0,0,0,0,0,0,0.4000000000000057,42.7,1.2
6759.90,1780803382013,185.1,184.7,0,0,0.9549296585513721,0,2,AUTOTUNE_P,NONE,0,0,0,0,0,0,0,0,0,0,0.4000000000000057,42.7,1.2
6760.20,1780803382013,185.1,184.7,0,0,0.9549296585513721,0,2,AUTOTUNE_P,NONE,0,0,0,0,0,0,0,0,0,0,0.4000000000000057,42.7,1.2
6760.40,1780803382014,185.1,184.7,0,0,0.9549296585513721,0,2,AUTOTUNE_P,NONE,0,0,0,0,0,0,0,0,0,0,0.4000000000000057,42.7,1.2
6775.20,1780803382029,185.1,184.7,0,0,0.9549296585513721,0,2,AUTOTUNE_P,NONE,0,0,0,0,0,0,0,0,0,0,0.4000000000000057,42.7,1.2
6775.70,1780803382029,185.1,184.7,0,0,0.9549296585513721,0,2,AUTOTUNE_P,NONE,0,0,0,0,0,0,0,0,0,0,0.4000000000000057,42.7,1.2
6775.90,1780803382029,185.1,184.7,0,0,0.9549296585513721,0,2,AUTOTUNE_P,NONE,0,0,0,0,0,0,0,0,0,0,0.4000000000000057,42.7,1.2
6791.70,1780803382045,185.1,184.7,0,0,0.9549296585513721,0,2,AUTOTUNE_P,NONE,0,0,0,0,0,0,0,0,0,0,0.4000000000000057,42.7,1.2
6792.20,1780803382045,185.1,184.7,0,0,0.9549296585513721,0,2,AUTOTUNE_P,NONE,0,0,0,0,0,0,0,0,0,0,0.4000000000000057,42.7,1.2
6792.50,1780803382046,185.1,184.7,0,0,0.9549296585513721,0,2,AUTOTUNE_P,NONE,0,0,0,0,0,0,0,0,0,0,0.4000000000000057,42.7,1.2
6806.20,1780803382060,185.1,184.7,0,0,0.9549296585513721,0,2,AUTOTUNE_P,NONE,0,0,0,0,0,0,0,0,0,0,0.4000000000000057,42.7,1.2
6806.70,1780803382060,185.1,184.7,0,0,0.9549296585513721,0,2,AUTOTUNE_P,NONE,0,0,0,0,0,0,0,0,0,0,0.4000000000000057,42.7,1.2
6807.10,1780803382060,185.1,184.7,0,0,0.9549296585513721,0,2,AUTOTUNE_P,NONE,0,0,0,0,0,0,0,0,0,0,0.4000000000000057,42.7,1.2
6822.50,1780803382076,185.1,184.7,0,0,0.9549296585513721,0,2,AUTOTUNE_P,NONE,0,0,0,0,0,0,0,0,0,0,0.4000000000000057,42.7,1.2
6823.30,1780803382077,185.1,184.7,0,0,0.9549296585513721,0,2,AUTOTUNE_P,NONE,0,0,0,0,0,0,0,0,0,0,0.4000000000000057,42.7,1.2
6823.70,1780803382077,185.1,184.7,0,0,0.9549296585513721,0,2,AUTOTUNE_P,NONE,0,0,0,0,0,0,0,0,0,0,0.4000000000000057,42.7,1.2
6824.00,1780803382077,185.1,184.7,0,0,0.9549296585513721,0,2,AUTOTUNE_P,NONE,0,0,0,0,0,0,0,0,0,0,0.4000000000000057,42.7,1.2
6837.90,1780803382091,185.1,184.7,0,0,0.9549296585513721,0,2,AUTOTUNE_P,NONE,0,0,0,0,0,0,0,0,0,0,0.4000000000000057,42.7,1.2
6838.60,1780803382092,185.1,184.7,0,0,0.9549296585513721,0,2,AUTOTUNE_P,NONE,0,0,0,0,0,0,0,0,0,0,0.4000000000000057,42.7,1.2
6853.90,1780803382107,185.1,184.7,0,0,0.9549296585513721,0,2,AUTOTUNE_P,NONE,0,0,0,0,0,0,0,0,0,0,0.4000000000000057,42.7,1.2
6854.20,1780803382107,185.1,184.7,0,0,0.9549296585513721,0,2,AUTOTUNE_P,NONE,0,0,0,0,0,0,0,0,0,0,0.4000000000000057,42.7,1.2
6854.50,1780803382108,185.1,184.7,0,0,0.9549296585513721,0,2,AUTOTUNE_P,NONE,0,0,0,0,0,0,0,0,0,0,0.4000000000000057,42.7,1.2
6854.70,1780803382108,185.1,184.7,0,0,0.9549296585513721,0,2,AUTOTUNE_P,NONE,0,0,0,0,0,0,0,0,0,0,0.4000000000000057,42.7,1.2
6869.90,1780803382123,185.1,184.7,0,0,0,0,2,AUTOTUNE_P,NONE,0,0,0,0,0,0,0,0,0,0,0.4000000000000057,42.7,1.2
6870.40,1780803382124,185.1,184.7,0,0,0,0,2,AUTOTUNE_P,NONE,0,0,0,0,0,0,0,0,0,0,0.4000000000000057,42.7,1.2
6870.70,1780803382124,185.1,184.7,0,0,0,0,2,AUTOTUNE_P,NONE,0,0,0,0,0,0,0,0,0,0,0.4000000000000057,42.7,1.2
6884.50,1780803382138,185.1,184.7,0,0,0,0,2,AUTOTUNE_P,NONE,0,0,0,0,0,0,0,0,0,0,0.4000000000000057,42.7,1.2
6885.10,1780803382138,185.1,184.7,0,0,0,0,2,AUTOTUNE_P,NONE,0,0,0,0,0,0,0,0,0,0,0.4000000000000057,42.7,1.2
6886.00,1780803382139,185.1,184.7,0,0,0,0,2,AUTOTUNE_P,NONE,0,0,0,0,0,0,0,0,0,0,0.4000000000000057,42.7,1.2
6900.50,1780803382154,185.1,184.7,0,0,0,0,2,AUTOTUNE_P,NONE,0,0,0,0,0,0,0,0,0,0,0.4000000000000057,42.7,1.2
6900.90,1780803382154,185.1,184.7,0,0,0,0,2,AUTOTUNE_P,NONE,0,0,0,0,0,0,0,0,0,0,0.4000000000000057,42.7,1.2
6901.30,1780803382155,185.1,184.7,0,0,0,0,2,AUTOTUNE_P,NONE,0,0,0,0,0,0,0,0,0,0,0.4000000000000057,42.7,1.2
6917.20,1780803382170,185.1,184.7,0,0,0,0,2,AUTOTUNE_P,NONE,0,0,0,0,0,0,0,0,0,0,0.4000000000000057,42.7,1.2
6917.50,1780803382171,185.1,184.7,0,0,0,0,2,AUTOTUNE_P,NONE,0,0,0,0,0,0,0,0,0,0,0.4000000000000057,42.7,1.2
6917.80,1780803382171,185.1,184.7,0,0,0,0,2,AUTOTUNE_P,NONE,0,0,0,0,0,0,0,0,0,0,0.4000000000000057,42.7,1.2
6932.00,1780803382185,185.1,184.7,0,0,0,0,2,AUTOTUNE_P,NONE,0,0,0,0,0,0,0,0,0,0,0.4000000000000057,42.7,1.2
6933.10,1780803382186,185.1,184.7,0,0,0,0,2,AUTOTUNE_P,NONE,0,0,0,0,0,0,0,0,0,0,0.4000000000000057,42.7,1.2
6933.60,1780803382187,185.1,184.7,0,0,0,0,2,AUTOTUNE_P,NONE,0,0,0,0,0,0,0,0,0,0,0.4000000000000057,42.7,1.2
6933.90,1780803382187,185.1,184.7,0,0,0,0,2,AUTOTUNE_P,NONE,0,0,0,0,0,0,0,0,0,0,0.4000000000000057,42.7,1.2
6946.40,1780803382200,185.1,184.7,0,0,0,0,2,AUTOTUNE_P,NONE,0,0,0,0,0,0,0,0,0,0,0.4000000000000057,42.7,1.2
6946.80,1780803382200,185.1,184.7,0,0,0,0,2,AUTOTUNE_P,NONE,0,0,0,0,0,0,0,0,0,0,0.4000000000000057,42.7,1.2
6961.80,1780803382215,185.1,184.7,0,0,0,0,2,AUTOTUNE_P,NONE,0,0,0,0,0,0,0,0,0,0,0.4000000000000057,42.7,1.2
6962.20,1780803382215,185.1,184.7,0,0,0,0,2,AUTOTUNE_P,NONE,0,0,0,0,0,0,0,0,0,0,0.4000000000000057,42.7,1.2
6962.30,1780803382216,185.1,184.7,0,0,0,0,2,AUTOTUNE_P,NONE,0,0,0,0,0,0,0,0,0,0,0.4000000000000057,42.7,1.2
6962.60,1780803382216,185.1,184.7,0,0,0,0,2,AUTOTUNE_P,NONE,0,0,0,0,0,0,0,0,0,0,0.4000000000000057,42.7,1.2
6978.20,1780803382231,185.1,184.7,0,0,0,0,2,AUTOTUNE_P,NONE,0,0,0,0,0,0,0,0,0,0,0.4000000000000057,42.7,1.2
6978.60,1780803382232,185.1,184.7,0,0,0,0,2,AUTOTUNE_P,NONE,0,0,0,0,0,0,0,0,0,0,0.4000000000000057,42.7,1.2
6992.80,1780803382246,185.1,184.7,0,0,0,0,2,AUTOTUNE_P,NONE,0,0,0,0,0,0,0,0,0,0,0.4000000000000057,42.7,1.2
6993.10,1780803382246,185.1,184.7,0,0,0,0,2,AUTOTUNE_P,NONE,0,0,0,0,0,0,0,0,0,0,0.4000000000000057,42.7,1.2
6993.40,1780803382247,185.1,184.7,0,0,0,0,2,AUTOTUNE_P,NONE,0,0,0,0,0,0,0,0,0,0,0.4000000000000057,42.7,1.2
6994.30,1780803382248,185.1,184.7,0,0,0,0,2,AUTOTUNE_P,NONE,0,0,0,0,0,0,0,0,0,0,0.4000000000000057,42.7,1.2
7008.90,1780803382262,185.1,184.7,0,0,0,0,2,AUTOTUNE_P,NONE,0,0,0,0,0,0,0,0,0,0,0.4000000000000057,42.7,1.2
7009.30,1780803382262,185.1,184.7,0,0,0,0,2,AUTOTUNE_P,NONE,0,0,0,0,0,0,0,0,0,0,0.4000000000000057,42.7,1.2
7009.50,1780803382263,185.1,184.7,0,0,0,0,2,AUTOTUNE_P,NONE,0,0,0,0,0,0,0,0,0,0,0.4000000000000057,42.7,1.2
7024.80,1780803382278,185.1,184.7,0,0,0,0,2,AUTOTUNE_P,NONE,0,0,0,0,0,0,0,0,0,0,0.4000000000000057,42.7,1.2
7025.20,1780803382278,185.1,184.7,0,0,0,0,2,AUTOTUNE_P,NONE,0,0,0,0,0,0,0,0,0,0,0.4000000000000057,42.7,1.2
7025.50,1780803382279,185.1,184.7,0,0,0,0,2,AUTOTUNE_P,NONE,0,0,0,0,0,0,0,0,0,0,0.4000000000000057,42.7,1.2
7038.80,1780803382292,185.1,184.7,0,0,0,0,2,AUTOTUNE_P,NONE,0,0,0,0,0,0,0,0,0,0,0.4000000000000057,42.7,1.2
7039.40,1780803382293,185.1,184.7,0,0,0,0,2,AUTOTUNE_P,NONE,0,0,0,0,0,0,0,0,0,0,0.4000000000000057,42.7,1.2
7040.00,1780803382293,185.1,184.7,0,0,0,0,2,AUTOTUNE_P,NONE,0,0,0,0,0,0,0,0,0,0,0.4000000000000057,42.7,1.2
7054.00,1780803382307,185.1,184.7,0,0,0,0,2,AUTOTUNE_P,NONE,0,0,0,0,0,0,0,0,0,0,0.4000000000000057,42.7,1.2
7054.40,1780803382308,185.1,184.7,0,0,0,0,2,AUTOTUNE_P,NONE,0,0,0,0,0,0,0,0,0,0,0.4000000000000057,42.7,1.2
7054.60,1780803382308,185.1,184.7,0,0,0,0,2,AUTOTUNE_P,NONE,0,0,0,0,0,0,0,0,0,0,0.4000000000000057,42.7,1.2
7070.00,1780803382323,185.1,184.7,0,0,0,0,2,AUTOTUNE_P,NONE,0,0,0,0,0,0,0,0,0,0,0.4000000000000057,42.7,1.2
7070.30,1780803382324,185.1,184.7,0,0,0,0,2,AUTOTUNE_P,NONE,0,0,0,0,0,0,0,0,0,0,0.4000000000000057,42.7,1.2
7070.60,1780803382324,185.1,184.7,0,0,0,0,2,AUTOTUNE_P,NONE,0,0,0,0,0,0,0,0,0,0,0.4000000000000057,42.7,1.2
7085.30,1780803382339,185.1,184.7,0,0,0,0,2,AUTOTUNE_P,NONE,0,0,0,0,0,0,0,0,0,0,0.4000000000000057,42.7,1.2
7085.80,1780803382339,185.1,184.7,0,0,0,0,2,AUTOTUNE_P,NONE,0,0,0,0,0,0,0,0,0,0,0.4000000000000057,42.7,1.2
7086.00,1780803382339,185.1,184.7,0,0,0,0,2,AUTOTUNE_P,NONE,0,0,0,0,0,0,0,0,0,0,0.4000000000000057,42.7,1.2
7100.70,1780803382354,185.1,184.7,0,0,0,0,2,AUTOTUNE_P,NONE,0,0,0,0,0,0,0,0,0,0,0.4000000000000057,42.7,1.2
7101.10,1780803382354,185.1,184.7,0,0,0,0,2,AUTOTUNE_P,NONE,0,0,0,0,0,0,0,0,0,0,0.4000000000000057,42.7,1.2
7101.20,1780803382355,185.1,184.7,0,0,0,0,2,AUTOTUNE_P,NONE,0,0,0,0,0,0,0,0,0,0,0.4000000000000057,42.7,1.2
7116.80,1780803382370,185.1,184.7,0,0,0,0,2,AUTOTUNE_P,NONE,0,0,0,0,0,0,0,0,0,0,0.4000000000000057,42.7,1.2
7117.30,1780803382371,185.1,184.7,0,0,0,0,2,AUTOTUNE_P,NONE,0,0,0,0,0,0,0,0,0,0,0.4000000000000057,42.7,1.2
7117.70,1780803382371,185.1,184.7,0,0,0,0,2,AUTOTUNE_P,NONE,0,0,0,0,0,0,0,0,0,0,0.4000000000000057,42.7,1.2
7133.10,1780803382386,185.1,184.7,0,0,0,0,2,AUTOTUNE_P,NONE,0,0,0,0,0,0,0,0,0,0,0.4000000000000057,42.7,1.2
7133.80,1780803382387,185.1,184.7,0,0,0,0,2,AUTOTUNE_P,NONE,0,0,0,0,0,0,0,0,0,0,0.4000000000000057,42.7,1.2
7134.10,1780803382387,185.1,184.7,0,0,0,0,2,AUTOTUNE_P,NONE,0,0,0,0,0,0,0,0,0,0,0.4000000000000057,42.7,1.2
7134.50,1780803382388,185.1,184.7,0,0,0,0,2,AUTOTUNE_P,NONE,0,0,0,0,0,0,0,0,0,0,0.4000000000000057,42.7,1.2
7147.80,1780803382401,185.1,184.7,0,0,0,0,2,AUTOTUNE_P,NONE,0,0,0,0,0,0,0,0,0,0,0.4000000000000057,42.7,1.2
7148.50,1780803382402,185.1,184.7,0,0,0,0,2,AUTOTUNE_P,NONE,0,0,0,0,0,0,0,0,0,0,0.4000000000000057,42.7,1.2
7162.20,1780803382415,185.1,184.7,0,0,0,0,2,AUTOTUNE_P,NONE,0,0,0,0,0,0,0,0,0,0,0.4000000000000057,42.7,1.2
7162.50,1780803382416,185.1,184.7,0,0,0,0,2,AUTOTUNE_P,NONE,0,0,0,0,0,0,0,0,0,0,0.4000000000000057,42.7,1.2
7162.60,1780803382416,185.1,184.7,0,0,0,0,2,AUTOTUNE_P,NONE,0,0,0,0,0,0,0,0,0,0,0.4000000000000057,42.7,1.2
7162.90,1780803382416,185.1,184.7,0,0,0,0,2,AUTOTUNE_P,NONE,0,0,0,0,0,0,0,0,0,0,0.4000000000000057,42.7,1.2
7176.90,1780803382430,185.1,184.7,0,0,0,0,2,AUTOTUNE_P,NONE,0,0,0,0,0,0,0,0,0,0,0.4000000000000057,42.7,1.2
7177.20,1780803382430,185.1,184.7,0,0,0,0,2,AUTOTUNE_P,NONE,0,0,0,0,0,0,0,0,0,0,0.4000000000000057,42.7,1.2
7192.30,1780803382446,185.1,184.7,0,0,0,0,2,AUTOTUNE_P,NONE,0,0,0,0,0,0,0,0,0,0,0.4000000000000057,42.7,1.2
7192.60,1780803382446,185.1,184.7,0,0,0,0,2,AUTOTUNE_P,NONE,0,0,0,0,0,0,0,0,0,0,0.4000000000000057,42.7,1.2
7192.80,1780803382446,185.1,184.7,0,0,0,0,2,AUTOTUNE_P,NONE,0,0,0,0,0,0,0,0,0,0,0.4000000000000057,42.7,1.2
7193.00,1780803382446,185.1,184.7,0,0,0,0,2,AUTOTUNE_P,NONE,0,0,0,0,0,0,0,0,0,0,0.4000000000000057,42.7,1.2
7208.20,1780803382462,185.1,184.7,0,0,0,0,2,AUTOTUNE_P,NONE,0,0,0,0,0,0,0,0,0,0,0.4000000000000057,42.7,1.2
7208.70,1780803382462,185.1,184.7,0,0,0,0,2,AUTOTUNE_P,NONE,0,0,0,0,0,0,0,0,0,0,0.4000000000000057,42.7,1.2
7225.00,1780803382478,185.1,184.7,0,0,0,0,2,AUTOTUNE_P,NONE,0,0,0,0,0,0,0,0,0,0,0.4000000000000057,42.7,1.2
7225.40,1780803382479,185.1,184.7,0,0,0,0,2,AUTOTUNE_P,NONE,0,0,0,0,0,0,0,0,0,0,0.4000000000000057,42.7,1.2
7225.70,1780803382479,185.1,184.7,0,0,0,0,2,AUTOTUNE_P,NONE,0,0,0,0,0,0,0,0,0,0,0.4000000000000057,42.7,1.2
7225.90,1780803382479,185.1,184.7,0,0,0,0,2,AUTOTUNE_P,NONE,0,0,0,0,0,0,0,0,0,0,0.4000000000000057,42.7,1.2
7238.50,1780803382492,185.1,184.7,0,0,0,0,2,AUTOTUNE_P,NONE,0,0,0,0,0,0,0,0,0,0,0.4000000000000057,42.7,1.2
7239.00,1780803382492,185.1,184.7,0,0,0,0,2,AUTOTUNE_P,NONE,0,0,0,0,0,0,0,0,0,0,0.4000000000000057,42.7,1.2
7239.60,1780803382493,185.1,184.7,0,0,0,0,2,AUTOTUNE_P,NONE,0,0,0,0,0,0,0,0,0,0,0.4000000000000057,42.7,1.2
7254.00,1780803382507,185.1,184.7,0,0,0,0,2,AUTOTUNE_P,NONE,0,0,0,0,0,0,0,0,0,0,0.4000000000000057,42.7,1.2
7254.50,1780803382508,185.1,184.7,0,0,0,0,2,AUTOTUNE_P,NONE,0,0,0,0,0,0,0,0,0,0,0.4000000000000057,42.7,1.2
7254.80,1780803382508,185.1,184.7,0,0,0,0,2,AUTOTUNE_P,NONE,0,0,0,0,0,0,0,0,0,0,0.4000000000000057,42.7,1.2
7270.10,1780803382523,185.1,184.7,0,0,0,0,2,AUTOTUNE_P,NONE,0,0,0,0,0,0,0,0,0,0,0.4000000000000057,42.7,1.2
7270.40,1780803382524,185.1,184.7,0,0,0,0,2,AUTOTUNE_P,NONE,0,0,0,0,0,0,0,0,0,0,0.4000000000000057,42.7,1.2
7270.70,1780803382524,185.1,184.7,0,0,0,0,2,AUTOTUNE_P,NONE,0,0,0,0,0,0,0,0,0,0,0.4000000000000057,42.7,1.2
7286.30,1780803382540,185.1,184.7,0,0,0,0,2,AUTOTUNE_P,NONE,0,0,0,0,0,0,0,0,0,0,0.4000000000000057,42.7,1.2
7286.60,1780803382540,185.1,184.7,0,0,0,0,2,AUTOTUNE_P,NONE,0,0,0,0,0,0,0,0,0,0,0.4000000000000057,42.7,1.2
7286.90,1780803382540,185.1,184.7,0,0,0,0,2,AUTOTUNE_P,NONE,0,0,0,0,0,0,0,0,0,0,0.4000000000000057,42.7,1.2
7301.10,1780803382554,185.1,184.7,0,0,0,0,2,AUTOTUNE_P,NONE,0,0,0,0,0,0,0,0,0,0,0.4000000000000057,42.7,1.2
7301.40,1780803382555,185.1,184.7,0,0,0,0,2,AUTOTUNE_P,NONE,0,0,0,0,0,0,0,0,0,0,0.4000000000000057,42.7,1.2
7301.80,1780803382555,185.1,184.7,0,0,0,0,2,AUTOTUNE_P,NONE,0,0,0,0,0,0,0,0,0,0,0.4000000000000057,42.7,1.2
7302.40,1780803382556,185.1,184.7,0,0,0,0,2,AUTOTUNE_P,NONE,0,0,0,0,0,0,0,0,0,0,0.4000000000000057,42.7,1.2
7317.40,1780803382571,185.1,184.7,0,0,0,0,2,AUTOTUNE_P,NONE,0,0,0,0,0,0,0,0,0,0,0.4000000000000057,42.7,1.2
7317.80,1780803382571,185.1,184.7,0,0,0,0,2,AUTOTUNE_P,NONE,0,0,0,0,0,0,0,0,0,0,0.4000000000000057,42.7,1.2
7332.70,1780803382586,185.1,184.7,0,0,0,0,2,AUTOTUNE_P,NONE,0,0,0,0,0,0,0,0,0,0,0.4000000000000057,42.7,1.2
7333.20,1780803382586,185.1,184.7,0,0,0,0,2,AUTOTUNE_P,NONE,0,0,0,0,0,0,0,0,0,0,0.4000000000000057,42.7,1.2
7333.60,1780803382587,185.1,184.7,0,0,0,0,2,AUTOTUNE_P,NONE,0,0,0,0,0,0,0,0,0,0,0.4000000000000057,42.7,1.2
7334.00,1780803382587,185.1,184.7,0,0,0,0,2,AUTOTUNE_P,NONE,0,0,0,0,0,0,0,0,0,0,0.4000000000000057,42.7,1.2
7348.00,1780803382601,185.1,184.7,0,0,0,0,2,AUTOTUNE_P,NONE,0,0,0,0,0,0,0,0,0,0,0.4000000000000057,42.7,1.2
7348.70,1780803382602,185.1,184.7,0,0,0,0,2,AUTOTUNE_P,NONE,0,0,0,0,0,0,0,0,0,0,0.4000000000000057,42.7,1.2
7349.20,1780803382603,185.1,184.7,0,0,0,0,2,AUTOTUNE_P,NONE,0,0,0,0,0,0,0,0,0,0,0.4000000000000057,42.7,1.2
7362.70,1780803382616,185.1,184.7,0,0,0,0,2,AUTOTUNE_P,NONE,0,0,0,0,0,0,0,0,0,0,0.4000000000000057,42.7,1.2
7363.90,1780803382617,185.1,184.7,0,0,0,0,2,AUTOTUNE_P,NONE,0,0,0,0,0,0,0,0,0,0,0.4000000000000057,42.7,1.2
7364.80,1780803382618,185.1,184.7,0,0,0,0,2,AUTOTUNE_P,NONE,0,0,0,0,0,0,0,0,0,0,0.4000000000000057,42.7,1.2
7379.10,1780803382632,185.1,184.7,0,0,0,0,2,AUTOTUNE_P,NONE,0,0,0,0,0,0,0,0,0,0,0.4000000000000057,42.7,1.2
7379.60,1780803382633,185.1,184.7,0,0,0,0,2,AUTOTUNE_P,NONE,0,0,0,0,0,0,0,0,0,0,0.4000000000000057,42.7,1.2
7393.50,1780803382647,185.1,184.7,0,0,0,0,2,AUTOTUNE_P,NONE,0,0,0,0,0,0,0,0,0,0,0.4000000000000057,42.7,1.2
7394.00,1780803382647,185.1,184.7,0,0,0,0,2,AUTOTUNE_P,NONE,0,0,0,0,0,0,0,0,0,0,0.4000000000000057,42.7,1.2
7394.40,1780803382648,185.1,184.7,0,0,0,0,2,AUTOTUNE_P,NONE,0,0,0,0,0,0,0,0,0,0,0.4000000000000057,42.7,1.2
7395.30,1780803382649,185.1,184.7,0,0,0,0,2,AUTOTUNE_P,NONE,0,0,0,0,0,0,0,0,0,0,0.4000000000000057,42.7,1.2
7408.90,1780803382662,185.1,184.7,0,0,0,0,2,AUTOTUNE_P,NONE,0,0,0,0,0,0,0,0,0,0,0.4000000000000057,42.7,1.2
7409.50,1780803382663,185.1,184.7,0,0,0,0,2,AUTOTUNE_P,NONE,0,0,0,0,0,0,0,0,0,0,0.4000000000000057,42.7,1.2
7410.30,1780803382664,185.1,184.7,0,0,0,0,2,AUTOTUNE_P,NONE,0,0,0,0,0,0,0,0,0,0,0.4000000000000057,42.7,1.2
7423.80,1780803382677,185.1,184.7,0,0,0,0,2,AUTOTUNE_P,NONE,0,0,0,0,0,0,0,0,0,0,0.4000000000000057,42.7,1.2
7423.90,1780803382677,185.1,184.7,0,0,0,0,2,AUTOTUNE_P,NONE,0,0,0,0,0,0,0,0,0,0,0.4000000000000057,42.7,1.2
7424.20,1780803382678,185.1,184.7,0,0,0,0,2,AUTOTUNE_P,NONE,0,0,0,0,0,0,0,0,0,0,0.4000000000000057,42.7,1.2
7438.60,1780803382692,185.1,184.7,0,0,0,0,2,AUTOTUNE_P,NONE,0,0,0,0,0,0,0,0,0,0,0.4000000000000057,42.7,1.2
7439.30,1780803382693,185.1,184.7,0,0,0,0,2,AUTOTUNE_P,NONE,0,0,0,0,0,0,0,0,0,0,0.4000000000000057,42.7,1.2
7439.80,1780803382693,185.1,184.7,0,0,0,0,2,AUTOTUNE_P,NONE,0,0,0,0,0,0,0,0,0,0,0.4000000000000057,42.7,1.2
7453.20,1780803382706,185.1,184.7,0,0,0,0,2,AUTOTUNE_P,NONE,0,0,0,0,0,0,0,0,0,0,0.4000000000000057,42.7,1.2
7453.40,1780803382707,185.1,184.7,0,0,0,0,2,AUTOTUNE_P,NONE,0,0,0,0,0,0,0,0,0,0,0.4000000000000057,42.7,1.2
7453.70,1780803382707,185.1,184.7,0,0,0,0,2,AUTOTUNE_P,NONE,0,0,0,0,0,0,0,0,0,0,0.4000000000000057,42.7,1.2
7468.90,1780803382722,185.1,184.7,0,0,0,0,2,AUTOTUNE_P,NONE,0,0,0,0,0,0,0,0,0,0,0.4000000000000057,42.7,1.2
7469.20,1780803382722,185.1,184.7,0,0,0,0,2,AUTOTUNE_P,NONE,0,0,0,0,0,0,0,0,0,0,0.4000000000000057,42.7,1.2
7469.50,1780803382723,185.1,184.7,0,0,0,0,2,AUTOTUNE_P,NONE,0,0,0,0,0,0,0,0,0,0,0.4000000000000057,42.7,1.2
7484.40,1780803382738,185.1,184.7,0,0,0,0,2,AUTOTUNE_P,NONE,0,0,0,0,0,0,0,0,0,0,0.4000000000000057,42.7,1.2
7484.70,1780803382738,185.1,184.7,0,0,0,0,2,AUTOTUNE_P,NONE,0,0,0,0,0,0,0,0,0,0,0.4000000000000057,42.7,1.2
7484.90,1780803382738,185.1,184.7,0,0,0,0,2,AUTOTUNE_P,NONE,0,0,0,0,0,0,0,0,0,0,0.4000000000000057,42.7,1.2
7499.70,1780803382753,185.1,184.7,0,0,0,0,2,AUTOTUNE_P,NONE,0,0,0,0,0,0,0,0,0,0,0.4000000000000057,42.7,1.2
7500.00,1780803382753,185.1,184.7,0,0,0,0,2,AUTOTUNE_P,NONE,0,0,0,0,0,0,0,0,0,0,0.4000000000000057,42.7,1.2
7500.40,1780803382754,185.1,184.7,0,0,0,0,2,POSITION,NONE,0,0,0,0,0,0,0,0,0,0,0.4000000000000057,42.7,1.2
7500.70,1780803382754,185.1,184.7,0,0,0,0,2,POSITION,NONE,0,0,0,0,0,0,0,0,0,0,0.4000000000000057,42.7,1.2
7516.00,1780803382769,185.1,184.7,0,0,0,0,2,POSITION,NONE,0,0,0,0,0,0,0,0,0,0,0.4000000000000057,42.7,1.2
7516.30,1780803382770,185.1,184.7,0,0,0,0,2,POSITION,NONE,0,0,0,0,0,0,0,0,0,0,0.4000000000000057,42.7,1.2
7516.50,1780803382770,185.1,184.7,0,0,0,0,2,POSITION,NONE,0,0,0,0,0,0,0,0,0,0,0.4000000000000057,42.7,1.2
7516.70,1780803382770,185.1,184.7,0,0,0,0,2,POSITION,NONE,0,0,0,0,0,0,0,0,0,0,0.4000000000000057,42.7,1.2
7531.40,1780803382785,185.1,184.7,0,0,0,0,2,POSITION,NONE,0,0,0,0,0,0,0,0,0,0,0.4000000000000057,42.7,1.2
7531.60,1780803382785,185.1,184.7,0,0,0,0,2,POSITION,NONE,0,0,0,0,0,0,0,0,0,0,0.4000000000000057,42.7,1.2
7531.90,1780803382785,185.1,184.7,0,0,0,0,2,POSITION,NONE,0,0,0,0,0,0,0,0,0,0,0.4000000000000057,42.7,1.2
7532.20,1780803382785,185.1,184.7,0,0,0,0,2,POSITION,NONE,0,0,0,0,0,0,0,0,0,0,0.4000000000000057,42.7,1.2
7546.90,1780803382800,185.1,184.7,0,0,0,0,2,POSITION,NONE,0,0,0,0,0,0,0,0,0,0,0.4000000000000057,42.7,1.2
7547.80,1780803382801,185.1,184.7,0,0,0,0,2,POSITION,NONE,0,0,0,0,0,0,0,0,0,0,0.4000000000000057,42.7,1.2
7562.00,1780803382815,185.1,184.7,0,0,0,0,2,POSITION,NONE,0,0,0,0,0,0,0,0,0,0,0.4000000000000057,42.7,1.2
7562.20,1780803382816,185.1,184.7,0,0,0,0,2,POSITION,NONE,0,0,0,0,0,0,0,0,0,0,0.4000000000000057,42.7,1.2
7562.50,1780803382816,185.1,184.7,0,0,0,0,2,POSITION,NONE,0,0,0,0,0,0,0,0,0,0,0.4000000000000057,42.7,1.2
7562.80,1780803382816,185.1,184.7,0,0,0,0,2,POSITION,NONE,0,0,0,0,0,0,0,0,0,0,0.4000000000000057,42.7,1.2
7576.80,1780803382830,185.1,184.7,0,0,0,0,2,POSITION,NONE,0,0,0,0,0,0,0,0,0,0,0.4000000000000057,42.7,1.2
7577.10,1780803382830,185.1,184.7,0,0,0,0,2,POSITION,NONE,0,0,0,0,0,0,0,0,0,0,0.4000000000000057,42.7,1.2
7592.00,1780803382845,185.1,184.7,0,0,0,0,2,POSITION,NONE,0,0,0,0,0,0,0,0,0,0,0.4000000000000057,42.7,1.2
7592.30,1780803382846,185.1,184.7,0,0,0,0,2,POSITION,NONE,0,0,0,0,0,0,0,0,0,0,0.4000000000000057,42.7,1.2
7592.60,1780803382846,185.1,184.7,0,0,0,0,2,POSITION,NONE,0,0,0,0,0,0,0,0,0,0,0.4000000000000057,42.7,1.2
7592.90,1780803382846,185.1,184.7,0,0,0,0,2,POSITION,NONE,0,0,0,0,0,0,0,0,0,0,0.4000000000000057,42.7,1.2
7608.30,1780803382861,185.1,184.7,0,0,0,0,2,POSITION,NONE,0,0,0,0,0,0,0,0,0,0,0.4000000000000057,42.7,1.2
7608.40,1780803382862,185.1,184.7,0,0,0,0,2,POSITION,NONE,0,0,0,0,0,0,0,0,0,0,0.4000000000000057,42.7,1.2
7623.30,1780803382877,185.1,184.7,0,0,0,0,2,POSITION,NONE,0,0,0,0,0,0,0,0,0,0,0.4000000000000057,42.7,1.2
7623.60,1780803382877,185.1,184.7,0,0,0,0,2,POSITION,NONE,0,0,0,0,0,0,0,0,0,0,0.4000000000000057,42.7,1.2
7623.80,1780803382877,185.1,184.7,0,0,0,0,2,POSITION,NONE,0,0,0,0,0,0,0,0,0,0,0.4000000000000057,42.7,1.2
7624.00,1780803382877,185.1,184.7,0,0,0,0,2,POSITION,NONE,0,0,0,0,0,0,0,0,0,0,0.4000000000000057,42.7,1.2
7641.40,1780803382895,185.1,184.7,0,0,0,0,2,POSITION,NONE,0,0,0,0,0,0,0,0,0,0,0.4000000000000057,42.7,1.2
7641.60,1780803382895,185.1,184.7,0,0,0,0,2,POSITION,NONE,0,0,0,0,0,0,0,0,0,0,0.4000000000000057,42.7,1.2
7641.80,1780803382895,185.1,184.7,0,0,0,0,2,POSITION,NONE,0,0,0,0,0,0,0,0,0,0,0.4000000000000057,42.7,1.2
7655.10,1780803382908,185.1,184.7,0,0,0,0,2,POSITION,NONE,0,0,0,0,0,0,0,0,0,0,0.4000000000000057,42.7,1.2
7655.90,1780803382909,185.1,184.7,0,0,0,0,2,POSITION,NONE,0,0,0,0,0,0,0,0,0,0,0.4000000000000057,42.7,1.2
7656.30,1780803382910,185.1,184.7,0,0,0,0,2,POSITION,NONE,0,0,0,0,0,0,0,0,0,0,0.4000000000000057,42.7,1.2
7670.50,1780803382924,185.1,184.7,0,0,0,0,2,POSITION,NONE,0,0,0,0,0,0,0,0,0,0,0.4000000000000057,42.7,1.2
7671.00,1780803382924,185.1,184.7,0,0,0,0,2,POSITION,NONE,0,0,0,0,0,0,0,0,0,0,0.4000000000000057,42.7,1.2
7671.60,1780803382925,185.1,184.7,0,0,0,0,2,POSITION,NONE,0,0,0,0,0,0,0,0,0,0,0.4000000000000057,42.7,1.2
7672.30,1780803382926,185.1,184.7,0,0,0,0,2,POSITION,NONE,0,0,0,0,0,0,0,0,0,0,0.4000000000000057,42.7,1.2
7686.30,1780803382940,185.1,184.7,0,0,0,0,2,POSITION,NONE,0,0,0,0,0,0,0,0,0,0,0.4000000000000057,42.7,1.2
7686.60,1780803382940,185.1,184.7,0,0,0,0,2,POSITION,NONE,0,0,0,0,0,0,0,0,0,0,0.4000000000000057,42.7,1.2
7701.60,1780803382955,185.1,184.7,0,0,0,0,2,POSITION,NONE,0,0,0,0,0,0,0,0,0,0,0.4000000000000057,42.7,1.2
7702.00,1780803382955,185.1,184.7,0,0,0,0,2,POSITION,NONE,0,0,0,0,0,0,0,0,0,0,0.4000000000000057,42.7,1.2
7702.30,1780803382956,185.1,184.7,0,0,0,0,2,POSITION,NONE,0,0,0,0,0,0,0,0,0,0,0.4000000000000057,42.7,1.2
7702.50,1780803382956,185.1,184.7,0,0,0,0,2,POSITION,NONE,0,0,0,0,0,0,0,0,0,0,0.4000000000000057,42.7,1.2
7717.80,1780803382971,185.1,184.7,0,0,0,0,2,POSITION,NONE,0,0,0,0,0,0,0,0,0,0,0.4000000000000057,42.7,1.2
7718.20,1780803382972,185.1,184.7,0,0,0,0,2,POSITION,NONE,0,0,0,0,0,0,0,0,0,0,0.4000000000000057,42.7,1.2
7718.80,1780803382972,185.1,184.7,0,0,0,0,2,POSITION,NONE,0,0,0,0,0,0,0,0,0,0,0.4000000000000057,42.7,1.2
7732.60,1780803382986,185.1,184.7,0,0,0,0,2,POSITION,NONE,0,0,0,0,0,0,0,0,0,0,0.4000000000000057,42.7,1.2
7732.80,1780803382986,185.1,184.7,0,0,0,0,2,POSITION,NONE,0,0,0,0,0,0,0,0,0,0,0.4000000000000057,42.7,1.2
7733.10,1780803382986,185.1,184.7,0,0,0,0,2,POSITION,NONE,0,0,0,0,0,0,0,0,0,0,0.4000000000000057,42.7,1.2
7748.20,1780803383001,185.1,184.7,0,0,0,0,2,POSITION,NONE,0,0,0,0,0,0,0,0,0,0,0.4000000000000057,42.7,1.2
7748.50,1780803383002,185.1,184.7,0,0,0,0,2,POSITION,NONE,0,0,0,0,0,0,0,0,0,0,0.4000000000000057,42.7,1.2
7748.70,1780803383002,185.1,184.7,0,0,0,0,2,POSITION,NONE,0,0,0,0,0,0,0,0,0,0,0.4000000000000057,42.7,1.2
7763.40,1780803383017,185.1,184.7,0,0,0,0,2,POSITION,NONE,0,0,0,0,0,0,0,0,0,0,0.4000000000000057,42.7,1.2
7764.00,1780803383017,185.1,184.7,0,0,0,0,2,POSITION,NONE,0,0,0,0,0,0,0,0,0,0,0.4000000000000057,42.7,1.2
7764.40,1780803383018,185.1,184.7,0,0,0,0,2,POSITION,NONE,0,0,0,0,0,0,0,0,0,0,0.4000000000000057,42.7,1.2
7783.20,1780803383036,185.1,184.7,0,0,0,0,2,POSITION,NONE,0,0,0,0,0,0,0,0,0,0,0.4000000000000057,42.7,1.2
7783.90,1780803383037,185.1,184.7,0,0,0,0,2,POSITION,NONE,0,0,0,0,0,0,0,0,0,0,0.4000000000000057,42.7,1.2
7784.30,1780803383038,185.1,184.7,0,0,0,0,2,POSITION,NONE,0,0,0,0,0,0,0,0,0,0,0.4000000000000057,42.7,1.2
7793.60,1780803383047,185.1,184.7,0,0,0,0,2,POSITION,NONE,0,0,0,0,0,0,0,0,0,0,0.4000000000000057,42.7,1.2
7793.90,1780803383047,185.1,184.7,0,0,0,0,2,POSITION,NONE,0,0,0,0,0,0,0,0,0,0,0.4000000000000057,42.7,1.2
7794.10,1780803383047,185.1,184.7,0,0,0,0,2,POSITION,NONE,0,0,0,0,0,0,0,0,0,0,0.4000000000000057,42.7,1.2
7808.90,1780803383062,185.1,184.7,0,0,0,0,2,POSITION,NONE,0,0,0,0,0,0,0,0,0,0,0.4000000000000057,42.7,1.2
7824.90,1780803383078,185.1,184.7,0,0,0,0,2,POSITION,NONE,0,0,0,0,0,0,0,0,0,0,0.4000000000000057,42.7,1.2
7825.30,1780803383079,185.1,184.7,0,0,0,0,2,POSITION,NONE,0,0,0,0,0,0,0,0,0,0,0.4000000000000057,42.7,1.2
7825.60,1780803383079,185.1,184.7,0,0,0,0,2,POSITION,NONE,0,0,0,0,0,0,0,0,0,0,0.4000000000000057,42.7,1.2
7840.10,1780803383093,185.1,184.7,0,0,0,0,2,POSITION,NONE,0,0,0,0,0,0,0,0,0,0,0.4000000000000057,42.7,1.2
7840.30,1780803383094,185.1,184.7,0,0,0,0,2,POSITION,NONE,0,0,0,0,0,0,0,0,0,0,0.4000000000000057,42.7,1.2
7840.60,1780803383094,185.1,184.7,0,0,0,0,2,POSITION,NONE,0,0,0,0,0,0,0,0,0,0,0.4000000000000057,42.7,1.2
7855.70,1780803383109,185.1,184.7,0,0,0,0,2,POSITION,NONE,0,0,0,0,0,0,0,0,0,0,0.4000000000000057,42.7,1.2
7856.70,1780803383110,185.1,184.7,0,0,0,0,2,POSITION,NONE,0,0,0,0,0,0,0,0,0,0,0.4000000000000057,42.7,1.2
7857.30,1780803383111,185.1,184.7,0,0,0,0,2,POSITION,NONE,0,0,0,0,0,0,0,0,0,0,0.4000000000000057,42.7,1.2
7870.70,1780803383124,185.1,184.7,0,0,0,0,2,POSITION,NONE,0,0,0,0,0,0,0,0,0,0,0.4000000000000057,42.7,1.2
7871.30,1780803383125,185.1,184.7,0,0,0,0,2,POSITION,NONE,0,0,0,0,0,0,0,0,0,0,0.4000000000000057,42.7,1.2
7871.70,1780803383125,185.1,184.7,0,0,0,0,2,POSITION,NONE,0,0,0,0,0,0,0,0,0,0,0.4000000000000057,42.7,1.2
7871.90,1780803383125,185.1,184.7,0,0,0,0,2,POSITION,NONE,0,0,0,0,0,0,0,0,0,0,0.4000000000000057,42.7,1.2
7888.50,1780803383142,185.1,184.7,0,0,0,0,2,POSITION,NONE,0,0,0,0,0,0,0,0,0,0,0.4000000000000057,42.7,1.2
7888.90,1780803383142,185.1,184.7,0,0,0,0,2,POSITION,NONE,0,0,0,0,0,0,0,0,0,0,0.4000000000000057,42.7,1.2
7901.40,1780803383155,185.1,184.7,0,0,0,0,2,POSITION,NONE,0,0,0,0,0,0,0,0,0,0,0.4000000000000057,42.7,1.2
7901.70,1780803383155,185.1,184.7,0,0,0,0,2,POSITION,NONE,0,0,0,0,0,0,0,0,0,0,0.4000000000000057,42.7,1.2
7902.00,1780803383155,185.1,184.7,0,0,0,0,2,POSITION,NONE,0,0,0,0,0,0,0,0,0,0,0.4000000000000057,42.7,1.2
7902.50,1780803383156,185.1,184.7,0,0,0,0,2,POSITION,NONE,0,0,0,0,0,0,0,0,0,0,0.4000000000000057,42.7,1.2
7917.50,1780803383171,185.1,184.7,0,0,0,0,2,POSITION,NONE,0,0,0,0,0,0,0,0,0,0,0.4000000000000057,42.7,1.2
7917.70,1780803383171,185.1,184.7,0,0,0,0,2,POSITION,NONE,0,0,0,0,0,0,0,0,0,0,0.4000000000000057,42.7,1.2
7918.00,1780803383171,185.1,184.7,0,0,0,0,2,POSITION,NONE,0,0,0,0,0,0,0,0,0,0,0.4000000000000057,42.7,1.2
7934.00,1780803383187,185.1,184.7,0,0,0,0,2,POSITION,NONE,0,0,0,0,0,0,0,0,0,0,0.4000000000000057,42.7,1.2
7934.60,1780803383188,185.1,184.7,0,0,0,0,2,POSITION,NONE,0,0,0,0,0,0,0,0,0,0,0.4000000000000057,42.7,1.2
7935.10,1780803383188,185.1,184.7,0,0,0,0,2,POSITION,NONE,0,0,0,0,0,0,0,0,0,0,0.4000000000000057,42.7,1.2
7948.80,1780803383202,185.1,184.7,0,0,0,0,2,POSITION,NONE,0,0,0,0,0,0,0,0,0,0,0.4000000000000057,42.7,1.2
7949.30,1780803383203,185.1,184.7,0,0,0,0,2,POSITION,NONE,0,0,0,0,0,0,0,0,0,0,0.4000000000000057,42.7,1.2
7949.70,1780803383203,185.1,184.7,0,0,0,0,2,POSITION,NONE,0,0,0,0,0,0,0,0,0,0,0.4000000000000057,42.7,1.2
7964.60,1780803383218,185.1,184.7,0,0,0,0,2,POSITION,NONE,0,0,0,0,0,0,0,0,0,0,0.4000000000000057,42.7,1.2
7965.10,1780803383218,185.1,184.7,0,0,0,0,2,POSITION,NONE,0,0,0,0,0,0,0,0,0,0,0.4000000000000057,42.7,1.2
7965.50,1780803383219,185.1,184.7,0,0,0,0,2,POSITION,NONE,0,0,0,0,0,0,0,0,0,0,0.4000000000000057,42.7,1.2
7980.40,1780803383234,185.1,184.7,0,0,0,0,2,POSITION,NONE,0,0,0,0,0,0,0,0,0,0,0.4000000000000057,42.7,1.2
7980.90,1780803383234,185.1,184.7,0,0,0,0,2,POSITION,NONE,0,0,0,0,0,0,0,0,0,0,0.4000000000000057,42.7,1.2
7981.20,1780803383235,185.1,184.7,0,0,0,0,2,POSITION,NONE,0,0,0,0,0,0,0,0,0,0,0.4000000000000057,42.7,1.2
7981.60,1780803383235,185.1,184.7,0,0,0,0,2,POSITION,NONE,0,0,0,0,0,0,0,0,0,0,0.4000000000000057,42.7,1.2
7996.30,1780803383250,185.1,184.7,0,0,0,0,2,POSITION,NONE,0,0,0,0,0,0,0,0,0,0,0.4000000000000057,42.7,1.2
7996.90,1780803383250,185.1,184.7,0,0,0,0,2,POSITION,NONE,0,0,0,0,0,0,0,0,0,0,0.4000000000000057,42.7,1.2
8010.90,1780803383264,185.1,184.7,0,0,0,0,2,POSITION,NONE,0,0,0,0,0,0,0,0,0,0,0.4000000000000057,42.7,1.2
8011.30,1780803383265,185.1,184.7,0,0,0,0,2,POSITION,NONE,0,0,0,0,0,0,0,0,0,0,0.4000000000000057,42.7,1.2
8011.50,1780803383265,185.1,184.7,0,0,0,0,2,POSITION,NONE,0,0,0,0,0,0,0,0,0,0,0.4000000000000057,42.7,1.2
8011.80,1780803383265,185.1,184.7,0,0,0,0,2,POSITION,NONE,0,0,0,0,0,0,0,0,0,0,0.4000000000000057,42.7,1.2
8026.20,1780803383280,185.1,184.7,0,0,0,0,2,POSITION,NONE,0,0,0,0,0,0,0,0,0,0,0.4000000000000057,42.7,1.2
8026.50,1780803383280,185.1,184.7,0,0,0,0,2,POSITION,NONE,0,0,0,0,0,0,0,0,0,0,0.4000000000000057,42.7,1.2
8041.30,1780803383295,185.1,184.7,0,0,0,0,2,POSITION,NONE,0,0,0,0,0,0,0,0,0,0,0.4000000000000057,42.7,1.2
8041.50,1780803383295,185.1,184.7,0,0,0,0,2,POSITION,NONE,0,0,0,0,0,0,0,0,0,0,0.4000000000000057,42.7,1.2
8041.80,1780803383295,185.1,184.7,0,0,0,0,2,POSITION,NONE,0,0,0,0,0,0,0,0,0,0,0.4000000000000057,42.7,1.2
8042.00,1780803383295,185.1,184.7,0,0,0,0,2,POSITION,NONE,0,0,0,0,0,0,0,0,0,0,0.4000000000000057,42.7,1.2
8056.70,1780803383310,185.1,184.7,0,0,0,0,2,POSITION,NONE,0,0,0,0,0,0,0,0,0,0,0.4000000000000057,42.7,1.2
8057.10,1780803383310,185.1,184.7,0,0,0,0,2,POSITION,NONE,0,0,0,0,0,0,0,0,0,0,0.4000000000000057,42.7,1.2
8072.60,1780803383326,185.1,184.7,0,0,0,0,2,POSITION,NONE,0,0,0,0,0,0,0,0,0,0,0.4000000000000057,42.7,1.2
8072.80,1780803383326,185.1,184.7,0,0,0,0,2,POSITION,NONE,0,0,0,0,0,0,0,0,0,0,0.4000000000000057,42.7,1.2
8073.10,1780803383326,185.1,184.7,0,0,0,0,2,POSITION,NONE,0,0,0,0,0,0,0,0,0,0,0.4000000000000057,42.7,1.2
8073.50,1780803383327,185.1,184.7,0,0,0,0,2,POSITION,NONE,0,0,0,0,0,0,0,0,0,0,0.4000000000000057,42.7,1.2
8086.80,1780803383340,185.1,184.7,0,0,0,0,2,POSITION,NONE,0,0,0,0,0,0,0,0,0,0,0.4000000000000057,42.7,1.2
8087.30,1780803383341,185.1,184.7,0,0,0,0,2,POSITION,NONE,0,0,0,0,0,0,0,0,0,0,0.4000000000000057,42.7,1.2
8087.80,1780803383341,185.1,184.7,0,0,0,0,2,POSITION,NONE,0,0,0,0,0,0,0,0,0,0,0.4000000000000057,42.7,1.2
8102.80,1780803383356,185.1,184.7,0,0,0,0,2,POSITION,NONE,0,0,0,0,0,0,0,0,0,0,0.4000000000000057,42.7,1.2
8103.10,1780803383356,185.1,184.7,0,0,0,0,2,POSITION,NONE,0,0,0,0,0,0,0,0,0,0,0.4000000000000057,42.7,1.2
8103.30,1780803383357,185.1,184.7,0,0,0,0,2,POSITION,NONE,0,0,0,0,0,0,0,0,0,0,0.4000000000000057,42.7,1.2
8118.50,1780803383372,185.1,184.7,0,0,0,0,2,POSITION,NONE,0,0,0,0,0,0,0,0,0,0,0.4000000000000057,42.7,1.2
8118.80,1780803383372,185.1,184.7,0,0,0,0,2,POSITION,NONE,0,0,0,0,0,0,0,0,0,0,0.4000000000000057,42.7,1.2
8119.10,1780803383372,185.1,184.7,0,0,0,0,2,POSITION,NONE,0,0,0,0,0,0,0,0,0,0,0.4000000000000057,42.7,1.2
8133.60,1780803383387,185.1,184.7,0,0,0,0,2,POSITION,NONE,0,0,0,0,0,0,0,0,0,0,0.4000000000000057,42.7,1.2
8133.90,1780803383387,185.1,184.7,0,0,0,0,2,POSITION,NONE,0,0,0,0,0,0,0,0,0,0,0.4000000000000057,42.7,1.2
8134.20,1780803383387,185.1,184.7,0,0,0,0,2,POSITION,NONE,0,0,0,0,0,0,0,0,0,0,0.4000000000000057,42.7,1.2
8148.90,1780803383402,185.1,184.7,0,0,0,0,2,POSITION,NONE,0,0,0,0,0,0,0,0,0,0,0.4000000000000057,42.7,1.2
8149.40,1780803383403,185.1,184.7,0,0,0,0,2,POSITION,NONE,0,0,0,0,0,0,0,0,0,0,0.4000000000000057,42.7,1.2
8149.70,1780803383403,185.1,184.7,0,0,0,0,2,POSITION,NONE,0,0,0,0,0,0,0,0,0,0,0.4000000000000057,42.7,1.2
8164.30,1780803383418,185.1,184.7,0,0,0,0,2,POSITION,NONE,0,0,0,0,0,0,0,0,0,0,0.4000000000000057,42.7,1.2
8164.70,1780803383418,185.1,184.7,0,0,0,0,2,POSITION,NONE,0,0,0,0,0,0,0,0,0,0,0.4000000000000057,42.7,1.2
8165.00,1780803383418,185.1,184.7,0,0,0,0,2,POSITION,NONE,0,0,0,0,0,0,0,0,0,0,0.4000000000000057,42.7,1.2
8180.50,1780803383434,185.1,184.7,0,0,0,0,2,POSITION,NONE,0,0,0,0,0,0,0,0,0,0,0.4000000000000057,42.7,1.2
8180.90,1780803383434,185.1,184.7,0,0,0,0,2,POSITION,NONE,0,0,0,0,0,0,0,0,0,0,0.4000000000000057,42.7,1.2
8181.30,1780803383435,185.1,184.7,0,0,0,0,2,POSITION,NONE,0,0,0,0,0,0,0,0,0,0,0.4000000000000057,42.7,1.2
8181.70,1780803383435,185.1,184.7,0,0,0,0,2,POSITION,NONE,0,0,0,0,0,0,0,0,0,0,0.4000000000000057,42.7,1.2
8198.00,1780803383451,185.1,184.7,0,0,0,0,2,POSITION,NONE,0,0,0,0,0,0,0,0,0,0,0.4000000000000057,42.7,1.2
8198.20,1780803383452,185.1,184.7,0,0,0,0,2,POSITION,NONE,0,0,0,0,0,0,0,0,0,0,0.4000000000000057,42.7,1.2
8212.70,1780803383466,185.1,184.7,0,0,0,0,2,POSITION,NONE,0,0,0,0,0,0,0,0,0,0,0.4000000000000057,42.7,1.2
8213.30,1780803383467,185.1,184.7,0,0,0,0,2,POSITION,NONE,0,0,0,0,0,0,0,0,0,0,0.4000000000000057,42.7,1.2
8213.60,1780803383467,185.1,184.7,0,0,0,0,2,POSITION,NONE,0,0,0,0,0,0,0,0,0,0,0.4000000000000057,42.7,1.2
8213.80,1780803383467,185.1,184.7,0,0,0,0,2,POSITION,NONE,0,0,0,0,0,0,0,0,0,0,0.4000000000000057,42.7,1.2
8227.20,1780803383480,185.1,184.7,0,0,0,0,2,POSITION,NONE,0,0,0,0,0,0,0,0,0,0,0.4000000000000057,42.7,1.2
8227.50,1780803383481,185.1,184.7,0,0,0,0,2,POSITION,NONE,0,0,0,0,0,0,0,0,0,0,0.4000000000000057,42.7,1.2
8227.70,1780803383481,185.1,184.7,0,0,0,0,2,POSITION,NONE,0,0,0,0,0,0,0,0,0,0,0.4000000000000057,42.7,1.2
8242.80,1780803383496,185.1,184.7,0,0,0,0,2,POSITION,NONE,0,0,0,0,0,0,0,0,0,0,0.4000000000000057,42.7,1.2
8243.20,1780803383496,185.1,184.7,0,0,0,0,2,POSITION,NONE,0,0,0,0,0,0,0,0,0,0,0.4000000000000057,42.7,1.2
8243.50,1780803383497,185.1,184.7,0,0,0,0,2,POSITION,NONE,0,0,0,0,0,0,0,0,0,0,0.4000000000000057,42.7,1.2
8258.00,1780803383511,185.1,184.7,0,0,0,0,2,POSITION,NONE,0,0,0,0,0,0,0,0,0,0,0.4000000000000057,42.7,1.2
8258.40,1780803383512,185.1,184.7,0,0,0,0,2,POSITION,NONE,0,0,0,0,0,0,0,0,0,0,0.4000000000000057,42.7,1.2
8258.80,1780803383512,185.1,184.7,0,0,0,0,2,POSITION,NONE,0,0,0,0,0,0,0,0,0,0,0.4000000000000057,42.7,1.2
8273.60,1780803383527,185.1,184.7,0,0,0,0,2,POSITION,NONE,0,0,0,0,0,0,0,0,0,0,0.4000000000000057,42.7,1.2
8274.00,1780803383527,185.1,184.7,0,0,0,0,2,POSITION,NONE,0,0,0,0,0,0,0,0,0,0,0.4000000000000057,42.7,1.2
8274.20,1780803383527,185.1,184.7,0,0,0,0,2,POSITION,NONE,0,0,0,0,0,0,0,0,0,0,0.4000000000000057,42.7,1.2
8289.80,1780803383543,185.1,184.7,0,0,0,0,2,POSITION,NONE,0,0,0,0,0,0,0,0,0,0,0.4000000000000057,42.7,1.2
8290.20,1780803383543,185.1,184.7,0,0,0,0,2,POSITION,NONE,0,0,0,0,0,0,0,0,0,0,0.4000000000000057,42.7,1.2
8290.50,1780803383544,185.1,184.7,0,0,0,0,2,POSITION,NONE,0,0,0,0,0,0,0,0,0,0,0.4000000000000057,42.7,1.2
8290.90,1780803383544,185.1,184.7,0,0,0,0,2,POSITION,NONE,0,0,0,0,0,0,0,0,0,0,0.4000000000000057,42.7,1.2
8305.70,1780803383559,185.1,184.7,0,0,0,0,2,POSITION,NONE,0,0,0,0,0,0,0,0,0,0,0.4000000000000057,42.7,1.2
8305.90,1780803383559,185.1,184.7,0,0,0,0,2,POSITION,NONE,0,0,0,0,0,0,0,0,0,0,0.4000000000000057,42.7,1.2
8320.60,1780803383574,185.1,184.7,0,0,0,0,2,POSITION,NONE,0,0,0,0,0,0,0,0,0,0,0.4000000000000057,42.7,1.2
8321.60,1780803383575,185.1,184.7,0,0,0,0,2,POSITION,NONE,0,0,0,0,0,0,0,0,0,0,0.4000000000000057,42.7,1.2
8322.20,1780803383575,185.1,184.7,0,0,0,0,2,POSITION,NONE,0,0,0,0,0,0,0,0,0,0,0.4000000000000057,42.7,1.2
8322.70,1780803383576,185.1,184.7,0,0,0,0,2,POSITION,NONE,0,0,0,0,0,0,0,0,0,0,0.4000000000000057,42.7,1.2
8334.90,1780803383588,185.1,184.7,0,0,0,0,2,POSITION,NONE,0,0,0,0,0,0,0,0,0,0,0.4000000000000057,42.7,1.2
8335.20,1780803383589,185.1,184.7,0,0,0,0,2,POSITION,NONE,0,0,0,0,0,0,0,0,0,0,0.4000000000000057,42.7,1.2
8351.00,1780803383604,185.1,184.7,0,0,0,0,2,POSITION,NONE,0,0,0,0,0,0,0,0,0,0,0.4000000000000057,42.7,1.2
8351.40,1780803383605,185.1,184.7,0,0,0,0,2,POSITION,NONE,0,0,0,0,0,0,0,0,0,0,0.4000000000000057,42.7,1.2
8351.70,1780803383605,185.1,184.7,0,0,0,0,2,POSITION,NONE,0,0,0,0,0,0,0,0,0,0,0.4000000000000057,42.7,1.2
8352.10,1780803383605,185.1,184.7,0,0,0,0,2,POSITION,NONE,0,0,0,0,0,0,0,0,0,0,0.4000000000000057,42.7,1.2
8367.60,1780803383621,185.1,184.7,0,0,0,0,2,POSITION,NONE,0,0,0,0,0,0,0,0,0,0,0.4000000000000057,42.7,1.2
8367.90,1780803383621,185.1,184.7,0,0,0,0,2,POSITION,NONE,0,0,0,0,0,0,0,0,0,0,0.4000000000000057,42.7,1.2
8368.30,1780803383622,185.1,184.7,0,0,0,0,2,POSITION,NONE,0,0,0,0,0,0,0,0,0,0,0.4000000000000057,42.7,1.2
8382.50,1780803383636,185.1,184.7,0,0,0,0,2,POSITION,NONE,0,0,0,0,0,0,0,0,0,0,0.4000000000000057,42.7,1.2
8383.00,1780803383636,185.1,184.7,0,0,0,0,2,POSITION,NONE,0,0,0,0,0,0,0,0,0,0,0.4000000000000057,42.7,1.2
8383.50,1780803383637,185.1,184.7,0,0,0,0,2,POSITION,NONE,0,0,0,0,0,0,0,0,0,0,0.4000000000000057,42.7,1.2
8398.70,1780803383652,185.1,184.7,0,0,0,0,2,POSITION,NONE,0,0,0,0,0,0,0,0,0,0,0.4000000000000057,42.7,1.2
8399.40,1780803383653,185.1,184.7,0,0,0,0,2,POSITION,NONE,0,0,0,0,0,0,0,0,0,0,0.4000000000000057,42.7,1.2
8399.90,1780803383653,185.1,184.7,0,0,0,0,2,POSITION,NONE,0,0,0,0,0,0,0,0,0,0,0.4000000000000057,42.7,1.2
8413.50,1780803383667,185.1,184.7,0,0,0,0,2,POSITION,NONE,0,0,0,0,0,0,0,0,0,0,0.4000000000000057,42.7,1.2
8414.00,1780803383667,185.1,184.7,0,0,0,0,2,POSITION,NONE,0,0,0,0,0,0,0,0,0,0,0.4000000000000057,42.7,1.2
8414.40,1780803383668,185.1,184.7,0,0,0,0,2,POSITION,NONE,0,0,0,0,0,0,0,0,0,0,0.4000000000000057,42.7,1.2
8429.80,1780803383683,185.1,184.7,0,0,0,0,2,POSITION,NONE,0,0,0,0,0,0,0,0,0,0,0.4000000000000057,42.7,1.2
8430.30,1780803383684,185.1,184.7,0,0,0,0,2,POSITION,NONE,0,0,0,0,0,0,0,0,0,0,0.4000000000000057,42.7,1.2
8430.70,1780803383684,185.1,184.7,0,0,0,0,2,POSITION,NONE,0,0,0,0,0,0,0,0,0,0,0.4000000000000057,42.7,1.2
8431.00,1780803383684,185.1,184.7,0,0,0,0,2,POSITION,NONE,0,0,0,0,0,0,0,0,0,0,0.4000000000000057,42.7,1.2
8444.40,1780803383698,185.1,184.7,0,0,0,0,2,POSITION,NONE,0,0,0,0,0,0,0,0,0,0,0.4000000000000057,42.7,1.2
8444.90,1780803383698,185.1,184.7,0,0,0,0,2,POSITION,NONE,0,0,0,0,0,0,0,0,0,0,0.4000000000000057,42.7,1.2
8459.90,1780803383713,185.1,184.7,0,0,0,0,2,POSITION,NONE,0,0,0,0,0,0,0,0,0,0,0.4000000000000057,42.7,1.2
8460.20,1780803383713,185.1,184.7,0,0,0,0,2,POSITION,NONE,0,0,0,0,0,0,0,0,0,0,0.4000000000000057,42.7,1.2
8460.50,1780803383714,185.1,184.7,0,0,0,0,2,POSITION,NONE,0,0,0,0,0,0,0,0,0,0,0.4000000000000057,42.7,1.2
8460.70,1780803383714,185.1,184.7,0,0,0,0,2,POSITION,NONE,0,0,0,0,0,0,0,0,0,0,0.4000000000000057,42.7,1.2
8475.20,1780803383728,185.1,184.7,0,0,0,0,2,POSITION,NONE,0,0,0,0,0,0,0,0,0,0,0.4000000000000057,42.7,1.2
8475.60,1780803383729,185.1,184.7,0,0,0,0,2,POSITION,NONE,0,0,0,0,0,0,0,0,0,0,0.4000000000000057,42.7,1.2
8491.80,1780803383745,185.1,184.7,0,0,0,0,2,POSITION,NONE,0,0,0,0,0,0,0,0,0,0,0.4000000000000057,42.7,1.2
8492.30,1780803383746,185.1,184.7,0,0,0,0,2,POSITION,NONE,0,0,0,0,0,0,0,0,0,0,0.4000000000000057,42.7,1.2
8492.60,1780803383746,185.1,184.7,0,0,0,0,2,POSITION,NONE,0,0,0,0,0,0,0,0,0,0,0.4000000000000057,42.7,1.2
8492.80,1780803383746,185.1,184.7,0,0,0,0,2,POSITION,NONE,0,0,0,0,0,0,0,0,0,0,0.4000000000000057,42.7,1.2
8507.30,1780803383761,185.1,184.7,0,0,0,0,2,POSITION,NONE,0,0,0,0,0,0,0,0,0,0,0.4000000000000057,42.7,1.2
8507.60,1780803383761,185.1,184.7,0,0,0,0,2,POSITION,NONE,0,0,0,0,0,0,0,0,0,0,0.4000000000000057,42.7,1.2
8507.90,1780803383761,185.1,184.7,0,0,0,0,2,POSITION,NONE,0,0,0,0,0,0,0,0,0,0,0.4000000000000057,42.7,1.2
8508.10,1780803383761,185.1,184.7,0,0,0,0,2,POSITION,NONE,0,0,0,0,0,0,0,0,0,0,0.4000000000000057,42.7,1.2
8522.40,1780803383776,185.1,184.7,0,0,0,0,2,POSITION,NONE,0,0,0,0,0,0,0,0,0,0,0.4000000000000057,42.7,1.2
8522.70,1780803383776,185.1,184.7,0,0,0,0,2,POSITION,NONE,0,0,0,0,0,0,0,0,0,0,0.4000000000000057,42.7,1.2
8523.00,1780803383776,185.1,184.7,0,0,0,0,2,POSITION,NONE,0,0,0,0,0,0,0,0,0,0,0.4000000000000057,42.7,1.2
8539.20,1780803383792,185.1,184.7,0,0,0,0,2,POSITION,NONE,0,0,0,0,0,0,0,0,0,0,0.4000000000000057,42.7,1.2
8540.10,1780803383793,185.1,184.7,0,0,0,0,2,POSITION,NONE,0,0,0,0,0,0,0,0,0,0,0.4000000000000057,42.7,1.2
8540.40,1780803383794,185.1,184.7,0,0,0,0,2,POSITION,NONE,0,0,0,0,0,0,0,0,0,0,0.4000000000000057,42.7,1.2
8552.10,1780803383805,185.1,184.7,0,0,0,0,2,POSITION,NONE,0,0,0,0,0,0,0,0,0,0,0.4000000000000057,42.7,1.2
8552.30,1780803383806,185.1,184.7,0,0,0,0,2,POSITION,NONE,0,0,0,0,0,0,0,0,0,0,0.4000000000000057,42.7,1.2
8552.70,1780803383806,185.1,184.7,0,0,0,0,2,POSITION,NONE,0,0,0,0,0,0,0,0,0,0,0.4000000000000057,42.7,1.2
8568.20,1780803383822,185.1,184.7,0,0,0,0,2,POSITION,NONE,0,0,0,0,0,0,0,0,0,0,0.4000000000000057,42.7,1.2
8568.50,1780803383822,185.1,184.7,0,0,0,0,2,POSITION,NONE,0,0,0,0,0,0,0,0,0,0,0.4000000000000057,42.7,1.2
8568.80,1780803383822,185.1,184.7,0,0,0,0,2,POSITION,NONE,0,0,0,0,0,0,0,0,0,0,0.4000000000000057,42.7,1.2
8584.50,1780803383838,185.1,184.7,0,0,0,0,2,POSITION,NONE,0,0,0,0,0,0,0,0,0,0,0.4000000000000057,42.7,1.2
8584.80,1780803383838,185.1,184.7,0,0,0,0,2,POSITION,NONE,0,0,0,0,0,0,0,0,0,0,0.4000000000000057,42.7,1.2
8585.00,1780803383838,185.1,184.7,0,0,0,0,2,POSITION,NONE,0,0,0,0,0,0,0,0,0,0,0.4000000000000057,42.7,1.2
8599.30,1780803383853,185.1,184.7,0,0,0,0,2,POSITION,NONE,0,0,0,0,0,0,0,0,0,0,0.4000000000000057,42.7,1.2
8599.60,1780803383853,185.1,184.7,0,0,0,0,2,POSITION,NONE,0,0,0,0,0,0,0,0,0,0,0.4000000000000057,42.7,1.2
8599.80,1780803383853,185.1,184.7,0,0,0,0,2,POSITION,NONE,0,0,0,0,0,0,0,0,0,0,0.4000000000000057,42.7,1.2
8600.20,1780803383853,185.1,184.7,0,0,0,0,2,POSITION,NONE,0,0,0,0,0,0,0,0,0,0,0.4000000000000057,42.7,1.2
8615.20,1780803383868,185.1,184.7,0,0,0,0,2,POSITION,NONE,0,0,0,0,0,0,0,0,0,0,0.4000000000000057,42.7,1.2
8615.70,1780803383869,185.1,184.7,0,0,0,0,2,POSITION,NONE,0,0,0,0,0,0,0,0,0,0,0.4000000000000057,42.7,1.2
8630.40,1780803383884,185.1,184.7,0,0,0,0,2,POSITION,NONE,0,0,0,0,0,0,0,0,0,0,0.4000000000000057,42.7,1.2
8630.80,1780803383884,185.1,184.7,0,0,0,0,2,POSITION,NONE,0,0,0,0,0,0,0,0,0,0,0.4000000000000057,42.7,1.2
8631.10,1780803383884,185.1,184.7,0,0,0,0,2,POSITION,NONE,0,0,0,0,0,0,0,0,0,0,0.4000000000000057,42.7,1.2
8631.40,1780803383885,185.1,184.7,0,0,0,0,2,POSITION,NONE,0,0,0,0,0,0,0,0,0,0,0.4000000000000057,42.7,1.2
8644.80,1780803383898,185.1,184.7,0,0,0,0,2,POSITION,NONE,0,0,0,0,0,0,0,0,0,0,0.4000000000000057,42.7,1.2
8645.40,1780803383899,185.1,184.7,0,0,0,0,2,POSITION,NONE,0,0,0,0,0,0,0,0,0,0,0.4000000000000057,42.7,1.2
8660.00,1780803383913,185.1,184.7,0,0,0,0,2,POSITION,NONE,0,0,0,0,0,0,0,0,0,0,0.4000000000000057,42.7,1.2
8660.30,1780803383914,185.1,184.7,0,0,0,0,2,POSITION,NONE,0,0,0,0,0,0,0,0,0,0,0.4000000000000057,42.7,1.2
8660.50,1780803383914,185.1,184.7,0,0,0,0,2,POSITION,NONE,0,0,0,0,0,0,0,0,0,0,0.4000000000000057,42.7,1.2
8660.80,1780803383914,185.1,184.7,0,0,0,0,2,POSITION,NONE,0,0,0,0,0,0,0,0,0,0,0.4000000000000057,42.7,1.2
8675.70,1780803383929,185.1,184.7,0,0,0,0,2,POSITION,NONE,0,0,0,0,0,0,0,0,0,0,0.4000000000000057,42.7,1.2
8676.10,1780803383929,185.1,184.7,0,0,0,0,2,POSITION,NONE,0,0,0,0,0,0,0,0,0,0,0.4000000000000057,42.7,1.2
8690.30,1780803383944,185.1,184.7,0,0,0,0,2,POSITION,NONE,0,0,0,0,0,0,0,0,0,0,0.4000000000000057,42.7,1.2
8690.60,1780803383944,185.1,184.7,0,0,0,0,2,POSITION,NONE,0,0,0,0,0,0,0,0,0,0,0.4000000000000057,42.7,1.2
8690.80,1780803383944,185.1,184.7,0,0,0,0,2,POSITION,NONE,0,0,0,0,0,0,0,0,0,0,0.4000000000000057,42.7,1.2
8691.10,1780803383944,185.1,184.7,0,0,0,0,2,POSITION,NONE,0,0,0,0,0,0,0,0,0,0,0.4000000000000057,42.7,1.2
8705.80,1780803383959,185.1,184.7,0,0,0,0,2,POSITION,NONE,0,0,0,0,0,0,0,0,0,0,0.4000000000000057,42.7,1.2
8706.40,1780803383960,185.1,184.7,0,0,0,0,2,POSITION,NONE,0,0,0,0,0,0,0,0,0,0,0.4000000000000057,42.7,1.2
8721.70,1780803383975,185.1,184.7,0,0,0,0,2,POSITION,NONE,0,0,0,0,0,0,0,0,0,0,0.4000000000000057,42.7,1.2
8722.10,1780803383975,185.1,184.7,0,0,0,0,2,POSITION,NONE,0,0,0,0,0,0,0,0,0,0,0.4000000000000057,42.7,1.2
8722.60,1780803383976,185.1,184.7,0,0,0,0,2,POSITION,NONE,0,0,0,0,0,0,0,0,0,0,0.4000000000000057,42.7,1.2
8722.90,1780803383976,185.1,184.7,0,0,0,0,2,POSITION,NONE,0,0,0,0,0,0,0,0,0,0,0.4000000000000057,42.7,1.2
8738.20,1780803383991,185.1,184.7,0,0,0,0,2,POSITION,NONE,0,0,0,0,0,0,0,0,0,0,0.4000000000000057,42.7,1.2
8738.50,1780803383992,185.1,184.7,0,0,0,0,2,POSITION,NONE,0,0,0,0,0,0,0,0,0,0,0.4000000000000057,42.7,1.2
8738.70,1780803383992,185.1,184.7,0,0,0,0,2,POSITION,NONE,0,0,0,0,0,0,0,0,0,0,0.4000000000000057,42.7,1.2
8752.50,1780803384006,185.1,184.7,0,0,0,0,2,POSITION,NONE,0,0,0,0,0,0,0,0,0,0,0.4000000000000057,42.7,1.2
8753.40,1780803384007,185.1,184.7,0,0,0,0,2,POSITION,NONE,0,0,0,0,0,0,0,0,0,0,0.4000000000000057,42.7,1.2
8753.90,1780803384007,185.1,184.7,0,0,0,0,2,POSITION,NONE,0,0,0,0,0,0,0,0,0,0,0.4000000000000057,42.7,1.2
8768.40,1780803384022,185.1,184.7,0,0,0,0,2,POSITION,NONE,0,0,0,0,0,0,0,0,0,0,0.4000000000000057,42.7,1.2
8768.60,1780803384022,185.1,184.7,0,0,0,0,2,POSITION,NONE,0,0,0,0,0,0,0,0,0,0,0.4000000000000057,42.7,1.2
8768.80,1780803384022,185.1,184.7,0,0,0,0,2,POSITION,NONE,0,0,0,0,0,0,0,0,0,0,0.4000000000000057,42.7,1.2
8769.30,1780803384023,185.1,184.7,0,0,0,0,2,POSITION,NONE,0,0,0,0,0,0,0,0,0,0,0.4000000000000057,42.7,1.2
8784.70,1780803384038,185.1,184.7,0,0,0,0,2,POSITION,NONE,0,0,0,0,0,0,0,0,0,0,0.4000000000000057,42.7,1.2
8785.30,1780803384039,185.1,184.7,0,0,0,0,2,POSITION,NONE,0,0,0,0,0,0,0,0,0,0,0.4000000000000057,42.7,1.2
8798.70,1780803384052,185.1,184.7,0,0,0,0,2,POSITION,NONE,0,0,0,0,0,0,0,0,0,0,0.4000000000000057,42.7,1.2
8799.10,1780803384052,185.1,184.7,0,0,0,0,2,POSITION,NONE,0,0,0,0,0,0,0,0,0,0,0.4000000000000057,42.7,1.2
8799.40,1780803384053,185.1,184.7,0,0,0,0,2,POSITION,NONE,0,0,0,0,0,0,0,0,0,0,0.4000000000000057,42.7,1.2
8799.50,1780803384053,185.1,184.7,0,0,0,0,2,POSITION,NONE,0,0,0,0,0,0,0,0,0,0,0.4000000000000057,42.7,1.2
8815.50,1780803384069,185.1,184.7,0,0,0,0,2,POSITION,NONE,0,0,0,0,0,0,0,0,0,0,0.4000000000000057,42.7,1.2
8816.10,1780803384069,185.1,184.7,0,0,0,0,2,POSITION,NONE,0,0,0,0,0,0,0,0,0,0,0.4000000000000057,42.7,1.2
8830.80,1780803384084,185.1,184.7,0,0,0,0,2,POSITION,NONE,0,0,0,0,0,0,0,0,0,0,0.4000000000000057,42.7,1.2
8831.40,1780803384085,185.1,184.7,0,0,0,0,2,POSITION,NONE,0,0,0,0,0,0,0,0,0,0,0.4000000000000057,42.7,1.2
8831.70,1780803384085,185.1,184.7,0,0,0,0,2,POSITION,NONE,0,0,0,0,0,0,0,0,0,0,0.4000000000000057,42.7,1.2
8831.90,1780803384085,185.1,184.7,0,0,0,0,2,POSITION,NONE,0,0,0,0,0,0,0,0,0,0,0.4000000000000057,42.7,1.2
